image,video,source_frame,next_interval,video_frames
k2_k6_f1_f3_f4_d455_color_20260920_163611_219286_frame_000000_src_000002_000000067ms_int7.jpg,k2_k6_f1_f3_f4_d455_color_20260920_163611_219286.mp4,2,7,1342
k2_k6_f1_f3_f4_d455_color_20260920_163611_219286_frame_000001_src_000009_000000300ms_int5.jpg,k2_k6_f1_f3_f4_d455_color_20260920_163611_219286.mp4,9,5,1342
k2_k6_f1_f3_f4_d455_color_20260920_163611_219286_frame_000002_src_000014_000000467ms_int8.jpg,k2_k6_f1_f3_f4_d455_color_20260920_163611_219286.mp4,14,8,1342
k2_k6_f1_f3_f4_d455_color_20260920_163611_219286_frame_000003_src_000022_000000733ms_int8.jpg,k2_k6_f1_f3_f4_d455_color_20260920_163611_219286.mp4,22,8,1342
k2_k6_f1_f3_f4_d455_color_20260920_163611_219286_frame_000004_src_000030_000001000ms_int7.jpg,k2_k6_f1_f3_f4_d455_color_20260920_163611_219286.mp4,30,7,1342
k2_k6_f1_f3_f4_d455_color_20260920_163611_219286_frame_000005_src_000037_000001233ms_int5.jpg,k2_k6_f1_f3_f4_d455_color_20260920_163611_219286.mp4,37,5,1342
k2_k6_f1_f3_f4_d455_color_20260920_163611_219286_frame_000006_src_000042_000001400ms_int8.jpg,k2_k6_f1_f3_f4_d455_color_20260920_163611_219286.mp4,42,8,1342
k2_k6_f1_f3_f4_d455_color_20260920_163611_219286_frame_000007_src_000050_000001667ms_int7.jpg,k2_k6_f1_f3_f4_d455_color_20260920_163611_219286.mp4,50,7,1342
k2_k6_f1_f3_f4_d455_color_20260920_163611_219286_frame_000008_src_000057_000001900ms_int3.jpg,k2_k6_f1_f3_f4_d455_color_20260920_163611_219286.mp4,57,3,1342
k2_k6_f1_f3_f4_d455_color_20260920_163611_219286_frame_000009_src_000060_000002000ms_int5.jpg,k2_k6_f1_f3_f4_d455_color_20260920_163611_219286.mp4,60,5,1342
k2_k6_f1_f3_f4_d455_color_20260920_163611_219286_frame_000010_src_000065_000002167ms_int7.jpg,k2_k6_f1_f3_f4_d455_color_20260920_163611_219286.mp4,65,7,1342
k2_k6_f1_f3_f4_d455_color_20260920_163611_219286_frame_000011_src_000072_000002400ms_int10.jpg,k2_k6_f1_f3_f4_d455_color_20260920_163611_219286.mp4,72,10,1342
k2_k6_f1_f3_f4_d455_color_20260920_163611_219286_frame_000012_src_000082_000002733ms_int8.jpg,k2_k6_f1_f3_f4_d455_color_20260920_163611_219286.mp4,82,8,1342
k2_k6_f1_f3_f4_d455_color_20260920_163611_219286_frame_000013_src_000090_000003000ms_int8.jpg,k2_k6_f1_f3_f4_d455_color_20260920_163611_219286.mp4,90,8,1342
k2_k6_f1_f3_f4_d455_color_20260920_163611_219286_frame_000014_src_000098_000003267ms_int3.jpg,k2_k6_f1_f3_f4_d455_color_20260920_163611_219286.mp4,98,3,1342
k2_k6_f1_f3_f4_d455_color_20260920_163611_219286_frame_000015_src_000101_000003367ms_int3.jpg,k2_k6_f1_f3_f4_d455_color_20260920_163611_219286.mp4,101,3,1342
k2_k6_f1_f3_f4_d455_color_20260920_163611_219286_frame_000016_src_000104_000003467ms_int5.jpg,k2_k6_f1_f3_f4_d455_color_20260920_163611_219286.mp4,104,5,1342
k2_k6_f1_f3_f4_d455_color_20260920_163611_219286_frame_000017_src_000109_000003633ms_int7.jpg,k2_k6_f1_f3_f4_d455_color_20260920_163611_219286.mp4,109,7,1342
k2_k6_f1_f3_f4_d455_color_20260920_163611_219286_frame_000018_src_000116_000003867ms_int8.jpg,k2_k6_f1_f3_f4_d455_color_20260920_163611_219286.mp4,116,8,1342
k2_k6_f1_f3_f4_d455_color_20260920_163611_219286_frame_000019_src_000124_000004133ms_int5.jpg,k2_k6_f1_f3_f4_d455_color_20260920_163611_219286.mp4,124,5,1342
k2_k6_f1_f3_f4_d455_color_20260920_163611_219286_frame_000020_src_000129_000004300ms_int8.jpg,k2_k6_f1_f3_f4_d455_color_20260920_163611_219286.mp4,129,8,1342
k2_k6_f1_f3_f4_d455_color_20260920_163611_219286_frame_000021_src_000137_000004567ms_int8.jpg,k2_k6_f1_f3_f4_d455_color_20260920_163611_219286.mp4,137,8,1342
k2_k6_f1_f3_f4_d455_color_20260920_163611_219286_frame_000022_src_000145_000004833ms_int8.jpg,k2_k6_f1_f3_f4_d455_color_20260920_163611_219286.mp4,145,8,1342
k2_k6_f1_f3_f4_d455_color_20260920_163611_219286_frame_000023_src_000153_000005100ms_int10.jpg,k2_k6_f1_f3_f4_d455_color_20260920_163611_219286.mp4,153,10,1342
k2_k6_f1_f3_f4_d455_color_20260920_163611_219286_frame_000024_src_000163_000005433ms_int5.jpg,k2_k6_f1_f3_f4_d455_color_20260920_163611_219286.mp4,163,5,1342
k2_k6_f1_f3_f4_d455_color_20260920_163611_219286_frame_000025_src_000168_000005600ms_int7.jpg,k2_k6_f1_f3_f4_d455_color_20260920_163611_219286.mp4,168,7,1342
k2_k6_f1_f3_f4_d455_color_20260920_163611_219286_frame_000026_src_000175_000005833ms_int10.jpg,k2_k6_f1_f3_f4_d455_color_20260920_163611_219286.mp4,175,10,1342
k2_k6_f1_f3_f4_d455_color_20260920_163611_219286_frame_000027_src_000185_000006167ms_int8.jpg,k2_k6_f1_f3_f4_d455_color_20260920_163611_219286.mp4,185,8,1342
k2_k6_f1_f3_f4_d455_color_20260920_163611_219286_frame_000028_src_000193_000006433ms_int7.jpg,k2_k6_f1_f3_f4_d455_color_20260920_163611_219286.mp4,193,7,1342
k2_k6_f1_f3_f4_d455_color_20260920_163611_219286_frame_000029_src_000200_000006667ms_int8.jpg,k2_k6_f1_f3_f4_d455_color_20260920_163611_219286.mp4,200,8,1342
k2_k6_f1_f3_f4_d455_color_20260920_163611_219286_frame_000030_src_000208_000006933ms_int5.jpg,k2_k6_f1_f3_f4_d455_color_20260920_163611_219286.mp4,208,5,1342
k2_k6_f1_f3_f4_d455_color_20260920_163611_219286_frame_000031_src_000213_000007100ms_int10.jpg,k2_k6_f1_f3_f4_d455_color_20260920_163611_219286.mp4,213,10,1342
k2_k6_f1_f3_f4_d455_color_20260920_163611_219286_frame_000032_src_000223_000007433ms_int8.jpg,k2_k6_f1_f3_f4_d455_color_20260920_163611_219286.mp4,223,8,1342
k2_k6_f1_f3_f4_d455_color_20260920_163611_219286_frame_000033_src_000231_000007700ms_int10.jpg,k2_k6_f1_f3_f4_d455_color_20260920_163611_219286.mp4,231,10,1342
k2_k6_f1_f3_f4_d455_color_20260920_163611_219286_frame_000034_src_000241_000008033ms_int5.jpg,k2_k6_f1_f3_f4_d455_color_20260920_163611_219286.mp4,241,5,1342
k2_k6_f1_f3_f4_d455_color_20260920_163611_219286_frame_000035_src_000246_000008200ms_int3.jpg,k2_k6_f1_f3_f4_d455_color_20260920_163611_219286.mp4,246,3,1342
k2_k6_f1_f3_f4_d455_color_20260920_163611_219286_frame_000036_src_000249_000008300ms_int5.jpg,k2_k6_f1_f3_f4_d455_color_20260920_163611_219286.mp4,249,5,1342
k2_k6_f1_f3_f4_d455_color_20260920_163611_219286_frame_000037_src_000254_000008467ms_int7.jpg,k2_k6_f1_f3_f4_d455_color_20260920_163611_219286.mp4,254,7,1342
k2_k6_f1_f3_f4_d455_color_20260920_163611_219286_frame_000038_src_000261_000008700ms_int8.jpg,k2_k6_f1_f3_f4_d455_color_20260920_163611_219286.mp4,261,8,1342
k2_k6_f1_f3_f4_d455_color_20260920_163611_219286_frame_000039_src_000269_000008967ms_int10.jpg,k2_k6_f1_f3_f4_d455_color_20260920_163611_219286.mp4,269,10,1342
k2_k6_f1_f3_f4_d455_color_20260920_163611_219286_frame_000040_src_000279_000009300ms_int10.jpg,k2_k6_f1_f3_f4_d455_color_20260920_163611_219286.mp4,279,10,1342
k2_k6_f1_f3_f4_d455_color_20260920_163611_219286_frame_000041_src_000289_000009633ms_int10.jpg,k2_k6_f1_f3_f4_d455_color_20260920_163611_219286.mp4,289,10,1342
k2_k6_f1_f3_f4_d455_color_20260920_163611_219286_frame_000042_src_000299_000009967ms_int3.jpg,k2_k6_f1_f3_f4_d455_color_20260920_163611_219286.mp4,299,3,1342
k2_k6_f1_f3_f4_d455_color_20260920_163611_219286_frame_000043_src_000302_000010067ms_int7.jpg,k2_k6_f1_f3_f4_d455_color_20260920_163611_219286.mp4,302,7,1342
k2_k6_f1_f3_f4_d455_color_20260920_163611_219286_frame_000044_src_000309_000010300ms_int7.jpg,k2_k6_f1_f3_f4_d455_color_20260920_163611_219286.mp4,309,7,1342
k2_k6_f1_f3_f4_d455_color_20260920_163611_219286_frame_000045_src_000316_000010533ms_int5.jpg,k2_k6_f1_f3_f4_d455_color_20260920_163611_219286.mp4,316,5,1342
k2_k6_f1_f3_f4_d455_color_20260920_163611_219286_frame_000046_src_000321_000010700ms_int5.jpg,k2_k6_f1_f3_f4_d455_color_20260920_163611_219286.mp4,321,5,1342
k2_k6_f1_f3_f4_d455_color_20260920_163611_219286_frame_000047_src_000326_000010867ms_int5.jpg,k2_k6_f1_f3_f4_d455_color_20260920_163611_219286.mp4,326,5,1342
k2_k6_f1_f3_f4_d455_color_20260920_163611_219286_frame_000048_src_000331_000011033ms_int7.jpg,k2_k6_f1_f3_f4_d455_color_20260920_163611_219286.mp4,331,7,1342
k2_k6_f1_f3_f4_d455_color_20260920_163611_219286_frame_000049_src_000338_000011267ms_int5.jpg,k2_k6_f1_f3_f4_d455_color_20260920_163611_219286.mp4,338,5,1342
k2_k6_f1_f3_f4_d455_color_20260920_163611_219286_frame_000050_src_000343_000011433ms_int5.jpg,k2_k6_f1_f3_f4_d455_color_20260920_163611_219286.mp4,343,5,1342
k2_k6_f1_f3_f4_d455_color_20260920_163611_219286_frame_000051_src_000348_000011600ms_int3.jpg,k2_k6_f1_f3_f4_d455_color_20260920_163611_219286.mp4,348,3,1342
k2_k6_f1_f3_f4_d455_color_20260920_163611_219286_frame_000052_src_000351_000011700ms_int5.jpg,k2_k6_f1_f3_f4_d455_color_20260920_163611_219286.mp4,351,5,1342
k2_k6_f1_f3_f4_d455_color_20260920_163611_219286_frame_000053_src_000356_000011867ms_int10.jpg,k2_k6_f1_f3_f4_d455_color_20260920_163611_219286.mp4,356,10,1342
k2_k6_f1_f3_f4_d455_color_20260920_163611_219286_frame_000054_src_000366_000012200ms_int7.jpg,k2_k6_f1_f3_f4_d455_color_20260920_163611_219286.mp4,366,7,1342
k2_k6_f1_f3_f4_d455_color_20260920_163611_219286_frame_000055_src_000373_000012433ms_int3.jpg,k2_k6_f1_f3_f4_d455_color_20260920_163611_219286.mp4,373,3,1342
k2_k6_f1_f3_f4_d455_color_20260920_163611_219286_frame_000056_src_000376_000012533ms_int3.jpg,k2_k6_f1_f3_f4_d455_color_20260920_163611_219286.mp4,376,3,1342
k2_k6_f1_f3_f4_d455_color_20260920_163611_219286_frame_000057_src_000379_000012633ms_int8.jpg,k2_k6_f1_f3_f4_d455_color_20260920_163611_219286.mp4,379,8,1342
k2_k6_f1_f3_f4_d455_color_20260920_163611_219286_frame_000058_src_000387_000012900ms_int3.jpg,k2_k6_f1_f3_f4_d455_color_20260920_163611_219286.mp4,387,3,1342
k2_k6_f1_f3_f4_d455_color_20260920_163611_219286_frame_000059_src_000390_000013000ms_int8.jpg,k2_k6_f1_f3_f4_d455_color_20260920_163611_219286.mp4,390,8,1342
k2_k6_f1_f3_f4_d455_color_20260920_163611_219286_frame_000060_src_000398_000013267ms_int7.jpg,k2_k6_f1_f3_f4_d455_color_20260920_163611_219286.mp4,398,7,1342
k2_k6_f1_f3_f4_d455_color_20260920_163611_219286_frame_000061_src_000405_000013500ms_int8.jpg,k2_k6_f1_f3_f4_d455_color_20260920_163611_219286.mp4,405,8,1342
k2_k6_f1_f3_f4_d455_color_20260920_163611_219286_frame_000062_src_000413_000013767ms_int8.jpg,k2_k6_f1_f3_f4_d455_color_20260920_163611_219286.mp4,413,8,1342
k2_k6_f1_f3_f4_d455_color_20260920_163611_219286_frame_000063_src_000421_000014033ms_int3.jpg,k2_k6_f1_f3_f4_d455_color_20260920_163611_219286.mp4,421,3,1342
k2_k6_f1_f3_f4_d455_color_20260920_163611_219286_frame_000064_src_000424_000014133ms_int10.jpg,k2_k6_f1_f3_f4_d455_color_20260920_163611_219286.mp4,424,10,1342
k2_k6_f1_f3_f4_d455_color_20260920_163611_219286_frame_000065_src_000434_000014467ms_int8.jpg,k2_k6_f1_f3_f4_d455_color_20260920_163611_219286.mp4,434,8,1342
k2_k6_f1_f3_f4_d455_color_20260920_163611_219286_frame_000066_src_000442_000014733ms_int10.jpg,k2_k6_f1_f3_f4_d455_color_20260920_163611_219286.mp4,442,10,1342
k2_k6_f1_f3_f4_d455_color_20260920_163611_219286_frame_000067_src_000452_000015067ms_int8.jpg,k2_k6_f1_f3_f4_d455_color_20260920_163611_219286.mp4,452,8,1342
k2_k6_f1_f3_f4_d455_color_20260920_163611_219286_frame_000068_src_000460_000015333ms_int7.jpg,k2_k6_f1_f3_f4_d455_color_20260920_163611_219286.mp4,460,7,1342
k2_k6_f1_f3_f4_d455_color_20260920_163611_219286_frame_000069_src_000467_000015567ms_int10.jpg,k2_k6_f1_f3_f4_d455_color_20260920_163611_219286.mp4,467,10,1342
k2_k6_f1_f3_f4_d455_color_20260920_163611_219286_frame_000070_src_000477_000015900ms_int5.jpg,k2_k6_f1_f3_f4_d455_color_20260920_163611_219286.mp4,477,5,1342
k2_k6_f1_f3_f4_d455_color_20260920_163611_219286_frame_000071_src_000482_000016067ms_int8.jpg,k2_k6_f1_f3_f4_d455_color_20260920_163611_219286.mp4,482,8,1342
k2_k6_f1_f3_f4_d455_color_20260920_163611_219286_frame_000072_src_000490_000016333ms_int3.jpg,k2_k6_f1_f3_f4_d455_color_20260920_163611_219286.mp4,490,3,1342
k2_k6_f1_f3_f4_d455_color_20260920_163611_219286_frame_000073_src_000493_000016433ms_int7.jpg,k2_k6_f1_f3_f4_d455_color_20260920_163611_219286.mp4,493,7,1342
k2_k6_f1_f3_f4_d455_color_20260920_163611_219286_frame_000074_src_000500_000016667ms_int3.jpg,k2_k6_f1_f3_f4_d455_color_20260920_163611_219286.mp4,500,3,1342
k2_k6_f1_f3_f4_d455_color_20260920_163611_219286_frame_000075_src_000503_000016767ms_int5.jpg,k2_k6_f1_f3_f4_d455_color_20260920_163611_219286.mp4,503,5,1342
k2_k6_f1_f3_f4_d455_color_20260920_163611_219286_frame_000076_src_000508_000016933ms_int8.jpg,k2_k6_f1_f3_f4_d455_color_20260920_163611_219286.mp4,508,8,1342
k2_k6_f1_f3_f4_d455_color_20260920_163611_219286_frame_000077_src_000516_000017200ms_int5.jpg,k2_k6_f1_f3_f4_d455_color_20260920_163611_219286.mp4,516,5,1342
k2_k6_f1_f3_f4_d455_color_20260920_163611_219286_frame_000078_src_000521_000017367ms_int8.jpg,k2_k6_f1_f3_f4_d455_color_20260920_163611_219286.mp4,521,8,1342
k2_k6_f1_f3_f4_d455_color_20260920_163611_219286_frame_000079_src_000529_000017633ms_int7.jpg,k2_k6_f1_f3_f4_d455_color_20260920_163611_219286.mp4,529,7,1342
k2_k6_f1_f3_f4_d455_color_20260920_163611_219286_frame_000080_src_000536_000017867ms_int8.jpg,k2_k6_f1_f3_f4_d455_color_20260920_163611_219286.mp4,536,8,1342
k2_k6_f1_f3_f4_d455_color_20260920_163611_219286_frame_000081_src_000544_000018133ms_int3.jpg,k2_k6_f1_f3_f4_d455_color_20260920_163611_219286.mp4,544,3,1342
k2_k6_f1_f3_f4_d455_color_20260920_163611_219286_frame_000082_src_000547_000018233ms_int10.jpg,k2_k6_f1_f3_f4_d455_color_20260920_163611_219286.mp4,547,10,1342
k2_k6_f1_f3_f4_d455_color_20260920_163611_219286_frame_000083_src_000557_000018567ms_int7.jpg,k2_k6_f1_f3_f4_d455_color_20260920_163611_219286.mp4,557,7,1342
k2_k6_f1_f3_f4_d455_color_20260920_163611_219286_frame_000084_src_000564_000018800ms_int8.jpg,k2_k6_f1_f3_f4_d455_color_20260920_163611_219286.mp4,564,8,1342
k2_k6_f1_f3_f4_d455_color_20260920_163611_219286_frame_000085_src_000572_000019067ms_int3.jpg,k2_k6_f1_f3_f4_d455_color_20260920_163611_219286.mp4,572,3,1342
k2_k6_f1_f3_f4_d455_color_20260920_163611_219286_frame_000086_src_000575_000019167ms_int7.jpg,k2_k6_f1_f3_f4_d455_color_20260920_163611_219286.mp4,575,7,1342
k2_k6_f1_f3_f4_d455_color_20260920_163611_219286_frame_000087_src_000582_000019400ms_int5.jpg,k2_k6_f1_f3_f4_d455_color_20260920_163611_219286.mp4,582,5,1342
k2_k6_f1_f3_f4_d455_color_20260920_163611_219286_frame_000088_src_000587_000019567ms_int10.jpg,k2_k6_f1_f3_f4_d455_color_20260920_163611_219286.mp4,587,10,1342
k2_k6_f1_f3_f4_d455_color_20260920_163611_219286_frame_000089_src_000597_000019900ms_int7.jpg,k2_k6_f1_f3_f4_d455_color_20260920_163611_219286.mp4,597,7,1342
k2_k6_f1_f3_f4_d455_color_20260920_163611_219286_frame_000090_src_000604_000020133ms_int3.jpg,k2_k6_f1_f3_f4_d455_color_20260920_163611_219286.mp4,604,3,1342
k2_k6_f1_f3_f4_d455_color_20260920_163611_219286_frame_000091_src_000607_000020233ms_int3.jpg,k2_k6_f1_f3_f4_d455_color_20260920_163611_219286.mp4,607,3,1342
k2_k6_f1_f3_f4_d455_color_20260920_163611_219286_frame_000092_src_000610_000020333ms_int8.jpg,k2_k6_f1_f3_f4_d455_color_20260920_163611_219286.mp4,610,8,1342
k2_k6_f1_f3_f4_d455_color_20260920_163611_219286_frame_000093_src_000618_000020600ms_int7.jpg,k2_k6_f1_f3_f4_d455_color_20260920_163611_219286.mp4,618,7,1342
k2_k6_f1_f3_f4_d455_color_20260920_163611_219286_frame_000094_src_000625_000020833ms_int7.jpg,k2_k6_f1_f3_f4_d455_color_20260920_163611_219286.mp4,625,7,1342
k2_k6_f1_f3_f4_d455_color_20260920_163611_219286_frame_000095_src_000632_000021067ms_int8.jpg,k2_k6_f1_f3_f4_d455_color_20260920_163611_219286.mp4,632,8,1342
k2_k6_f1_f3_f4_d455_color_20260920_163611_219286_frame_000096_src_000640_000021333ms_int3.jpg,k2_k6_f1_f3_f4_d455_color_20260920_163611_219286.mp4,640,3,1342
k2_k6_f1_f3_f4_d455_color_20260920_163611_219286_frame_000097_src_000643_000021433ms_int10.jpg,k2_k6_f1_f3_f4_d455_color_20260920_163611_219286.mp4,643,10,1342
k2_k6_f1_f3_f4_d455_color_20260920_163611_219286_frame_000098_src_000653_000021767ms_int3.jpg,k2_k6_f1_f3_f4_d455_color_20260920_163611_219286.mp4,653,3,1342
k2_k6_f1_f3_f4_d455_color_20260920_163611_219286_frame_000099_src_000656_000021867ms_int5.jpg,k2_k6_f1_f3_f4_d455_color_20260920_163611_219286.mp4,656,5,1342
k2_k6_f1_f3_f4_d455_color_20260920_163611_219286_frame_000100_src_000661_000022033ms_int10.jpg,k2_k6_f1_f3_f4_d455_color_20260920_163611_219286.mp4,661,10,1342
k2_k6_f1_f3_f4_d455_color_20260920_163611_219286_frame_000101_src_000671_000022367ms_int7.jpg,k2_k6_f1_f3_f4_d455_color_20260920_163611_219286.mp4,671,7,1342
k2_k6_f1_f3_f4_d455_color_20260920_163611_219286_frame_000102_src_000678_000022600ms_int5.jpg,k2_k6_f1_f3_f4_d455_color_20260920_163611_219286.mp4,678,5,1342
k2_k6_f1_f3_f4_d455_color_20260920_163611_219286_frame_000103_src_000683_000022767ms_int8.jpg,k2_k6_f1_f3_f4_d455_color_20260920_163611_219286.mp4,683,8,1342
k2_k6_f1_f3_f4_d455_color_20260920_163611_219286_frame_000104_src_000691_000023033ms_int7.jpg,k2_k6_f1_f3_f4_d455_color_20260920_163611_219286.mp4,691,7,1342
k2_k6_f1_f3_f4_d455_color_20260920_163611_219286_frame_000105_src_000698_000023267ms_int7.jpg,k2_k6_f1_f3_f4_d455_color_20260920_163611_219286.mp4,698,7,1342
k2_k6_f1_f3_f4_d455_color_20260920_163611_219286_frame_000106_src_000705_000023500ms_int5.jpg,k2_k6_f1_f3_f4_d455_color_20260920_163611_219286.mp4,705,5,1342
k2_k6_f1_f3_f4_d455_color_20260920_163611_219286_frame_000107_src_000710_000023667ms_int3.jpg,k2_k6_f1_f3_f4_d455_color_20260920_163611_219286.mp4,710,3,1342
k2_k6_f1_f3_f4_d455_color_20260920_163611_219286_frame_000108_src_000713_000023767ms_int8.jpg,k2_k6_f1_f3_f4_d455_color_20260920_163611_219286.mp4,713,8,1342
k2_k6_f1_f3_f4_d455_color_20260920_163611_219286_frame_000109_src_000721_000024033ms_int5.jpg,k2_k6_f1_f3_f4_d455_color_20260920_163611_219286.mp4,721,5,1342
k2_k6_f1_f3_f4_d455_color_20260920_163611_219286_frame_000110_src_000726_000024200ms_int7.jpg,k2_k6_f1_f3_f4_d455_color_20260920_163611_219286.mp4,726,7,1342
k2_k6_f1_f3_f4_d455_color_20260920_163611_219286_frame_000111_src_000733_000024433ms_int8.jpg,k2_k6_f1_f3_f4_d455_color_20260920_163611_219286.mp4,733,8,1342
k2_k6_f1_f3_f4_d455_color_20260920_163611_219286_frame_000112_src_000741_000024700ms_int3.jpg,k2_k6_f1_f3_f4_d455_color_20260920_163611_219286.mp4,741,3,1342
k2_k6_f1_f3_f4_d455_color_20260920_163611_219286_frame_000113_src_000744_000024800ms_int8.jpg,k2_k6_f1_f3_f4_d455_color_20260920_163611_219286.mp4,744,8,1342
k2_k6_f1_f3_f4_d455_color_20260920_163611_219286_frame_000114_src_000752_000025067ms_int7.jpg,k2_k6_f1_f3_f4_d455_color_20260920_163611_219286.mp4,752,7,1342
k2_k6_f1_f3_f4_d455_color_20260920_163611_219286_frame_000115_src_000759_000025300ms_int3.jpg,k2_k6_f1_f3_f4_d455_color_20260920_163611_219286.mp4,759,3,1342
k2_k6_f1_f3_f4_d455_color_20260920_163611_219286_frame_000116_src_000762_000025400ms_int10.jpg,k2_k6_f1_f3_f4_d455_color_20260920_163611_219286.mp4,762,10,1342
k2_k6_f1_f3_f4_d455_color_20260920_163611_219286_frame_000117_src_000772_000025733ms_int7.jpg,k2_k6_f1_f3_f4_d455_color_20260920_163611_219286.mp4,772,7,1342
k2_k6_f1_f3_f4_d455_color_20260920_163611_219286_frame_000118_src_000779_000025967ms_int3.jpg,k2_k6_f1_f3_f4_d455_color_20260920_163611_219286.mp4,779,3,1342
k2_k6_f1_f3_f4_d455_color_20260920_163611_219286_frame_000119_src_000782_000026067ms_int3.jpg,k2_k6_f1_f3_f4_d455_color_20260920_163611_219286.mp4,782,3,1342
k2_k6_f1_f3_f4_d455_color_20260920_163611_219286_frame_000120_src_000785_000026167ms_int7.jpg,k2_k6_f1_f3_f4_d455_color_20260920_163611_219286.mp4,785,7,1342
k2_k6_f1_f3_f4_d455_color_20260920_163611_219286_frame_000121_src_000792_000026400ms_int3.jpg,k2_k6_f1_f3_f4_d455_color_20260920_163611_219286.mp4,792,3,1342
k2_k6_f1_f3_f4_d455_color_20260920_163611_219286_frame_000122_src_000795_000026500ms_int3.jpg,k2_k6_f1_f3_f4_d455_color_20260920_163611_219286.mp4,795,3,1342
k2_k6_f1_f3_f4_d455_color_20260920_163611_219286_frame_000123_src_000798_000026600ms_int3.jpg,k2_k6_f1_f3_f4_d455_color_20260920_163611_219286.mp4,798,3,1342
k2_k6_f1_f3_f4_d455_color_20260920_163611_219286_frame_000124_src_000801_000026700ms_int10.jpg,k2_k6_f1_f3_f4_d455_color_20260920_163611_219286.mp4,801,10,1342
k2_k6_f1_f3_f4_d455_color_20260920_163611_219286_frame_000125_src_000811_000027033ms_int3.jpg,k2_k6_f1_f3_f4_d455_color_20260920_163611_219286.mp4,811,3,1342
k2_k6_f1_f3_f4_d455_color_20260920_163611_219286_frame_000126_src_000814_000027133ms_int10.jpg,k2_k6_f1_f3_f4_d455_color_20260920_163611_219286.mp4,814,10,1342
k2_k6_f1_f3_f4_d455_color_20260920_163611_219286_frame_000127_src_000824_000027467ms_int7.jpg,k2_k6_f1_f3_f4_d455_color_20260920_163611_219286.mp4,824,7,1342
k2_k6_f1_f3_f4_d455_color_20260920_163611_219286_frame_000128_src_000831_000027700ms_int5.jpg,k2_k6_f1_f3_f4_d455_color_20260920_163611_219286.mp4,831,5,1342
k2_k6_f1_f3_f4_d455_color_20260920_163611_219286_frame_000129_src_000836_000027867ms_int7.jpg,k2_k6_f1_f3_f4_d455_color_20260920_163611_219286.mp4,836,7,1342
k2_k6_f1_f3_f4_d455_color_20260920_163611_219286_frame_000130_src_000843_000028100ms_int7.jpg,k2_k6_f1_f3_f4_d455_color_20260920_163611_219286.mp4,843,7,1342
k2_k6_f1_f3_f4_d455_color_20260920_163611_219286_frame_000131_src_000850_000028333ms_int8.jpg,k2_k6_f1_f3_f4_d455_color_20260920_163611_219286.mp4,850,8,1342
k2_k6_f1_f3_f4_d455_color_20260920_163611_219286_frame_000132_src_000858_000028600ms_int3.jpg,k2_k6_f1_f3_f4_d455_color_20260920_163611_219286.mp4,858,3,1342
k2_k6_f1_f3_f4_d455_color_20260920_163611_219286_frame_000133_src_000861_000028700ms_int5.jpg,k2_k6_f1_f3_f4_d455_color_20260920_163611_219286.mp4,861,5,1342
k2_k6_f1_f3_f4_d455_color_20260920_163611_219286_frame_000134_src_000866_000028867ms_int7.jpg,k2_k6_f1_f3_f4_d455_color_20260920_163611_219286.mp4,866,7,1342
k2_k6_f1_f3_f4_d455_color_20260920_163611_219286_frame_000135_src_000873_000029100ms_int3.jpg,k2_k6_f1_f3_f4_d455_color_20260920_163611_219286.mp4,873,3,1342
k2_k6_f1_f3_f4_d455_color_20260920_163611_219286_frame_000136_src_000876_000029200ms_int10.jpg,k2_k6_f1_f3_f4_d455_color_20260920_163611_219286.mp4,876,10,1342
k2_k6_f1_f3_f4_d455_color_20260920_163611_219286_frame_000137_src_000886_000029533ms_int8.jpg,k2_k6_f1_f3_f4_d455_color_20260920_163611_219286.mp4,886,8,1342
k2_k6_f1_f3_f4_d455_color_20260920_163611_219286_frame_000138_src_000894_000029800ms_int8.jpg,k2_k6_f1_f3_f4_d455_color_20260920_163611_219286.mp4,894,8,1342
k2_k6_f1_f3_f4_d455_color_20260920_163611_219286_frame_000139_src_000902_000030067ms_int10.jpg,k2_k6_f1_f3_f4_d455_color_20260920_163611_219286.mp4,902,10,1342
k2_k6_f1_f3_f4_d455_color_20260920_163611_219286_frame_000140_src_000912_000030400ms_int3.jpg,k2_k6_f1_f3_f4_d455_color_20260920_163611_219286.mp4,912,3,1342
k2_k6_f1_f3_f4_d455_color_20260920_163611_219286_frame_000141_src_000915_000030500ms_int3.jpg,k2_k6_f1_f3_f4_d455_color_20260920_163611_219286.mp4,915,3,1342
k2_k6_f1_f3_f4_d455_color_20260920_163611_219286_frame_000142_src_000918_000030600ms_int10.jpg,k2_k6_f1_f3_f4_d455_color_20260920_163611_219286.mp4,918,10,1342
k2_k6_f1_f3_f4_d455_color_20260920_163611_219286_frame_000143_src_000928_000030933ms_int10.jpg,k2_k6_f1_f3_f4_d455_color_20260920_163611_219286.mp4,928,10,1342
k2_k6_f1_f3_f4_d455_color_20260920_163611_219286_frame_000144_src_000938_000031267ms_int3.jpg,k2_k6_f1_f3_f4_d455_color_20260920_163611_219286.mp4,938,3,1342
k2_k6_f1_f3_f4_d455_color_20260920_163611_219286_frame_000145_src_000941_000031367ms_int10.jpg,k2_k6_f1_f3_f4_d455_color_20260920_163611_219286.mp4,941,10,1342
k2_k6_f1_f3_f4_d455_color_20260920_163611_219286_frame_000146_src_000951_000031700ms_int7.jpg,k2_k6_f1_f3_f4_d455_color_20260920_163611_219286.mp4,951,7,1342
k2_k6_f1_f3_f4_d455_color_20260920_163611_219286_frame_000147_src_000958_000031933ms_int7.jpg,k2_k6_f1_f3_f4_d455_color_20260920_163611_219286.mp4,958,7,1342
k2_k6_f1_f3_f4_d455_color_20260920_163611_219286_frame_000148_src_000965_000032167ms_int10.jpg,k2_k6_f1_f3_f4_d455_color_20260920_163611_219286.mp4,965,10,1342
k2_k6_f1_f3_f4_d455_color_20260920_163611_219286_frame_000149_src_000975_000032500ms_int10.jpg,k2_k6_f1_f3_f4_d455_color_20260920_163611_219286.mp4,975,10,1342
k2_k6_f1_f3_f4_d455_color_20260920_163611_219286_frame_000150_src_000985_000032833ms_int5.jpg,k2_k6_f1_f3_f4_d455_color_20260920_163611_219286.mp4,985,5,1342
k2_k6_f1_f3_f4_d455_color_20260920_163611_219286_frame_000151_src_000990_000033000ms_int8.jpg,k2_k6_f1_f3_f4_d455_color_20260920_163611_219286.mp4,990,8,1342
k2_k6_f1_f3_f4_d455_color_20260920_163611_219286_frame_000152_src_000998_000033267ms_int5.jpg,k2_k6_f1_f3_f4_d455_color_20260920_163611_219286.mp4,998,5,1342
k2_k6_f1_f3_f4_d455_color_20260920_163611_219286_frame_000153_src_001003_000033433ms_int5.jpg,k2_k6_f1_f3_f4_d455_color_20260920_163611_219286.mp4,1003,5,1342
k2_k6_f1_f3_f4_d455_color_20260920_163611_219286_frame_000154_src_001008_000033600ms_int8.jpg,k2_k6_f1_f3_f4_d455_color_20260920_163611_219286.mp4,1008,8,1342
k2_k6_f1_f3_f4_d455_color_20260920_163611_219286_frame_000155_src_001016_000033867ms_int10.jpg,k2_k6_f1_f3_f4_d455_color_20260920_163611_219286.mp4,1016,10,1342
k2_k6_f1_f3_f4_d455_color_20260920_163611_219286_frame_000156_src_001026_000034200ms_int3.jpg,k2_k6_f1_f3_f4_d455_color_20260920_163611_219286.mp4,1026,3,1342
k2_k6_f1_f3_f4_d455_color_20260920_163611_219286_frame_000157_src_001029_000034300ms_int7.jpg,k2_k6_f1_f3_f4_d455_color_20260920_163611_219286.mp4,1029,7,1342
k2_k6_f1_f3_f4_d455_color_20260920_163611_219286_frame_000158_src_001036_000034533ms_int7.jpg,k2_k6_f1_f3_f4_d455_color_20260920_163611_219286.mp4,1036,7,1342
k2_k6_f1_f3_f4_d455_color_20260920_163611_219286_frame_000159_src_001043_000034767ms_int10.jpg,k2_k6_f1_f3_f4_d455_color_20260920_163611_219286.mp4,1043,10,1342
k2_k6_f1_f3_f4_d455_color_20260920_163611_219286_frame_000160_src_001053_000035100ms_int3.jpg,k2_k6_f1_f3_f4_d455_color_20260920_163611_219286.mp4,1053,3,1342
k2_k6_f1_f3_f4_d455_color_20260920_163611_219286_frame_000161_src_001056_000035200ms_int3.jpg,k2_k6_f1_f3_f4_d455_color_20260920_163611_219286.mp4,1056,3,1342
k2_k6_f1_f3_f4_d455_color_20260920_163611_219286_frame_000162_src_001059_000035300ms_int5.jpg,k2_k6_f1_f3_f4_d455_color_20260920_163611_219286.mp4,1059,5,1342
k2_k6_f1_f3_f4_d455_color_20260920_163611_219286_frame_000163_src_001064_000035467ms_int7.jpg,k2_k6_f1_f3_f4_d455_color_20260920_163611_219286.mp4,1064,7,1342
k2_k6_f1_f3_f4_d455_color_20260920_163611_219286_frame_000164_src_001071_000035700ms_int10.jpg,k2_k6_f1_f3_f4_d455_color_20260920_163611_219286.mp4,1071,10,1342
k2_k6_f1_f3_f4_d455_color_20260920_163611_219286_frame_000165_src_001081_000036033ms_int10.jpg,k2_k6_f1_f3_f4_d455_color_20260920_163611_219286.mp4,1081,10,1342
k2_k6_f1_f3_f4_d455_color_20260920_163611_219286_frame_000166_src_001091_000036367ms_int3.jpg,k2_k6_f1_f3_f4_d455_color_20260920_163611_219286.mp4,1091,3,1342
k2_k6_f1_f3_f4_d455_color_20260920_163611_219286_frame_000167_src_001094_000036467ms_int8.jpg,k2_k6_f1_f3_f4_d455_color_20260920_163611_219286.mp4,1094,8,1342
k2_k6_f1_f3_f4_d455_color_20260920_163611_219286_frame_000168_src_001102_000036733ms_int7.jpg,k2_k6_f1_f3_f4_d455_color_20260920_163611_219286.mp4,1102,7,1342
k2_k6_f1_f3_f4_d455_color_20260920_163611_219286_frame_000169_src_001109_000036967ms_int7.jpg,k2_k6_f1_f3_f4_d455_color_20260920_163611_219286.mp4,1109,7,1342
k2_k6_f1_f3_f4_d455_color_20260920_163611_219286_frame_000170_src_001116_000037200ms_int10.jpg,k2_k6_f1_f3_f4_d455_color_20260920_163611_219286.mp4,1116,10,1342
k2_k6_f1_f3_f4_d455_color_20260920_163611_219286_frame_000171_src_001126_000037533ms_int7.jpg,k2_k6_f1_f3_f4_d455_color_20260920_163611_219286.mp4,1126,7,1342
k2_k6_f1_f3_f4_d455_color_20260920_163611_219286_frame_000172_src_001133_000037767ms_int5.jpg,k2_k6_f1_f3_f4_d455_color_20260920_163611_219286.mp4,1133,5,1342
k2_k6_f1_f3_f4_d455_color_20260920_163611_219286_frame_000173_src_001138_000037933ms_int7.jpg,k2_k6_f1_f3_f4_d455_color_20260920_163611_219286.mp4,1138,7,1342
k2_k6_f1_f3_f4_d455_color_20260920_163611_219286_frame_000174_src_001145_000038167ms_int3.jpg,k2_k6_f1_f3_f4_d455_color_20260920_163611_219286.mp4,1145,3,1342
k2_k6_f1_f3_f4_d455_color_20260920_163611_219286_frame_000175_src_001148_000038267ms_int7.jpg,k2_k6_f1_f3_f4_d455_color_20260920_163611_219286.mp4,1148,7,1342
k2_k6_f1_f3_f4_d455_color_20260920_163611_219286_frame_000176_src_001155_000038500ms_int5.jpg,k2_k6_f1_f3_f4_d455_color_20260920_163611_219286.mp4,1155,5,1342
k2_k6_f1_f3_f4_d455_color_20260920_163611_219286_frame_000177_src_001160_000038667ms_int8.jpg,k2_k6_f1_f3_f4_d455_color_20260920_163611_219286.mp4,1160,8,1342
k2_k6_f1_f3_f4_d455_color_20260920_163611_219286_frame_000178_src_001168_000038933ms_int3.jpg,k2_k6_f1_f3_f4_d455_color_20260920_163611_219286.mp4,1168,3,1342
k2_k6_f1_f3_f4_d455_color_20260920_163611_219286_frame_000179_src_001171_000039033ms_int10.jpg,k2_k6_f1_f3_f4_d455_color_20260920_163611_219286.mp4,1171,10,1342
k2_k6_f1_f3_f4_d455_color_20260920_163611_219286_frame_000180_src_001181_000039367ms_int3.jpg,k2_k6_f1_f3_f4_d455_color_20260920_163611_219286.mp4,1181,3,1342
k2_k6_f1_f3_f4_d455_color_20260920_163611_219286_frame_000181_src_001184_000039467ms_int10.jpg,k2_k6_f1_f3_f4_d455_color_20260920_163611_219286.mp4,1184,10,1342
k2_k6_f1_f3_f4_d455_color_20260920_163611_219286_frame_000182_src_001194_000039800ms_int5.jpg,k2_k6_f1_f3_f4_d455_color_20260920_163611_219286.mp4,1194,5,1342
k2_k6_f1_f3_f4_d455_color_20260920_163611_219286_frame_000183_src_001199_000039967ms_int8.jpg,k2_k6_f1_f3_f4_d455_color_20260920_163611_219286.mp4,1199,8,1342
k2_k6_f1_f3_f4_d455_color_20260920_163611_219286_frame_000184_src_001207_000040233ms_int7.jpg,k2_k6_f1_f3_f4_d455_color_20260920_163611_219286.mp4,1207,7,1342
k2_k6_f1_f3_f4_d455_color_20260920_163611_219286_frame_000185_src_001214_000040467ms_int5.jpg,k2_k6_f1_f3_f4_d455_color_20260920_163611_219286.mp4,1214,5,1342
k2_k6_f1_f3_f4_d455_color_20260920_163611_219286_frame_000186_src_001219_000040633ms_int8.jpg,k2_k6_f1_f3_f4_d455_color_20260920_163611_219286.mp4,1219,8,1342
k2_k6_f1_f3_f4_d455_color_20260920_163611_219286_frame_000187_src_001227_000040900ms_int7.jpg,k2_k6_f1_f3_f4_d455_color_20260920_163611_219286.mp4,1227,7,1342
k2_k6_f1_f3_f4_d455_color_20260920_163611_219286_frame_000188_src_001234_000041133ms_int7.jpg,k2_k6_f1_f3_f4_d455_color_20260920_163611_219286.mp4,1234,7,1342
k2_k6_f1_f3_f4_d455_color_20260920_163611_219286_frame_000189_src_001241_000041367ms_int7.jpg,k2_k6_f1_f3_f4_d455_color_20260920_163611_219286.mp4,1241,7,1342
k2_k6_f1_f3_f4_d455_color_20260920_163611_219286_frame_000190_src_001248_000041600ms_int7.jpg,k2_k6_f1_f3_f4_d455_color_20260920_163611_219286.mp4,1248,7,1342
k2_k6_f1_f3_f4_d455_color_20260920_163611_219286_frame_000191_src_001255_000041833ms_int8.jpg,k2_k6_f1_f3_f4_d455_color_20260920_163611_219286.mp4,1255,8,1342
k2_k6_f1_f3_f4_d455_color_20260920_163611_219286_frame_000192_src_001263_000042100ms_int8.jpg,k2_k6_f1_f3_f4_d455_color_20260920_163611_219286.mp4,1263,8,1342
k2_k6_f1_f3_f4_d455_color_20260920_163611_219286_frame_000193_src_001271_000042367ms_int5.jpg,k2_k6_f1_f3_f4_d455_color_20260920_163611_219286.mp4,1271,5,1342
k2_k6_f1_f3_f4_d455_color_20260920_163611_219286_frame_000194_src_001276_000042533ms_int7.jpg,k2_k6_f1_f3_f4_d455_color_20260920_163611_219286.mp4,1276,7,1342
k2_k6_f1_f3_f4_d455_color_20260920_163611_219286_frame_000195_src_001283_000042767ms_int7.jpg,k2_k6_f1_f3_f4_d455_color_20260920_163611_219286.mp4,1283,7,1342
k2_k6_f1_f3_f4_d455_color_20260920_163611_219286_frame_000196_src_001290_000043000ms_int7.jpg,k2_k6_f1_f3_f4_d455_color_20260920_163611_219286.mp4,1290,7,1342
k2_k6_f1_f3_f4_d455_color_20260920_163611_219286_frame_000197_src_001297_000043233ms_int10.jpg,k2_k6_f1_f3_f4_d455_color_20260920_163611_219286.mp4,1297,10,1342
k2_k6_f1_f3_f4_d455_color_20260920_163611_219286_frame_000198_src_001307_000043567ms_int10.jpg,k2_k6_f1_f3_f4_d455_color_20260920_163611_219286.mp4,1307,10,1342
k2_k6_f1_f3_f4_d455_color_20260920_163611_219286_frame_000199_src_001317_000043900ms_int7.jpg,k2_k6_f1_f3_f4_d455_color_20260920_163611_219286.mp4,1317,7,1342
k2_k6_f1_f3_f4_d455_color_20260920_163611_219286_frame_000200_src_001324_000044133ms_int7.jpg,k2_k6_f1_f3_f4_d455_color_20260920_163611_219286.mp4,1324,7,1342
k2_k6_f1_f3_f4_d455_color_20260920_163611_219286_frame_000201_src_001331_000044367ms_int5.jpg,k2_k6_f1_f3_f4_d455_color_20260920_163611_219286.mp4,1331,5,1342
k2_k6_f1_f3_f4_d455_color_20260920_163611_219286_frame_000202_src_001336_000044533ms_int10.jpg,k2_k6_f1_f3_f4_d455_color_20260920_163611_219286.mp4,1336,10,1342
k2_k6_f1_f3_f4_d455_color_20260920_163828_416401_frame_000000_src_000002_000000067ms_int10.jpg,k2_k6_f1_f3_f4_d455_color_20260920_163828_416401.mp4,2,10,1447
k2_k6_f1_f3_f4_d455_color_20260920_163828_416401_frame_000001_src_000012_000000400ms_int8.jpg,k2_k6_f1_f3_f4_d455_color_20260920_163828_416401.mp4,12,8,1447
k2_k6_f1_f3_f4_d455_color_20260920_163828_416401_frame_000002_src_000020_000000667ms_int5.jpg,k2_k6_f1_f3_f4_d455_color_20260920_163828_416401.mp4,20,5,1447
k2_k6_f1_f3_f4_d455_color_20260920_163828_416401_frame_000003_src_000025_000000833ms_int8.jpg,k2_k6_f1_f3_f4_d455_color_20260920_163828_416401.mp4,25,8,1447
k2_k6_f1_f3_f4_d455_color_20260920_163828_416401_frame_000004_src_000033_000001100ms_int10.jpg,k2_k6_f1_f3_f4_d455_color_20260920_163828_416401.mp4,33,10,1447
k2_k6_f1_f3_f4_d455_color_20260920_163828_416401_frame_000005_src_000043_000001433ms_int7.jpg,k2_k6_f1_f3_f4_d455_color_20260920_163828_416401.mp4,43,7,1447
k2_k6_f1_f3_f4_d455_color_20260920_163828_416401_frame_000006_src_000050_000001667ms_int7.jpg,k2_k6_f1_f3_f4_d455_color_20260920_163828_416401.mp4,50,7,1447
k2_k6_f1_f3_f4_d455_color_20260920_163828_416401_frame_000007_src_000057_000001900ms_int5.jpg,k2_k6_f1_f3_f4_d455_color_20260920_163828_416401.mp4,57,5,1447
k2_k6_f1_f3_f4_d455_color_20260920_163828_416401_frame_000008_src_000062_000002067ms_int3.jpg,k2_k6_f1_f3_f4_d455_color_20260920_163828_416401.mp4,62,3,1447
k2_k6_f1_f3_f4_d455_color_20260920_163828_416401_frame_000009_src_000065_000002167ms_int8.jpg,k2_k6_f1_f3_f4_d455_color_20260920_163828_416401.mp4,65,8,1447
k2_k6_f1_f3_f4_d455_color_20260920_163828_416401_frame_000010_src_000073_000002433ms_int3.jpg,k2_k6_f1_f3_f4_d455_color_20260920_163828_416401.mp4,73,3,1447
k2_k6_f1_f3_f4_d455_color_20260920_163828_416401_frame_000011_src_000076_000002533ms_int8.jpg,k2_k6_f1_f3_f4_d455_color_20260920_163828_416401.mp4,76,8,1447
k2_k6_f1_f3_f4_d455_color_20260920_163828_416401_frame_000012_src_000084_000002800ms_int10.jpg,k2_k6_f1_f3_f4_d455_color_20260920_163828_416401.mp4,84,10,1447
k2_k6_f1_f3_f4_d455_color_20260920_163828_416401_frame_000013_src_000094_000003133ms_int7.jpg,k2_k6_f1_f3_f4_d455_color_20260920_163828_416401.mp4,94,7,1447
k2_k6_f1_f3_f4_d455_color_20260920_163828_416401_frame_000014_src_000101_000003367ms_int8.jpg,k2_k6_f1_f3_f4_d455_color_20260920_163828_416401.mp4,101,8,1447
k2_k6_f1_f3_f4_d455_color_20260920_163828_416401_frame_000015_src_000109_000003633ms_int8.jpg,k2_k6_f1_f3_f4_d455_color_20260920_163828_416401.mp4,109,8,1447
k2_k6_f1_f3_f4_d455_color_20260920_163828_416401_frame_000016_src_000117_000003900ms_int5.jpg,k2_k6_f1_f3_f4_d455_color_20260920_163828_416401.mp4,117,5,1447
k2_k6_f1_f3_f4_d455_color_20260920_163828_416401_frame_000017_src_000122_000004067ms_int8.jpg,k2_k6_f1_f3_f4_d455_color_20260920_163828_416401.mp4,122,8,1447
k2_k6_f1_f3_f4_d455_color_20260920_163828_416401_frame_000018_src_000130_000004333ms_int5.jpg,k2_k6_f1_f3_f4_d455_color_20260920_163828_416401.mp4,130,5,1447
k2_k6_f1_f3_f4_d455_color_20260920_163828_416401_frame_000019_src_000135_000004500ms_int5.jpg,k2_k6_f1_f3_f4_d455_color_20260920_163828_416401.mp4,135,5,1447
k2_k6_f1_f3_f4_d455_color_20260920_163828_416401_frame_000020_src_000140_000004667ms_int7.jpg,k2_k6_f1_f3_f4_d455_color_20260920_163828_416401.mp4,140,7,1447
k2_k6_f1_f3_f4_d455_color_20260920_163828_416401_frame_000021_src_000147_000004900ms_int5.jpg,k2_k6_f1_f3_f4_d455_color_20260920_163828_416401.mp4,147,5,1447
k2_k6_f1_f3_f4_d455_color_20260920_163828_416401_frame_000022_src_000152_000005067ms_int3.jpg,k2_k6_f1_f3_f4_d455_color_20260920_163828_416401.mp4,152,3,1447
k2_k6_f1_f3_f4_d455_color_20260920_163828_416401_frame_000023_src_000155_000005167ms_int10.jpg,k2_k6_f1_f3_f4_d455_color_20260920_163828_416401.mp4,155,10,1447
k2_k6_f1_f3_f4_d455_color_20260920_163828_416401_frame_000024_src_000165_000005500ms_int7.jpg,k2_k6_f1_f3_f4_d455_color_20260920_163828_416401.mp4,165,7,1447
k2_k6_f1_f3_f4_d455_color_20260920_163828_416401_frame_000025_src_000172_000005733ms_int10.jpg,k2_k6_f1_f3_f4_d455_color_20260920_163828_416401.mp4,172,10,1447
k2_k6_f1_f3_f4_d455_color_20260920_163828_416401_frame_000026_src_000182_000006067ms_int10.jpg,k2_k6_f1_f3_f4_d455_color_20260920_163828_416401.mp4,182,10,1447
k2_k6_f1_f3_f4_d455_color_20260920_163828_416401_frame_000027_src_000192_000006400ms_int10.jpg,k2_k6_f1_f3_f4_d455_color_20260920_163828_416401.mp4,192,10,1447
k2_k6_f1_f3_f4_d455_color_20260920_163828_416401_frame_000028_src_000202_000006733ms_int8.jpg,k2_k6_f1_f3_f4_d455_color_20260920_163828_416401.mp4,202,8,1447
k2_k6_f1_f3_f4_d455_color_20260920_163828_416401_frame_000029_src_000210_000007000ms_int7.jpg,k2_k6_f1_f3_f4_d455_color_20260920_163828_416401.mp4,210,7,1447
k2_k6_f1_f3_f4_d455_color_20260920_163828_416401_frame_000030_src_000217_000007233ms_int10.jpg,k2_k6_f1_f3_f4_d455_color_20260920_163828_416401.mp4,217,10,1447
k2_k6_f1_f3_f4_d455_color_20260920_163828_416401_frame_000031_src_000227_000007567ms_int3.jpg,k2_k6_f1_f3_f4_d455_color_20260920_163828_416401.mp4,227,3,1447
k2_k6_f1_f3_f4_d455_color_20260920_163828_416401_frame_000032_src_000230_000007667ms_int5.jpg,k2_k6_f1_f3_f4_d455_color_20260920_163828_416401.mp4,230,5,1447
k2_k6_f1_f3_f4_d455_color_20260920_163828_416401_frame_000033_src_000235_000007833ms_int8.jpg,k2_k6_f1_f3_f4_d455_color_20260920_163828_416401.mp4,235,8,1447
k2_k6_f1_f3_f4_d455_color_20260920_163828_416401_frame_000034_src_000243_000008100ms_int8.jpg,k2_k6_f1_f3_f4_d455_color_20260920_163828_416401.mp4,243,8,1447
k2_k6_f1_f3_f4_d455_color_20260920_163828_416401_frame_000035_src_000251_000008367ms_int10.jpg,k2_k6_f1_f3_f4_d455_color_20260920_163828_416401.mp4,251,10,1447
k2_k6_f1_f3_f4_d455_color_20260920_163828_416401_frame_000036_src_000261_000008700ms_int7.jpg,k2_k6_f1_f3_f4_d455_color_20260920_163828_416401.mp4,261,7,1447
k2_k6_f1_f3_f4_d455_color_20260920_163828_416401_frame_000037_src_000268_000008933ms_int7.jpg,k2_k6_f1_f3_f4_d455_color_20260920_163828_416401.mp4,268,7,1447
k2_k6_f1_f3_f4_d455_color_20260920_163828_416401_frame_000038_src_000275_000009167ms_int8.jpg,k2_k6_f1_f3_f4_d455_color_20260920_163828_416401.mp4,275,8,1447
k2_k6_f1_f3_f4_d455_color_20260920_163828_416401_frame_000039_src_000283_000009433ms_int5.jpg,k2_k6_f1_f3_f4_d455_color_20260920_163828_416401.mp4,283,5,1447
k2_k6_f1_f3_f4_d455_color_20260920_163828_416401_frame_000040_src_000288_000009600ms_int5.jpg,k2_k6_f1_f3_f4_d455_color_20260920_163828_416401.mp4,288,5,1447
k2_k6_f1_f3_f4_d455_color_20260920_163828_416401_frame_000041_src_000293_000009767ms_int8.jpg,k2_k6_f1_f3_f4_d455_color_20260920_163828_416401.mp4,293,8,1447
k2_k6_f1_f3_f4_d455_color_20260920_163828_416401_frame_000042_src_000301_000010033ms_int8.jpg,k2_k6_f1_f3_f4_d455_color_20260920_163828_416401.mp4,301,8,1447
k2_k6_f1_f3_f4_d455_color_20260920_163828_416401_frame_000043_src_000309_000010300ms_int3.jpg,k2_k6_f1_f3_f4_d455_color_20260920_163828_416401.mp4,309,3,1447
k2_k6_f1_f3_f4_d455_color_20260920_163828_416401_frame_000044_src_000312_000010400ms_int3.jpg,k2_k6_f1_f3_f4_d455_color_20260920_163828_416401.mp4,312,3,1447
k2_k6_f1_f3_f4_d455_color_20260920_163828_416401_frame_000045_src_000315_000010500ms_int10.jpg,k2_k6_f1_f3_f4_d455_color_20260920_163828_416401.mp4,315,10,1447
k2_k6_f1_f3_f4_d455_color_20260920_163828_416401_frame_000046_src_000325_000010833ms_int5.jpg,k2_k6_f1_f3_f4_d455_color_20260920_163828_416401.mp4,325,5,1447
k2_k6_f1_f3_f4_d455_color_20260920_163828_416401_frame_000047_src_000330_000011000ms_int8.jpg,k2_k6_f1_f3_f4_d455_color_20260920_163828_416401.mp4,330,8,1447
k2_k6_f1_f3_f4_d455_color_20260920_163828_416401_frame_000048_src_000338_000011267ms_int5.jpg,k2_k6_f1_f3_f4_d455_color_20260920_163828_416401.mp4,338,5,1447
k2_k6_f1_f3_f4_d455_color_20260920_163828_416401_frame_000049_src_000343_000011433ms_int3.jpg,k2_k6_f1_f3_f4_d455_color_20260920_163828_416401.mp4,343,3,1447
k2_k6_f1_f3_f4_d455_color_20260920_163828_416401_frame_000050_src_000346_000011533ms_int8.jpg,k2_k6_f1_f3_f4_d455_color_20260920_163828_416401.mp4,346,8,1447
k2_k6_f1_f3_f4_d455_color_20260920_163828_416401_frame_000051_src_000354_000011800ms_int5.jpg,k2_k6_f1_f3_f4_d455_color_20260920_163828_416401.mp4,354,5,1447
k2_k6_f1_f3_f4_d455_color_20260920_163828_416401_frame_000052_src_000359_000011967ms_int3.jpg,k2_k6_f1_f3_f4_d455_color_20260920_163828_416401.mp4,359,3,1447
k2_k6_f1_f3_f4_d455_color_20260920_163828_416401_frame_000053_src_000362_000012067ms_int3.jpg,k2_k6_f1_f3_f4_d455_color_20260920_163828_416401.mp4,362,3,1447
k2_k6_f1_f3_f4_d455_color_20260920_163828_416401_frame_000054_src_000365_000012167ms_int10.jpg,k2_k6_f1_f3_f4_d455_color_20260920_163828_416401.mp4,365,10,1447
k2_k6_f1_f3_f4_d455_color_20260920_163828_416401_frame_000055_src_000375_000012500ms_int7.jpg,k2_k6_f1_f3_f4_d455_color_20260920_163828_416401.mp4,375,7,1447
k2_k6_f1_f3_f4_d455_color_20260920_163828_416401_frame_000056_src_000382_000012733ms_int3.jpg,k2_k6_f1_f3_f4_d455_color_20260920_163828_416401.mp4,382,3,1447
k2_k6_f1_f3_f4_d455_color_20260920_163828_416401_frame_000057_src_000385_000012833ms_int10.jpg,k2_k6_f1_f3_f4_d455_color_20260920_163828_416401.mp4,385,10,1447
k2_k6_f1_f3_f4_d455_color_20260920_163828_416401_frame_000058_src_000395_000013167ms_int8.jpg,k2_k6_f1_f3_f4_d455_color_20260920_163828_416401.mp4,395,8,1447
k2_k6_f1_f3_f4_d455_color_20260920_163828_416401_frame_000059_src_000403_000013433ms_int3.jpg,k2_k6_f1_f3_f4_d455_color_20260920_163828_416401.mp4,403,3,1447
k2_k6_f1_f3_f4_d455_color_20260920_163828_416401_frame_000060_src_000406_000013533ms_int5.jpg,k2_k6_f1_f3_f4_d455_color_20260920_163828_416401.mp4,406,5,1447
k2_k6_f1_f3_f4_d455_color_20260920_163828_416401_frame_000061_src_000411_000013700ms_int3.jpg,k2_k6_f1_f3_f4_d455_color_20260920_163828_416401.mp4,411,3,1447
k2_k6_f1_f3_f4_d455_color_20260920_163828_416401_frame_000062_src_000414_000013800ms_int8.jpg,k2_k6_f1_f3_f4_d455_color_20260920_163828_416401.mp4,414,8,1447
k2_k6_f1_f3_f4_d455_color_20260920_163828_416401_frame_000063_src_000422_000014067ms_int3.jpg,k2_k6_f1_f3_f4_d455_color_20260920_163828_416401.mp4,422,3,1447
k2_k6_f1_f3_f4_d455_color_20260920_163828_416401_frame_000064_src_000425_000014167ms_int3.jpg,k2_k6_f1_f3_f4_d455_color_20260920_163828_416401.mp4,425,3,1447
k2_k6_f1_f3_f4_d455_color_20260920_163828_416401_frame_000065_src_000428_000014267ms_int5.jpg,k2_k6_f1_f3_f4_d455_color_20260920_163828_416401.mp4,428,5,1447
k2_k6_f1_f3_f4_d455_color_20260920_163828_416401_frame_000066_src_000433_000014433ms_int3.jpg,k2_k6_f1_f3_f4_d455_color_20260920_163828_416401.mp4,433,3,1447
k2_k6_f1_f3_f4_d455_color_20260920_163828_416401_frame_000067_src_000436_000014533ms_int3.jpg,k2_k6_f1_f3_f4_d455_color_20260920_163828_416401.mp4,436,3,1447
k2_k6_f1_f3_f4_d455_color_20260920_163828_416401_frame_000068_src_000439_000014633ms_int10.jpg,k2_k6_f1_f3_f4_d455_color_20260920_163828_416401.mp4,439,10,1447
k2_k6_f1_f3_f4_d455_color_20260920_163828_416401_frame_000069_src_000449_000014967ms_int5.jpg,k2_k6_f1_f3_f4_d455_color_20260920_163828_416401.mp4,449,5,1447
k2_k6_f1_f3_f4_d455_color_20260920_163828_416401_frame_000070_src_000454_000015133ms_int3.jpg,k2_k6_f1_f3_f4_d455_color_20260920_163828_416401.mp4,454,3,1447
k2_k6_f1_f3_f4_d455_color_20260920_163828_416401_frame_000071_src_000457_000015233ms_int5.jpg,k2_k6_f1_f3_f4_d455_color_20260920_163828_416401.mp4,457,5,1447
k2_k6_f1_f3_f4_d455_color_20260920_163828_416401_frame_000072_src_000462_000015400ms_int3.jpg,k2_k6_f1_f3_f4_d455_color_20260920_163828_416401.mp4,462,3,1447
k2_k6_f1_f3_f4_d455_color_20260920_163828_416401_frame_000073_src_000465_000015500ms_int5.jpg,k2_k6_f1_f3_f4_d455_color_20260920_163828_416401.mp4,465,5,1447
k2_k6_f1_f3_f4_d455_color_20260920_163828_416401_frame_000074_src_000470_000015667ms_int7.jpg,k2_k6_f1_f3_f4_d455_color_20260920_163828_416401.mp4,470,7,1447
k2_k6_f1_f3_f4_d455_color_20260920_163828_416401_frame_000075_src_000477_000015900ms_int5.jpg,k2_k6_f1_f3_f4_d455_color_20260920_163828_416401.mp4,477,5,1447
k2_k6_f1_f3_f4_d455_color_20260920_163828_416401_frame_000076_src_000482_000016067ms_int10.jpg,k2_k6_f1_f3_f4_d455_color_20260920_163828_416401.mp4,482,10,1447
k2_k6_f1_f3_f4_d455_color_20260920_163828_416401_frame_000077_src_000492_000016400ms_int7.jpg,k2_k6_f1_f3_f4_d455_color_20260920_163828_416401.mp4,492,7,1447
k2_k6_f1_f3_f4_d455_color_20260920_163828_416401_frame_000078_src_000499_000016633ms_int5.jpg,k2_k6_f1_f3_f4_d455_color_20260920_163828_416401.mp4,499,5,1447
k2_k6_f1_f3_f4_d455_color_20260920_163828_416401_frame_000079_src_000504_000016800ms_int7.jpg,k2_k6_f1_f3_f4_d455_color_20260920_163828_416401.mp4,504,7,1447
k2_k6_f1_f3_f4_d455_color_20260920_163828_416401_frame_000080_src_000511_000017033ms_int5.jpg,k2_k6_f1_f3_f4_d455_color_20260920_163828_416401.mp4,511,5,1447
k2_k6_f1_f3_f4_d455_color_20260920_163828_416401_frame_000081_src_000516_000017200ms_int5.jpg,k2_k6_f1_f3_f4_d455_color_20260920_163828_416401.mp4,516,5,1447
k2_k6_f1_f3_f4_d455_color_20260920_163828_416401_frame_000082_src_000521_000017367ms_int7.jpg,k2_k6_f1_f3_f4_d455_color_20260920_163828_416401.mp4,521,7,1447
k2_k6_f1_f3_f4_d455_color_20260920_163828_416401_frame_000083_src_000528_000017600ms_int5.jpg,k2_k6_f1_f3_f4_d455_color_20260920_163828_416401.mp4,528,5,1447
k2_k6_f1_f3_f4_d455_color_20260920_163828_416401_frame_000084_src_000533_000017767ms_int8.jpg,k2_k6_f1_f3_f4_d455_color_20260920_163828_416401.mp4,533,8,1447
k2_k6_f1_f3_f4_d455_color_20260920_163828_416401_frame_000085_src_000541_000018033ms_int3.jpg,k2_k6_f1_f3_f4_d455_color_20260920_163828_416401.mp4,541,3,1447
k2_k6_f1_f3_f4_d455_color_20260920_163828_416401_frame_000086_src_000544_000018133ms_int8.jpg,k2_k6_f1_f3_f4_d455_color_20260920_163828_416401.mp4,544,8,1447
k2_k6_f1_f3_f4_d455_color_20260920_163828_416401_frame_000087_src_000552_000018400ms_int7.jpg,k2_k6_f1_f3_f4_d455_color_20260920_163828_416401.mp4,552,7,1447
k2_k6_f1_f3_f4_d455_color_20260920_163828_416401_frame_000088_src_000559_000018633ms_int10.jpg,k2_k6_f1_f3_f4_d455_color_20260920_163828_416401.mp4,559,10,1447
k2_k6_f1_f3_f4_d455_color_20260920_163828_416401_frame_000089_src_000569_000018967ms_int5.jpg,k2_k6_f1_f3_f4_d455_color_20260920_163828_416401.mp4,569,5,1447
k2_k6_f1_f3_f4_d455_color_20260920_163828_416401_frame_000090_src_000574_000019133ms_int7.jpg,k2_k6_f1_f3_f4_d455_color_20260920_163828_416401.mp4,574,7,1447
k2_k6_f1_f3_f4_d455_color_20260920_163828_416401_frame_000091_src_000581_000019367ms_int3.jpg,k2_k6_f1_f3_f4_d455_color_20260920_163828_416401.mp4,581,3,1447
k2_k6_f1_f3_f4_d455_color_20260920_163828_416401_frame_000092_src_000584_000019467ms_int10.jpg,k2_k6_f1_f3_f4_d455_color_20260920_163828_416401.mp4,584,10,1447
k2_k6_f1_f3_f4_d455_color_20260920_163828_416401_frame_000093_src_000594_000019800ms_int5.jpg,k2_k6_f1_f3_f4_d455_color_20260920_163828_416401.mp4,594,5,1447
k2_k6_f1_f3_f4_d455_color_20260920_163828_416401_frame_000094_src_000599_000019967ms_int5.jpg,k2_k6_f1_f3_f4_d455_color_20260920_163828_416401.mp4,599,5,1447
k2_k6_f1_f3_f4_d455_color_20260920_163828_416401_frame_000095_src_000604_000020133ms_int10.jpg,k2_k6_f1_f3_f4_d455_color_20260920_163828_416401.mp4,604,10,1447
k2_k6_f1_f3_f4_d455_color_20260920_163828_416401_frame_000096_src_000614_000020467ms_int3.jpg,k2_k6_f1_f3_f4_d455_color_20260920_163828_416401.mp4,614,3,1447
k2_k6_f1_f3_f4_d455_color_20260920_163828_416401_frame_000097_src_000617_000020567ms_int5.jpg,k2_k6_f1_f3_f4_d455_color_20260920_163828_416401.mp4,617,5,1447
k2_k6_f1_f3_f4_d455_color_20260920_163828_416401_frame_000098_src_000622_000020733ms_int10.jpg,k2_k6_f1_f3_f4_d455_color_20260920_163828_416401.mp4,622,10,1447
k2_k6_f1_f3_f4_d455_color_20260920_163828_416401_frame_000099_src_000632_000021067ms_int8.jpg,k2_k6_f1_f3_f4_d455_color_20260920_163828_416401.mp4,632,8,1447
k2_k6_f1_f3_f4_d455_color_20260920_163828_416401_frame_000100_src_000640_000021333ms_int5.jpg,k2_k6_f1_f3_f4_d455_color_20260920_163828_416401.mp4,640,5,1447
k2_k6_f1_f3_f4_d455_color_20260920_163828_416401_frame_000101_src_000645_000021500ms_int8.jpg,k2_k6_f1_f3_f4_d455_color_20260920_163828_416401.mp4,645,8,1447
k2_k6_f1_f3_f4_d455_color_20260920_163828_416401_frame_000102_src_000653_000021767ms_int8.jpg,k2_k6_f1_f3_f4_d455_color_20260920_163828_416401.mp4,653,8,1447
k2_k6_f1_f3_f4_d455_color_20260920_163828_416401_frame_000103_src_000661_000022033ms_int8.jpg,k2_k6_f1_f3_f4_d455_color_20260920_163828_416401.mp4,661,8,1447
k2_k6_f1_f3_f4_d455_color_20260920_163828_416401_frame_000104_src_000669_000022300ms_int10.jpg,k2_k6_f1_f3_f4_d455_color_20260920_163828_416401.mp4,669,10,1447
k2_k6_f1_f3_f4_d455_color_20260920_163828_416401_frame_000105_src_000679_000022633ms_int3.jpg,k2_k6_f1_f3_f4_d455_color_20260920_163828_416401.mp4,679,3,1447
k2_k6_f1_f3_f4_d455_color_20260920_163828_416401_frame_000106_src_000682_000022733ms_int7.jpg,k2_k6_f1_f3_f4_d455_color_20260920_163828_416401.mp4,682,7,1447
k2_k6_f1_f3_f4_d455_color_20260920_163828_416401_frame_000107_src_000689_000022967ms_int7.jpg,k2_k6_f1_f3_f4_d455_color_20260920_163828_416401.mp4,689,7,1447
k2_k6_f1_f3_f4_d455_color_20260920_163828_416401_frame_000108_src_000696_000023200ms_int5.jpg,k2_k6_f1_f3_f4_d455_color_20260920_163828_416401.mp4,696,5,1447
k2_k6_f1_f3_f4_d455_color_20260920_163828_416401_frame_000109_src_000701_000023367ms_int10.jpg,k2_k6_f1_f3_f4_d455_color_20260920_163828_416401.mp4,701,10,1447
k2_k6_f1_f3_f4_d455_color_20260920_163828_416401_frame_000110_src_000711_000023700ms_int8.jpg,k2_k6_f1_f3_f4_d455_color_20260920_163828_416401.mp4,711,8,1447
k2_k6_f1_f3_f4_d455_color_20260920_163828_416401_frame_000111_src_000719_000023967ms_int7.jpg,k2_k6_f1_f3_f4_d455_color_20260920_163828_416401.mp4,719,7,1447
k2_k6_f1_f3_f4_d455_color_20260920_163828_416401_frame_000112_src_000726_000024200ms_int10.jpg,k2_k6_f1_f3_f4_d455_color_20260920_163828_416401.mp4,726,10,1447
k2_k6_f1_f3_f4_d455_color_20260920_163828_416401_frame_000113_src_000736_000024533ms_int5.jpg,k2_k6_f1_f3_f4_d455_color_20260920_163828_416401.mp4,736,5,1447
k2_k6_f1_f3_f4_d455_color_20260920_163828_416401_frame_000114_src_000741_000024700ms_int5.jpg,k2_k6_f1_f3_f4_d455_color_20260920_163828_416401.mp4,741,5,1447
k2_k6_f1_f3_f4_d455_color_20260920_163828_416401_frame_000115_src_000746_000024867ms_int7.jpg,k2_k6_f1_f3_f4_d455_color_20260920_163828_416401.mp4,746,7,1447
k2_k6_f1_f3_f4_d455_color_20260920_163828_416401_frame_000116_src_000753_000025100ms_int7.jpg,k2_k6_f1_f3_f4_d455_color_20260920_163828_416401.mp4,753,7,1447
k2_k6_f1_f3_f4_d455_color_20260920_163828_416401_frame_000117_src_000760_000025333ms_int8.jpg,k2_k6_f1_f3_f4_d455_color_20260920_163828_416401.mp4,760,8,1447
k2_k6_f1_f3_f4_d455_color_20260920_163828_416401_frame_000118_src_000768_000025600ms_int7.jpg,k2_k6_f1_f3_f4_d455_color_20260920_163828_416401.mp4,768,7,1447
k2_k6_f1_f3_f4_d455_color_20260920_163828_416401_frame_000119_src_000775_000025833ms_int10.jpg,k2_k6_f1_f3_f4_d455_color_20260920_163828_416401.mp4,775,10,1447
k2_k6_f1_f3_f4_d455_color_20260920_163828_416401_frame_000120_src_000785_000026167ms_int3.jpg,k2_k6_f1_f3_f4_d455_color_20260920_163828_416401.mp4,785,3,1447
k2_k6_f1_f3_f4_d455_color_20260920_163828_416401_frame_000121_src_000788_000026267ms_int3.jpg,k2_k6_f1_f3_f4_d455_color_20260920_163828_416401.mp4,788,3,1447
k2_k6_f1_f3_f4_d455_color_20260920_163828_416401_frame_000122_src_000791_000026367ms_int3.jpg,k2_k6_f1_f3_f4_d455_color_20260920_163828_416401.mp4,791,3,1447
k2_k6_f1_f3_f4_d455_color_20260920_163828_416401_frame_000123_src_000794_000026467ms_int10.jpg,k2_k6_f1_f3_f4_d455_color_20260920_163828_416401.mp4,794,10,1447
k2_k6_f1_f3_f4_d455_color_20260920_163828_416401_frame_000124_src_000804_000026800ms_int5.jpg,k2_k6_f1_f3_f4_d455_color_20260920_163828_416401.mp4,804,5,1447
k2_k6_f1_f3_f4_d455_color_20260920_163828_416401_frame_000125_src_000809_000026967ms_int8.jpg,k2_k6_f1_f3_f4_d455_color_20260920_163828_416401.mp4,809,8,1447
k2_k6_f1_f3_f4_d455_color_20260920_163828_416401_frame_000126_src_000817_000027233ms_int7.jpg,k2_k6_f1_f3_f4_d455_color_20260920_163828_416401.mp4,817,7,1447
k2_k6_f1_f3_f4_d455_color_20260920_163828_416401_frame_000127_src_000824_000027467ms_int10.jpg,k2_k6_f1_f3_f4_d455_color_20260920_163828_416401.mp4,824,10,1447
k2_k6_f1_f3_f4_d455_color_20260920_163828_416401_frame_000128_src_000834_000027800ms_int8.jpg,k2_k6_f1_f3_f4_d455_color_20260920_163828_416401.mp4,834,8,1447
k2_k6_f1_f3_f4_d455_color_20260920_163828_416401_frame_000129_src_000842_000028067ms_int7.jpg,k2_k6_f1_f3_f4_d455_color_20260920_163828_416401.mp4,842,7,1447
k2_k6_f1_f3_f4_d455_color_20260920_163828_416401_frame_000130_src_000849_000028300ms_int10.jpg,k2_k6_f1_f3_f4_d455_color_20260920_163828_416401.mp4,849,10,1447
k2_k6_f1_f3_f4_d455_color_20260920_163828_416401_frame_000131_src_000859_000028633ms_int3.jpg,k2_k6_f1_f3_f4_d455_color_20260920_163828_416401.mp4,859,3,1447
k2_k6_f1_f3_f4_d455_color_20260920_163828_416401_frame_000132_src_000862_000028733ms_int3.jpg,k2_k6_f1_f3_f4_d455_color_20260920_163828_416401.mp4,862,3,1447
k2_k6_f1_f3_f4_d455_color_20260920_163828_416401_frame_000133_src_000865_000028833ms_int3.jpg,k2_k6_f1_f3_f4_d455_color_20260920_163828_416401.mp4,865,3,1447
k2_k6_f1_f3_f4_d455_color_20260920_163828_416401_frame_000134_src_000868_000028933ms_int3.jpg,k2_k6_f1_f3_f4_d455_color_20260920_163828_416401.mp4,868,3,1447
k2_k6_f1_f3_f4_d455_color_20260920_163828_416401_frame_000135_src_000871_000029033ms_int7.jpg,k2_k6_f1_f3_f4_d455_color_20260920_163828_416401.mp4,871,7,1447
k2_k6_f1_f3_f4_d455_color_20260920_163828_416401_frame_000136_src_000878_000029267ms_int10.jpg,k2_k6_f1_f3_f4_d455_color_20260920_163828_416401.mp4,878,10,1447
k2_k6_f1_f3_f4_d455_color_20260920_163828_416401_frame_000137_src_000888_000029600ms_int10.jpg,k2_k6_f1_f3_f4_d455_color_20260920_163828_416401.mp4,888,10,1447
k2_k6_f1_f3_f4_d455_color_20260920_163828_416401_frame_000138_src_000898_000029933ms_int8.jpg,k2_k6_f1_f3_f4_d455_color_20260920_163828_416401.mp4,898,8,1447
k2_k6_f1_f3_f4_d455_color_20260920_163828_416401_frame_000139_src_000906_000030200ms_int3.jpg,k2_k6_f1_f3_f4_d455_color_20260920_163828_416401.mp4,906,3,1447
k2_k6_f1_f3_f4_d455_color_20260920_163828_416401_frame_000140_src_000909_000030300ms_int8.jpg,k2_k6_f1_f3_f4_d455_color_20260920_163828_416401.mp4,909,8,1447
k2_k6_f1_f3_f4_d455_color_20260920_163828_416401_frame_000141_src_000917_000030567ms_int7.jpg,k2_k6_f1_f3_f4_d455_color_20260920_163828_416401.mp4,917,7,1447
k2_k6_f1_f3_f4_d455_color_20260920_163828_416401_frame_000142_src_000924_000030800ms_int3.jpg,k2_k6_f1_f3_f4_d455_color_20260920_163828_416401.mp4,924,3,1447
k2_k6_f1_f3_f4_d455_color_20260920_163828_416401_frame_000143_src_000927_000030900ms_int7.jpg,k2_k6_f1_f3_f4_d455_color_20260920_163828_416401.mp4,927,7,1447
k2_k6_f1_f3_f4_d455_color_20260920_163828_416401_frame_000144_src_000934_000031133ms_int8.jpg,k2_k6_f1_f3_f4_d455_color_20260920_163828_416401.mp4,934,8,1447
k2_k6_f1_f3_f4_d455_color_20260920_163828_416401_frame_000145_src_000942_000031400ms_int10.jpg,k2_k6_f1_f3_f4_d455_color_20260920_163828_416401.mp4,942,10,1447
k2_k6_f1_f3_f4_d455_color_20260920_163828_416401_frame_000146_src_000952_000031733ms_int7.jpg,k2_k6_f1_f3_f4_d455_color_20260920_163828_416401.mp4,952,7,1447
k2_k6_f1_f3_f4_d455_color_20260920_163828_416401_frame_000147_src_000959_000031967ms_int5.jpg,k2_k6_f1_f3_f4_d455_color_20260920_163828_416401.mp4,959,5,1447
k2_k6_f1_f3_f4_d455_color_20260920_163828_416401_frame_000148_src_000964_000032133ms_int8.jpg,k2_k6_f1_f3_f4_d455_color_20260920_163828_416401.mp4,964,8,1447
k2_k6_f1_f3_f4_d455_color_20260920_163828_416401_frame_000149_src_000972_000032400ms_int5.jpg,k2_k6_f1_f3_f4_d455_color_20260920_163828_416401.mp4,972,5,1447
k2_k6_f1_f3_f4_d455_color_20260920_163828_416401_frame_000150_src_000977_000032567ms_int5.jpg,k2_k6_f1_f3_f4_d455_color_20260920_163828_416401.mp4,977,5,1447
k2_k6_f1_f3_f4_d455_color_20260920_163828_416401_frame_000151_src_000982_000032733ms_int8.jpg,k2_k6_f1_f3_f4_d455_color_20260920_163828_416401.mp4,982,8,1447
k2_k6_f1_f3_f4_d455_color_20260920_163828_416401_frame_000152_src_000990_000033000ms_int3.jpg,k2_k6_f1_f3_f4_d455_color_20260920_163828_416401.mp4,990,3,1447
k2_k6_f1_f3_f4_d455_color_20260920_163828_416401_frame_000153_src_000993_000033100ms_int10.jpg,k2_k6_f1_f3_f4_d455_color_20260920_163828_416401.mp4,993,10,1447
k2_k6_f1_f3_f4_d455_color_20260920_163828_416401_frame_000154_src_001003_000033433ms_int7.jpg,k2_k6_f1_f3_f4_d455_color_20260920_163828_416401.mp4,1003,7,1447
k2_k6_f1_f3_f4_d455_color_20260920_163828_416401_frame_000155_src_001010_000033667ms_int3.jpg,k2_k6_f1_f3_f4_d455_color_20260920_163828_416401.mp4,1010,3,1447
k2_k6_f1_f3_f4_d455_color_20260920_163828_416401_frame_000156_src_001013_000033767ms_int3.jpg,k2_k6_f1_f3_f4_d455_color_20260920_163828_416401.mp4,1013,3,1447
k2_k6_f1_f3_f4_d455_color_20260920_163828_416401_frame_000157_src_001016_000033867ms_int5.jpg,k2_k6_f1_f3_f4_d455_color_20260920_163828_416401.mp4,1016,5,1447
k2_k6_f1_f3_f4_d455_color_20260920_163828_416401_frame_000158_src_001021_000034033ms_int10.jpg,k2_k6_f1_f3_f4_d455_color_20260920_163828_416401.mp4,1021,10,1447
k2_k6_f1_f3_f4_d455_color_20260920_163828_416401_frame_000159_src_001031_000034367ms_int5.jpg,k2_k6_f1_f3_f4_d455_color_20260920_163828_416401.mp4,1031,5,1447
k2_k6_f1_f3_f4_d455_color_20260920_163828_416401_frame_000160_src_001036_000034533ms_int3.jpg,k2_k6_f1_f3_f4_d455_color_20260920_163828_416401.mp4,1036,3,1447
k2_k6_f1_f3_f4_d455_color_20260920_163828_416401_frame_000161_src_001039_000034633ms_int8.jpg,k2_k6_f1_f3_f4_d455_color_20260920_163828_416401.mp4,1039,8,1447
k2_k6_f1_f3_f4_d455_color_20260920_163828_416401_frame_000162_src_001047_000034900ms_int3.jpg,k2_k6_f1_f3_f4_d455_color_20260920_163828_416401.mp4,1047,3,1447
k2_k6_f1_f3_f4_d455_color_20260920_163828_416401_frame_000163_src_001050_000035000ms_int7.jpg,k2_k6_f1_f3_f4_d455_color_20260920_163828_416401.mp4,1050,7,1447
k2_k6_f1_f3_f4_d455_color_20260920_163828_416401_frame_000164_src_001057_000035233ms_int7.jpg,k2_k6_f1_f3_f4_d455_color_20260920_163828_416401.mp4,1057,7,1447
k2_k6_f1_f3_f4_d455_color_20260920_163828_416401_frame_000165_src_001064_000035467ms_int10.jpg,k2_k6_f1_f3_f4_d455_color_20260920_163828_416401.mp4,1064,10,1447
k2_k6_f1_f3_f4_d455_color_20260920_163828_416401_frame_000166_src_001074_000035800ms_int3.jpg,k2_k6_f1_f3_f4_d455_color_20260920_163828_416401.mp4,1074,3,1447
k2_k6_f1_f3_f4_d455_color_20260920_163828_416401_frame_000167_src_001077_000035900ms_int5.jpg,k2_k6_f1_f3_f4_d455_color_20260920_163828_416401.mp4,1077,5,1447
k2_k6_f1_f3_f4_d455_color_20260920_163828_416401_frame_000168_src_001082_000036067ms_int5.jpg,k2_k6_f1_f3_f4_d455_color_20260920_163828_416401.mp4,1082,5,1447
k2_k6_f1_f3_f4_d455_color_20260920_163828_416401_frame_000169_src_001087_000036233ms_int5.jpg,k2_k6_f1_f3_f4_d455_color_20260920_163828_416401.mp4,1087,5,1447
k2_k6_f1_f3_f4_d455_color_20260920_163828_416401_frame_000170_src_001092_000036400ms_int7.jpg,k2_k6_f1_f3_f4_d455_color_20260920_163828_416401.mp4,1092,7,1447
k2_k6_f1_f3_f4_d455_color_20260920_163828_416401_frame_000171_src_001099_000036633ms_int5.jpg,k2_k6_f1_f3_f4_d455_color_20260920_163828_416401.mp4,1099,5,1447
k2_k6_f1_f3_f4_d455_color_20260920_163828_416401_frame_000172_src_001104_000036800ms_int3.jpg,k2_k6_f1_f3_f4_d455_color_20260920_163828_416401.mp4,1104,3,1447
k2_k6_f1_f3_f4_d455_color_20260920_163828_416401_frame_000173_src_001107_000036900ms_int7.jpg,k2_k6_f1_f3_f4_d455_color_20260920_163828_416401.mp4,1107,7,1447
k2_k6_f1_f3_f4_d455_color_20260920_163828_416401_frame_000174_src_001114_000037133ms_int5.jpg,k2_k6_f1_f3_f4_d455_color_20260920_163828_416401.mp4,1114,5,1447
k2_k6_f1_f3_f4_d455_color_20260920_163828_416401_frame_000175_src_001119_000037300ms_int7.jpg,k2_k6_f1_f3_f4_d455_color_20260920_163828_416401.mp4,1119,7,1447
k2_k6_f1_f3_f4_d455_color_20260920_163828_416401_frame_000176_src_001126_000037533ms_int7.jpg,k2_k6_f1_f3_f4_d455_color_20260920_163828_416401.mp4,1126,7,1447
k2_k6_f1_f3_f4_d455_color_20260920_163828_416401_frame_000177_src_001133_000037767ms_int3.jpg,k2_k6_f1_f3_f4_d455_color_20260920_163828_416401.mp4,1133,3,1447
k2_k6_f1_f3_f4_d455_color_20260920_163828_416401_frame_000178_src_001136_000037867ms_int8.jpg,k2_k6_f1_f3_f4_d455_color_20260920_163828_416401.mp4,1136,8,1447
k2_k6_f1_f3_f4_d455_color_20260920_163828_416401_frame_000179_src_001144_000038133ms_int7.jpg,k2_k6_f1_f3_f4_d455_color_20260920_163828_416401.mp4,1144,7,1447
k2_k6_f1_f3_f4_d455_color_20260920_163828_416401_frame_000180_src_001151_000038367ms_int10.jpg,k2_k6_f1_f3_f4_d455_color_20260920_163828_416401.mp4,1151,10,1447
k2_k6_f1_f3_f4_d455_color_20260920_163828_416401_frame_000181_src_001161_000038700ms_int5.jpg,k2_k6_f1_f3_f4_d455_color_20260920_163828_416401.mp4,1161,5,1447
k2_k6_f1_f3_f4_d455_color_20260920_163828_416401_frame_000182_src_001166_000038867ms_int5.jpg,k2_k6_f1_f3_f4_d455_color_20260920_163828_416401.mp4,1166,5,1447
k2_k6_f1_f3_f4_d455_color_20260920_163828_416401_frame_000183_src_001171_000039033ms_int10.jpg,k2_k6_f1_f3_f4_d455_color_20260920_163828_416401.mp4,1171,10,1447
k2_k6_f1_f3_f4_d455_color_20260920_163828_416401_frame_000184_src_001181_000039367ms_int3.jpg,k2_k6_f1_f3_f4_d455_color_20260920_163828_416401.mp4,1181,3,1447
k2_k6_f1_f3_f4_d455_color_20260920_163828_416401_frame_000185_src_001184_000039467ms_int3.jpg,k2_k6_f1_f3_f4_d455_color_20260920_163828_416401.mp4,1184,3,1447
k2_k6_f1_f3_f4_d455_color_20260920_163828_416401_frame_000186_src_001187_000039567ms_int10.jpg,k2_k6_f1_f3_f4_d455_color_20260920_163828_416401.mp4,1187,10,1447
k2_k6_f1_f3_f4_d455_color_20260920_163828_416401_frame_000187_src_001197_000039900ms_int5.jpg,k2_k6_f1_f3_f4_d455_color_20260920_163828_416401.mp4,1197,5,1447
k2_k6_f1_f3_f4_d455_color_20260920_163828_416401_frame_000188_src_001202_000040067ms_int10.jpg,k2_k6_f1_f3_f4_d455_color_20260920_163828_416401.mp4,1202,10,1447
k2_k6_f1_f3_f4_d455_color_20260920_163828_416401_frame_000189_src_001212_000040400ms_int8.jpg,k2_k6_f1_f3_f4_d455_color_20260920_163828_416401.mp4,1212,8,1447
k2_k6_f1_f3_f4_d455_color_20260920_163828_416401_frame_000190_src_001220_000040667ms_int5.jpg,k2_k6_f1_f3_f4_d455_color_20260920_163828_416401.mp4,1220,5,1447
k2_k6_f1_f3_f4_d455_color_20260920_163828_416401_frame_000191_src_001225_000040833ms_int5.jpg,k2_k6_f1_f3_f4_d455_color_20260920_163828_416401.mp4,1225,5,1447
k2_k6_f1_f3_f4_d455_color_20260920_163828_416401_frame_000192_src_001230_000041000ms_int8.jpg,k2_k6_f1_f3_f4_d455_color_20260920_163828_416401.mp4,1230,8,1447
k2_k6_f1_f3_f4_d455_color_20260920_163828_416401_frame_000193_src_001238_000041267ms_int8.jpg,k2_k6_f1_f3_f4_d455_color_20260920_163828_416401.mp4,1238,8,1447
k2_k6_f1_f3_f4_d455_color_20260920_163828_416401_frame_000194_src_001246_000041533ms_int5.jpg,k2_k6_f1_f3_f4_d455_color_20260920_163828_416401.mp4,1246,5,1447
k2_k6_f1_f3_f4_d455_color_20260920_163828_416401_frame_000195_src_001251_000041700ms_int8.jpg,k2_k6_f1_f3_f4_d455_color_20260920_163828_416401.mp4,1251,8,1447
k2_k6_f1_f3_f4_d455_color_20260920_163828_416401_frame_000196_src_001259_000041967ms_int7.jpg,k2_k6_f1_f3_f4_d455_color_20260920_163828_416401.mp4,1259,7,1447
k2_k6_f1_f3_f4_d455_color_20260920_163828_416401_frame_000197_src_001266_000042200ms_int8.jpg,k2_k6_f1_f3_f4_d455_color_20260920_163828_416401.mp4,1266,8,1447
k2_k6_f1_f3_f4_d455_color_20260920_163828_416401_frame_000198_src_001274_000042467ms_int10.jpg,k2_k6_f1_f3_f4_d455_color_20260920_163828_416401.mp4,1274,10,1447
k2_k6_f1_f3_f4_d455_color_20260920_163828_416401_frame_000199_src_001284_000042800ms_int3.jpg,k2_k6_f1_f3_f4_d455_color_20260920_163828_416401.mp4,1284,3,1447
k2_k6_f1_f3_f4_d455_color_20260920_163828_416401_frame_000200_src_001287_000042900ms_int7.jpg,k2_k6_f1_f3_f4_d455_color_20260920_163828_416401.mp4,1287,7,1447
k2_k6_f1_f3_f4_d455_color_20260920_163828_416401_frame_000201_src_001294_000043133ms_int5.jpg,k2_k6_f1_f3_f4_d455_color_20260920_163828_416401.mp4,1294,5,1447
k2_k6_f1_f3_f4_d455_color_20260920_163828_416401_frame_000202_src_001299_000043300ms_int7.jpg,k2_k6_f1_f3_f4_d455_color_20260920_163828_416401.mp4,1299,7,1447
k2_k6_f1_f3_f4_d455_color_20260920_163828_416401_frame_000203_src_001306_000043533ms_int3.jpg,k2_k6_f1_f3_f4_d455_color_20260920_163828_416401.mp4,1306,3,1447
k2_k6_f1_f3_f4_d455_color_20260920_163828_416401_frame_000204_src_001309_000043633ms_int3.jpg,k2_k6_f1_f3_f4_d455_color_20260920_163828_416401.mp4,1309,3,1447
k2_k6_f1_f3_f4_d455_color_20260920_163828_416401_frame_000205_src_001312_000043733ms_int3.jpg,k2_k6_f1_f3_f4_d455_color_20260920_163828_416401.mp4,1312,3,1447
k2_k6_f1_f3_f4_d455_color_20260920_163828_416401_frame_000206_src_001315_000043833ms_int5.jpg,k2_k6_f1_f3_f4_d455_color_20260920_163828_416401.mp4,1315,5,1447
k2_k6_f1_f3_f4_d455_color_20260920_163828_416401_frame_000207_src_001320_000044000ms_int7.jpg,k2_k6_f1_f3_f4_d455_color_20260920_163828_416401.mp4,1320,7,1447
k2_k6_f1_f3_f4_d455_color_20260920_163828_416401_frame_000208_src_001327_000044233ms_int8.jpg,k2_k6_f1_f3_f4_d455_color_20260920_163828_416401.mp4,1327,8,1447
k2_k6_f1_f3_f4_d455_color_20260920_163828_416401_frame_000209_src_001335_000044500ms_int7.jpg,k2_k6_f1_f3_f4_d455_color_20260920_163828_416401.mp4,1335,7,1447
k2_k6_f1_f3_f4_d455_color_20260920_163828_416401_frame_000210_src_001342_000044733ms_int8.jpg,k2_k6_f1_f3_f4_d455_color_20260920_163828_416401.mp4,1342,8,1447
k2_k6_f1_f3_f4_d455_color_20260920_163828_416401_frame_000211_src_001350_000045000ms_int7.jpg,k2_k6_f1_f3_f4_d455_color_20260920_163828_416401.mp4,1350,7,1447
k2_k6_f1_f3_f4_d455_color_20260920_163828_416401_frame_000212_src_001357_000045233ms_int5.jpg,k2_k6_f1_f3_f4_d455_color_20260920_163828_416401.mp4,1357,5,1447
k2_k6_f1_f3_f4_d455_color_20260920_163828_416401_frame_000213_src_001362_000045400ms_int8.jpg,k2_k6_f1_f3_f4_d455_color_20260920_163828_416401.mp4,1362,8,1447
k2_k6_f1_f3_f4_d455_color_20260920_163828_416401_frame_000214_src_001370_000045667ms_int7.jpg,k2_k6_f1_f3_f4_d455_color_20260920_163828_416401.mp4,1370,7,1447
k2_k6_f1_f3_f4_d455_color_20260920_163828_416401_frame_000215_src_001377_000045900ms_int5.jpg,k2_k6_f1_f3_f4_d455_color_20260920_163828_416401.mp4,1377,5,1447
k2_k6_f1_f3_f4_d455_color_20260920_163828_416401_frame_000216_src_001382_000046067ms_int5.jpg,k2_k6_f1_f3_f4_d455_color_20260920_163828_416401.mp4,1382,5,1447
k2_k6_f1_f3_f4_d455_color_20260920_163828_416401_frame_000217_src_001387_000046233ms_int3.jpg,k2_k6_f1_f3_f4_d455_color_20260920_163828_416401.mp4,1387,3,1447
k2_k6_f1_f3_f4_d455_color_20260920_163828_416401_frame_000218_src_001390_000046333ms_int8.jpg,k2_k6_f1_f3_f4_d455_color_20260920_163828_416401.mp4,1390,8,1447
k2_k6_f1_f3_f4_d455_color_20260920_163828_416401_frame_000219_src_001398_000046600ms_int5.jpg,k2_k6_f1_f3_f4_d455_color_20260920_163828_416401.mp4,1398,5,1447
k2_k6_f1_f3_f4_d455_color_20260920_163828_416401_frame_000220_src_001403_000046767ms_int7.jpg,k2_k6_f1_f3_f4_d455_color_20260920_163828_416401.mp4,1403,7,1447
k2_k6_f1_f3_f4_d455_color_20260920_163828_416401_frame_000221_src_001410_000047000ms_int8.jpg,k2_k6_f1_f3_f4_d455_color_20260920_163828_416401.mp4,1410,8,1447
k2_k6_f1_f3_f4_d455_color_20260920_163828_416401_frame_000222_src_001418_000047267ms_int5.jpg,k2_k6_f1_f3_f4_d455_color_20260920_163828_416401.mp4,1418,5,1447
k2_k6_f1_f3_f4_d455_color_20260920_163828_416401_frame_000223_src_001423_000047433ms_int7.jpg,k2_k6_f1_f3_f4_d455_color_20260920_163828_416401.mp4,1423,7,1447
k2_k6_f1_f3_f4_d455_color_20260920_163828_416401_frame_000224_src_001430_000047667ms_int5.jpg,k2_k6_f1_f3_f4_d455_color_20260920_163828_416401.mp4,1430,5,1447
k2_k6_f1_f3_f4_d455_color_20260920_163828_416401_frame_000225_src_001435_000047833ms_int7.jpg,k2_k6_f1_f3_f4_d455_color_20260920_163828_416401.mp4,1435,7,1447
k2_k6_f1_f3_f4_d455_color_20260920_163828_416401_frame_000226_src_001442_000048067ms_int3.jpg,k2_k6_f1_f3_f4_d455_color_20260920_163828_416401.mp4,1442,3,1447
k2_k6_f1_f3_f4_d455_color_20260920_163828_416401_frame_000227_src_001445_000048167ms_int7.jpg,k2_k6_f1_f3_f4_d455_color_20260920_163828_416401.mp4,1445,7,1447
k2_k6_f1_f3_f4_d455_color_20260920_164012_471764_frame_000000_src_000000_000000000ms_int8.jpg,k2_k6_f1_f3_f4_d455_color_20260920_164012_471764.mp4,0,8,1080
k2_k6_f1_f3_f4_d455_color_20260920_164012_471764_frame_000001_src_000008_000000267ms_int10.jpg,k2_k6_f1_f3_f4_d455_color_20260920_164012_471764.mp4,8,10,1080
k2_k6_f1_f3_f4_d455_color_20260920_164012_471764_frame_000002_src_000018_000000600ms_int3.jpg,k2_k6_f1_f3_f4_d455_color_20260920_164012_471764.mp4,18,3,1080
k2_k6_f1_f3_f4_d455_color_20260920_164012_471764_frame_000003_src_000021_000000700ms_int7.jpg,k2_k6_f1_f3_f4_d455_color_20260920_164012_471764.mp4,21,7,1080
k2_k6_f1_f3_f4_d455_color_20260920_164012_471764_frame_000004_src_000028_000000933ms_int5.jpg,k2_k6_f1_f3_f4_d455_color_20260920_164012_471764.mp4,28,5,1080
k2_k6_f1_f3_f4_d455_color_20260920_164012_471764_frame_000005_src_000033_000001100ms_int8.jpg,k2_k6_f1_f3_f4_d455_color_20260920_164012_471764.mp4,33,8,1080
k2_k6_f1_f3_f4_d455_color_20260920_164012_471764_frame_000006_src_000041_000001367ms_int5.jpg,k2_k6_f1_f3_f4_d455_color_20260920_164012_471764.mp4,41,5,1080
k2_k6_f1_f3_f4_d455_color_20260920_164012_471764_frame_000007_src_000046_000001533ms_int3.jpg,k2_k6_f1_f3_f4_d455_color_20260920_164012_471764.mp4,46,3,1080
k2_k6_f1_f3_f4_d455_color_20260920_164012_471764_frame_000008_src_000049_000001633ms_int7.jpg,k2_k6_f1_f3_f4_d455_color_20260920_164012_471764.mp4,49,7,1080
k2_k6_f1_f3_f4_d455_color_20260920_164012_471764_frame_000009_src_000056_000001867ms_int10.jpg,k2_k6_f1_f3_f4_d455_color_20260920_164012_471764.mp4,56,10,1080
k2_k6_f1_f3_f4_d455_color_20260920_164012_471764_frame_000010_src_000066_000002200ms_int8.jpg,k2_k6_f1_f3_f4_d455_color_20260920_164012_471764.mp4,66,8,1080
k2_k6_f1_f3_f4_d455_color_20260920_164012_471764_frame_000011_src_000074_000002467ms_int5.jpg,k2_k6_f1_f3_f4_d455_color_20260920_164012_471764.mp4,74,5,1080
k2_k6_f1_f3_f4_d455_color_20260920_164012_471764_frame_000012_src_000079_000002633ms_int5.jpg,k2_k6_f1_f3_f4_d455_color_20260920_164012_471764.mp4,79,5,1080
k2_k6_f1_f3_f4_d455_color_20260920_164012_471764_frame_000013_src_000084_000002800ms_int7.jpg,k2_k6_f1_f3_f4_d455_color_20260920_164012_471764.mp4,84,7,1080
k2_k6_f1_f3_f4_d455_color_20260920_164012_471764_frame_000014_src_000091_000003033ms_int7.jpg,k2_k6_f1_f3_f4_d455_color_20260920_164012_471764.mp4,91,7,1080
k2_k6_f1_f3_f4_d455_color_20260920_164012_471764_frame_000015_src_000098_000003267ms_int10.jpg,k2_k6_f1_f3_f4_d455_color_20260920_164012_471764.mp4,98,10,1080
k2_k6_f1_f3_f4_d455_color_20260920_164012_471764_frame_000016_src_000108_000003600ms_int5.jpg,k2_k6_f1_f3_f4_d455_color_20260920_164012_471764.mp4,108,5,1080
k2_k6_f1_f3_f4_d455_color_20260920_164012_471764_frame_000017_src_000113_000003767ms_int8.jpg,k2_k6_f1_f3_f4_d455_color_20260920_164012_471764.mp4,113,8,1080
k2_k6_f1_f3_f4_d455_color_20260920_164012_471764_frame_000018_src_000121_000004033ms_int8.jpg,k2_k6_f1_f3_f4_d455_color_20260920_164012_471764.mp4,121,8,1080
k2_k6_f1_f3_f4_d455_color_20260920_164012_471764_frame_000019_src_000129_000004300ms_int7.jpg,k2_k6_f1_f3_f4_d455_color_20260920_164012_471764.mp4,129,7,1080
k2_k6_f1_f3_f4_d455_color_20260920_164012_471764_frame_000020_src_000136_000004533ms_int5.jpg,k2_k6_f1_f3_f4_d455_color_20260920_164012_471764.mp4,136,5,1080
k2_k6_f1_f3_f4_d455_color_20260920_164012_471764_frame_000021_src_000141_000004700ms_int8.jpg,k2_k6_f1_f3_f4_d455_color_20260920_164012_471764.mp4,141,8,1080
k2_k6_f1_f3_f4_d455_color_20260920_164012_471764_frame_000022_src_000149_000004967ms_int10.jpg,k2_k6_f1_f3_f4_d455_color_20260920_164012_471764.mp4,149,10,1080
k2_k6_f1_f3_f4_d455_color_20260920_164012_471764_frame_000023_src_000159_000005300ms_int10.jpg,k2_k6_f1_f3_f4_d455_color_20260920_164012_471764.mp4,159,10,1080
k2_k6_f1_f3_f4_d455_color_20260920_164012_471764_frame_000024_src_000169_000005633ms_int10.jpg,k2_k6_f1_f3_f4_d455_color_20260920_164012_471764.mp4,169,10,1080
k2_k6_f1_f3_f4_d455_color_20260920_164012_471764_frame_000025_src_000179_000005967ms_int10.jpg,k2_k6_f1_f3_f4_d455_color_20260920_164012_471764.mp4,179,10,1080
k2_k6_f1_f3_f4_d455_color_20260920_164012_471764_frame_000026_src_000189_000006300ms_int8.jpg,k2_k6_f1_f3_f4_d455_color_20260920_164012_471764.mp4,189,8,1080
k2_k6_f1_f3_f4_d455_color_20260920_164012_471764_frame_000027_src_000197_000006567ms_int7.jpg,k2_k6_f1_f3_f4_d455_color_20260920_164012_471764.mp4,197,7,1080
k2_k6_f1_f3_f4_d455_color_20260920_164012_471764_frame_000028_src_000204_000006800ms_int8.jpg,k2_k6_f1_f3_f4_d455_color_20260920_164012_471764.mp4,204,8,1080
k2_k6_f1_f3_f4_d455_color_20260920_164012_471764_frame_000029_src_000212_000007067ms_int8.jpg,k2_k6_f1_f3_f4_d455_color_20260920_164012_471764.mp4,212,8,1080
k2_k6_f1_f3_f4_d455_color_20260920_164012_471764_frame_000030_src_000220_000007333ms_int5.jpg,k2_k6_f1_f3_f4_d455_color_20260920_164012_471764.mp4,220,5,1080
k2_k6_f1_f3_f4_d455_color_20260920_164012_471764_frame_000031_src_000225_000007500ms_int7.jpg,k2_k6_f1_f3_f4_d455_color_20260920_164012_471764.mp4,225,7,1080
k2_k6_f1_f3_f4_d455_color_20260920_164012_471764_frame_000032_src_000232_000007733ms_int3.jpg,k2_k6_f1_f3_f4_d455_color_20260920_164012_471764.mp4,232,3,1080
k2_k6_f1_f3_f4_d455_color_20260920_164012_471764_frame_000033_src_000235_000007833ms_int7.jpg,k2_k6_f1_f3_f4_d455_color_20260920_164012_471764.mp4,235,7,1080
k2_k6_f1_f3_f4_d455_color_20260920_164012_471764_frame_000034_src_000242_000008067ms_int3.jpg,k2_k6_f1_f3_f4_d455_color_20260920_164012_471764.mp4,242,3,1080
k2_k6_f1_f3_f4_d455_color_20260920_164012_471764_frame_000035_src_000245_000008167ms_int10.jpg,k2_k6_f1_f3_f4_d455_color_20260920_164012_471764.mp4,245,10,1080
k2_k6_f1_f3_f4_d455_color_20260920_164012_471764_frame_000036_src_000255_000008500ms_int5.jpg,k2_k6_f1_f3_f4_d455_color_20260920_164012_471764.mp4,255,5,1080
k2_k6_f1_f3_f4_d455_color_20260920_164012_471764_frame_000037_src_000260_000008667ms_int8.jpg,k2_k6_f1_f3_f4_d455_color_20260920_164012_471764.mp4,260,8,1080
k2_k6_f1_f3_f4_d455_color_20260920_164012_471764_frame_000038_src_000268_000008933ms_int5.jpg,k2_k6_f1_f3_f4_d455_color_20260920_164012_471764.mp4,268,5,1080
k2_k6_f1_f3_f4_d455_color_20260920_164012_471764_frame_000039_src_000273_000009100ms_int10.jpg,k2_k6_f1_f3_f4_d455_color_20260920_164012_471764.mp4,273,10,1080
k2_k6_f1_f3_f4_d455_color_20260920_164012_471764_frame_000040_src_000283_000009433ms_int7.jpg,k2_k6_f1_f3_f4_d455_color_20260920_164012_471764.mp4,283,7,1080
k2_k6_f1_f3_f4_d455_color_20260920_164012_471764_frame_000041_src_000290_000009667ms_int5.jpg,k2_k6_f1_f3_f4_d455_color_20260920_164012_471764.mp4,290,5,1080
k2_k6_f1_f3_f4_d455_color_20260920_164012_471764_frame_000042_src_000295_000009833ms_int8.jpg,k2_k6_f1_f3_f4_d455_color_20260920_164012_471764.mp4,295,8,1080
k2_k6_f1_f3_f4_d455_color_20260920_164012_471764_frame_000043_src_000303_000010100ms_int7.jpg,k2_k6_f1_f3_f4_d455_color_20260920_164012_471764.mp4,303,7,1080
k2_k6_f1_f3_f4_d455_color_20260920_164012_471764_frame_000044_src_000310_000010333ms_int8.jpg,k2_k6_f1_f3_f4_d455_color_20260920_164012_471764.mp4,310,8,1080
k2_k6_f1_f3_f4_d455_color_20260920_164012_471764_frame_000045_src_000318_000010600ms_int7.jpg,k2_k6_f1_f3_f4_d455_color_20260920_164012_471764.mp4,318,7,1080
k2_k6_f1_f3_f4_d455_color_20260920_164012_471764_frame_000046_src_000325_000010833ms_int10.jpg,k2_k6_f1_f3_f4_d455_color_20260920_164012_471764.mp4,325,10,1080
k2_k6_f1_f3_f4_d455_color_20260920_164012_471764_frame_000047_src_000335_000011167ms_int5.jpg,k2_k6_f1_f3_f4_d455_color_20260920_164012_471764.mp4,335,5,1080
k2_k6_f1_f3_f4_d455_color_20260920_164012_471764_frame_000048_src_000340_000011333ms_int7.jpg,k2_k6_f1_f3_f4_d455_color_20260920_164012_471764.mp4,340,7,1080
k2_k6_f1_f3_f4_d455_color_20260920_164012_471764_frame_000049_src_000347_000011567ms_int5.jpg,k2_k6_f1_f3_f4_d455_color_20260920_164012_471764.mp4,347,5,1080
k2_k6_f1_f3_f4_d455_color_20260920_164012_471764_frame_000050_src_000352_000011733ms_int10.jpg,k2_k6_f1_f3_f4_d455_color_20260920_164012_471764.mp4,352,10,1080
k2_k6_f1_f3_f4_d455_color_20260920_164012_471764_frame_000051_src_000362_000012067ms_int10.jpg,k2_k6_f1_f3_f4_d455_color_20260920_164012_471764.mp4,362,10,1080
k2_k6_f1_f3_f4_d455_color_20260920_164012_471764_frame_000052_src_000372_000012400ms_int5.jpg,k2_k6_f1_f3_f4_d455_color_20260920_164012_471764.mp4,372,5,1080
k2_k6_f1_f3_f4_d455_color_20260920_164012_471764_frame_000053_src_000377_000012567ms_int3.jpg,k2_k6_f1_f3_f4_d455_color_20260920_164012_471764.mp4,377,3,1080
k2_k6_f1_f3_f4_d455_color_20260920_164012_471764_frame_000054_src_000380_000012667ms_int7.jpg,k2_k6_f1_f3_f4_d455_color_20260920_164012_471764.mp4,380,7,1080
k2_k6_f1_f3_f4_d455_color_20260920_164012_471764_frame_000055_src_000387_000012900ms_int8.jpg,k2_k6_f1_f3_f4_d455_color_20260920_164012_471764.mp4,387,8,1080
k2_k6_f1_f3_f4_d455_color_20260920_164012_471764_frame_000056_src_000395_000013167ms_int10.jpg,k2_k6_f1_f3_f4_d455_color_20260920_164012_471764.mp4,395,10,1080
k2_k6_f1_f3_f4_d455_color_20260920_164012_471764_frame_000057_src_000405_000013500ms_int5.jpg,k2_k6_f1_f3_f4_d455_color_20260920_164012_471764.mp4,405,5,1080
k2_k6_f1_f3_f4_d455_color_20260920_164012_471764_frame_000058_src_000410_000013667ms_int7.jpg,k2_k6_f1_f3_f4_d455_color_20260920_164012_471764.mp4,410,7,1080
k2_k6_f1_f3_f4_d455_color_20260920_164012_471764_frame_000059_src_000417_000013900ms_int3.jpg,k2_k6_f1_f3_f4_d455_color_20260920_164012_471764.mp4,417,3,1080
k2_k6_f1_f3_f4_d455_color_20260920_164012_471764_frame_000060_src_000420_000014000ms_int3.jpg,k2_k6_f1_f3_f4_d455_color_20260920_164012_471764.mp4,420,3,1080
k2_k6_f1_f3_f4_d455_color_20260920_164012_471764_frame_000061_src_000423_000014100ms_int7.jpg,k2_k6_f1_f3_f4_d455_color_20260920_164012_471764.mp4,423,7,1080
k2_k6_f1_f3_f4_d455_color_20260920_164012_471764_frame_000062_src_000430_000014333ms_int5.jpg,k2_k6_f1_f3_f4_d455_color_20260920_164012_471764.mp4,430,5,1080
k2_k6_f1_f3_f4_d455_color_20260920_164012_471764_frame_000063_src_000435_000014500ms_int7.jpg,k2_k6_f1_f3_f4_d455_color_20260920_164012_471764.mp4,435,7,1080
k2_k6_f1_f3_f4_d455_color_20260920_164012_471764_frame_000064_src_000442_000014733ms_int5.jpg,k2_k6_f1_f3_f4_d455_color_20260920_164012_471764.mp4,442,5,1080
k2_k6_f1_f3_f4_d455_color_20260920_164012_471764_frame_000065_src_000447_000014900ms_int7.jpg,k2_k6_f1_f3_f4_d455_color_20260920_164012_471764.mp4,447,7,1080
k2_k6_f1_f3_f4_d455_color_20260920_164012_471764_frame_000066_src_000454_000015133ms_int5.jpg,k2_k6_f1_f3_f4_d455_color_20260920_164012_471764.mp4,454,5,1080
k2_k6_f1_f3_f4_d455_color_20260920_164012_471764_frame_000067_src_000459_000015300ms_int8.jpg,k2_k6_f1_f3_f4_d455_color_20260920_164012_471764.mp4,459,8,1080
k2_k6_f1_f3_f4_d455_color_20260920_164012_471764_frame_000068_src_000467_000015567ms_int5.jpg,k2_k6_f1_f3_f4_d455_color_20260920_164012_471764.mp4,467,5,1080
k2_k6_f1_f3_f4_d455_color_20260920_164012_471764_frame_000069_src_000472_000015733ms_int5.jpg,k2_k6_f1_f3_f4_d455_color_20260920_164012_471764.mp4,472,5,1080
k2_k6_f1_f3_f4_d455_color_20260920_164012_471764_frame_000070_src_000477_000015900ms_int10.jpg,k2_k6_f1_f3_f4_d455_color_20260920_164012_471764.mp4,477,10,1080
k2_k6_f1_f3_f4_d455_color_20260920_164012_471764_frame_000071_src_000487_000016233ms_int7.jpg,k2_k6_f1_f3_f4_d455_color_20260920_164012_471764.mp4,487,7,1080
k2_k6_f1_f3_f4_d455_color_20260920_164012_471764_frame_000072_src_000494_000016467ms_int8.jpg,k2_k6_f1_f3_f4_d455_color_20260920_164012_471764.mp4,494,8,1080
k2_k6_f1_f3_f4_d455_color_20260920_164012_471764_frame_000073_src_000502_000016733ms_int7.jpg,k2_k6_f1_f3_f4_d455_color_20260920_164012_471764.mp4,502,7,1080
k2_k6_f1_f3_f4_d455_color_20260920_164012_471764_frame_000074_src_000509_000016967ms_int8.jpg,k2_k6_f1_f3_f4_d455_color_20260920_164012_471764.mp4,509,8,1080
k2_k6_f1_f3_f4_d455_color_20260920_164012_471764_frame_000075_src_000517_000017233ms_int3.jpg,k2_k6_f1_f3_f4_d455_color_20260920_164012_471764.mp4,517,3,1080
k2_k6_f1_f3_f4_d455_color_20260920_164012_471764_frame_000076_src_000520_000017333ms_int7.jpg,k2_k6_f1_f3_f4_d455_color_20260920_164012_471764.mp4,520,7,1080
k2_k6_f1_f3_f4_d455_color_20260920_164012_471764_frame_000077_src_000527_000017567ms_int3.jpg,k2_k6_f1_f3_f4_d455_color_20260920_164012_471764.mp4,527,3,1080
k2_k6_f1_f3_f4_d455_color_20260920_164012_471764_frame_000078_src_000530_000017667ms_int3.jpg,k2_k6_f1_f3_f4_d455_color_20260920_164012_471764.mp4,530,3,1080
k2_k6_f1_f3_f4_d455_color_20260920_164012_471764_frame_000079_src_000533_000017767ms_int10.jpg,k2_k6_f1_f3_f4_d455_color_20260920_164012_471764.mp4,533,10,1080
k2_k6_f1_f3_f4_d455_color_20260920_164012_471764_frame_000080_src_000543_000018100ms_int8.jpg,k2_k6_f1_f3_f4_d455_color_20260920_164012_471764.mp4,543,8,1080
k2_k6_f1_f3_f4_d455_color_20260920_164012_471764_frame_000081_src_000551_000018367ms_int8.jpg,k2_k6_f1_f3_f4_d455_color_20260920_164012_471764.mp4,551,8,1080
k2_k6_f1_f3_f4_d455_color_20260920_164012_471764_frame_000082_src_000559_000018633ms_int3.jpg,k2_k6_f1_f3_f4_d455_color_20260920_164012_471764.mp4,559,3,1080
k2_k6_f1_f3_f4_d455_color_20260920_164012_471764_frame_000083_src_000562_000018733ms_int7.jpg,k2_k6_f1_f3_f4_d455_color_20260920_164012_471764.mp4,562,7,1080
k2_k6_f1_f3_f4_d455_color_20260920_164012_471764_frame_000084_src_000569_000018967ms_int8.jpg,k2_k6_f1_f3_f4_d455_color_20260920_164012_471764.mp4,569,8,1080
k2_k6_f1_f3_f4_d455_color_20260920_164012_471764_frame_000085_src_000577_000019233ms_int3.jpg,k2_k6_f1_f3_f4_d455_color_20260920_164012_471764.mp4,577,3,1080
k2_k6_f1_f3_f4_d455_color_20260920_164012_471764_frame_000086_src_000580_000019333ms_int5.jpg,k2_k6_f1_f3_f4_d455_color_20260920_164012_471764.mp4,580,5,1080
k2_k6_f1_f3_f4_d455_color_20260920_164012_471764_frame_000087_src_000585_000019500ms_int7.jpg,k2_k6_f1_f3_f4_d455_color_20260920_164012_471764.mp4,585,7,1080
k2_k6_f1_f3_f4_d455_color_20260920_164012_471764_frame_000088_src_000592_000019733ms_int8.jpg,k2_k6_f1_f3_f4_d455_color_20260920_164012_471764.mp4,592,8,1080
k2_k6_f1_f3_f4_d455_color_20260920_164012_471764_frame_000089_src_000600_000020000ms_int10.jpg,k2_k6_f1_f3_f4_d455_color_20260920_164012_471764.mp4,600,10,1080
k2_k6_f1_f3_f4_d455_color_20260920_164012_471764_frame_000090_src_000610_000020333ms_int3.jpg,k2_k6_f1_f3_f4_d455_color_20260920_164012_471764.mp4,610,3,1080
k2_k6_f1_f3_f4_d455_color_20260920_164012_471764_frame_000091_src_000613_000020433ms_int7.jpg,k2_k6_f1_f3_f4_d455_color_20260920_164012_471764.mp4,613,7,1080
k2_k6_f1_f3_f4_d455_color_20260920_164012_471764_frame_000092_src_000620_000020667ms_int5.jpg,k2_k6_f1_f3_f4_d455_color_20260920_164012_471764.mp4,620,5,1080
k2_k6_f1_f3_f4_d455_color_20260920_164012_471764_frame_000093_src_000625_000020833ms_int8.jpg,k2_k6_f1_f3_f4_d455_color_20260920_164012_471764.mp4,625,8,1080
k2_k6_f1_f3_f4_d455_color_20260920_164012_471764_frame_000094_src_000633_000021100ms_int7.jpg,k2_k6_f1_f3_f4_d455_color_20260920_164012_471764.mp4,633,7,1080
k2_k6_f1_f3_f4_d455_color_20260920_164012_471764_frame_000095_src_000640_000021333ms_int8.jpg,k2_k6_f1_f3_f4_d455_color_20260920_164012_471764.mp4,640,8,1080
k2_k6_f1_f3_f4_d455_color_20260920_164012_471764_frame_000096_src_000648_000021600ms_int10.jpg,k2_k6_f1_f3_f4_d455_color_20260920_164012_471764.mp4,648,10,1080
k2_k6_f1_f3_f4_d455_color_20260920_164012_471764_frame_000097_src_000658_000021933ms_int10.jpg,k2_k6_f1_f3_f4_d455_color_20260920_164012_471764.mp4,658,10,1080
k2_k6_f1_f3_f4_d455_color_20260920_164012_471764_frame_000098_src_000668_000022267ms_int5.jpg,k2_k6_f1_f3_f4_d455_color_20260920_164012_471764.mp4,668,5,1080
k2_k6_f1_f3_f4_d455_color_20260920_164012_471764_frame_000099_src_000673_000022433ms_int5.jpg,k2_k6_f1_f3_f4_d455_color_20260920_164012_471764.mp4,673,5,1080
k2_k6_f1_f3_f4_d455_color_20260920_164012_471764_frame_000100_src_000678_000022600ms_int8.jpg,k2_k6_f1_f3_f4_d455_color_20260920_164012_471764.mp4,678,8,1080
k2_k6_f1_f3_f4_d455_color_20260920_164012_471764_frame_000101_src_000686_000022867ms_int8.jpg,k2_k6_f1_f3_f4_d455_color_20260920_164012_471764.mp4,686,8,1080
k2_k6_f1_f3_f4_d455_color_20260920_164012_471764_frame_000102_src_000694_000023133ms_int10.jpg,k2_k6_f1_f3_f4_d455_color_20260920_164012_471764.mp4,694,10,1080
k2_k6_f1_f3_f4_d455_color_20260920_164012_471764_frame_000103_src_000704_000023467ms_int8.jpg,k2_k6_f1_f3_f4_d455_color_20260920_164012_471764.mp4,704,8,1080
k2_k6_f1_f3_f4_d455_color_20260920_164012_471764_frame_000104_src_000712_000023733ms_int7.jpg,k2_k6_f1_f3_f4_d455_color_20260920_164012_471764.mp4,712,7,1080
k2_k6_f1_f3_f4_d455_color_20260920_164012_471764_frame_000105_src_000719_000023967ms_int3.jpg,k2_k6_f1_f3_f4_d455_color_20260920_164012_471764.mp4,719,3,1080
k2_k6_f1_f3_f4_d455_color_20260920_164012_471764_frame_000106_src_000722_000024067ms_int3.jpg,k2_k6_f1_f3_f4_d455_color_20260920_164012_471764.mp4,722,3,1080
k2_k6_f1_f3_f4_d455_color_20260920_164012_471764_frame_000107_src_000725_000024167ms_int8.jpg,k2_k6_f1_f3_f4_d455_color_20260920_164012_471764.mp4,725,8,1080
k2_k6_f1_f3_f4_d455_color_20260920_164012_471764_frame_000108_src_000733_000024433ms_int5.jpg,k2_k6_f1_f3_f4_d455_color_20260920_164012_471764.mp4,733,5,1080
k2_k6_f1_f3_f4_d455_color_20260920_164012_471764_frame_000109_src_000738_000024600ms_int3.jpg,k2_k6_f1_f3_f4_d455_color_20260920_164012_471764.mp4,738,3,1080
k2_k6_f1_f3_f4_d455_color_20260920_164012_471764_frame_000110_src_000741_000024700ms_int5.jpg,k2_k6_f1_f3_f4_d455_color_20260920_164012_471764.mp4,741,5,1080
k2_k6_f1_f3_f4_d455_color_20260920_164012_471764_frame_000111_src_000746_000024867ms_int5.jpg,k2_k6_f1_f3_f4_d455_color_20260920_164012_471764.mp4,746,5,1080
k2_k6_f1_f3_f4_d455_color_20260920_164012_471764_frame_000112_src_000751_000025033ms_int8.jpg,k2_k6_f1_f3_f4_d455_color_20260920_164012_471764.mp4,751,8,1080
k2_k6_f1_f3_f4_d455_color_20260920_164012_471764_frame_000113_src_000759_000025300ms_int3.jpg,k2_k6_f1_f3_f4_d455_color_20260920_164012_471764.mp4,759,3,1080
k2_k6_f1_f3_f4_d455_color_20260920_164012_471764_frame_000114_src_000762_000025400ms_int5.jpg,k2_k6_f1_f3_f4_d455_color_20260920_164012_471764.mp4,762,5,1080
k2_k6_f1_f3_f4_d455_color_20260920_164012_471764_frame_000115_src_000767_000025567ms_int10.jpg,k2_k6_f1_f3_f4_d455_color_20260920_164012_471764.mp4,767,10,1080
k2_k6_f1_f3_f4_d455_color_20260920_164012_471764_frame_000116_src_000777_000025900ms_int5.jpg,k2_k6_f1_f3_f4_d455_color_20260920_164012_471764.mp4,777,5,1080
k2_k6_f1_f3_f4_d455_color_20260920_164012_471764_frame_000117_src_000782_000026067ms_int3.jpg,k2_k6_f1_f3_f4_d455_color_20260920_164012_471764.mp4,782,3,1080
k2_k6_f1_f3_f4_d455_color_20260920_164012_471764_frame_000118_src_000785_000026167ms_int3.jpg,k2_k6_f1_f3_f4_d455_color_20260920_164012_471764.mp4,785,3,1080
k2_k6_f1_f3_f4_d455_color_20260920_164012_471764_frame_000119_src_000788_000026267ms_int5.jpg,k2_k6_f1_f3_f4_d455_color_20260920_164012_471764.mp4,788,5,1080
k2_k6_f1_f3_f4_d455_color_20260920_164012_471764_frame_000120_src_000793_000026433ms_int7.jpg,k2_k6_f1_f3_f4_d455_color_20260920_164012_471764.mp4,793,7,1080
k2_k6_f1_f3_f4_d455_color_20260920_164012_471764_frame_000121_src_000800_000026667ms_int7.jpg,k2_k6_f1_f3_f4_d455_color_20260920_164012_471764.mp4,800,7,1080
k2_k6_f1_f3_f4_d455_color_20260920_164012_471764_frame_000122_src_000807_000026900ms_int5.jpg,k2_k6_f1_f3_f4_d455_color_20260920_164012_471764.mp4,807,5,1080
k2_k6_f1_f3_f4_d455_color_20260920_164012_471764_frame_000123_src_000812_000027067ms_int5.jpg,k2_k6_f1_f3_f4_d455_color_20260920_164012_471764.mp4,812,5,1080
k2_k6_f1_f3_f4_d455_color_20260920_164012_471764_frame_000124_src_000817_000027233ms_int7.jpg,k2_k6_f1_f3_f4_d455_color_20260920_164012_471764.mp4,817,7,1080
k2_k6_f1_f3_f4_d455_color_20260920_164012_471764_frame_000125_src_000824_000027467ms_int10.jpg,k2_k6_f1_f3_f4_d455_color_20260920_164012_471764.mp4,824,10,1080
k2_k6_f1_f3_f4_d455_color_20260920_164012_471764_frame_000126_src_000834_000027800ms_int10.jpg,k2_k6_f1_f3_f4_d455_color_20260920_164012_471764.mp4,834,10,1080
k2_k6_f1_f3_f4_d455_color_20260920_164012_471764_frame_000127_src_000844_000028133ms_int5.jpg,k2_k6_f1_f3_f4_d455_color_20260920_164012_471764.mp4,844,5,1080
k2_k6_f1_f3_f4_d455_color_20260920_164012_471764_frame_000128_src_000849_000028300ms_int3.jpg,k2_k6_f1_f3_f4_d455_color_20260920_164012_471764.mp4,849,3,1080
k2_k6_f1_f3_f4_d455_color_20260920_164012_471764_frame_000129_src_000852_000028400ms_int7.jpg,k2_k6_f1_f3_f4_d455_color_20260920_164012_471764.mp4,852,7,1080
k2_k6_f1_f3_f4_d455_color_20260920_164012_471764_frame_000130_src_000859_000028633ms_int3.jpg,k2_k6_f1_f3_f4_d455_color_20260920_164012_471764.mp4,859,3,1080
k2_k6_f1_f3_f4_d455_color_20260920_164012_471764_frame_000131_src_000862_000028733ms_int7.jpg,k2_k6_f1_f3_f4_d455_color_20260920_164012_471764.mp4,862,7,1080
k2_k6_f1_f3_f4_d455_color_20260920_164012_471764_frame_000132_src_000869_000028967ms_int7.jpg,k2_k6_f1_f3_f4_d455_color_20260920_164012_471764.mp4,869,7,1080
k2_k6_f1_f3_f4_d455_color_20260920_164012_471764_frame_000133_src_000876_000029200ms_int3.jpg,k2_k6_f1_f3_f4_d455_color_20260920_164012_471764.mp4,876,3,1080
k2_k6_f1_f3_f4_d455_color_20260920_164012_471764_frame_000134_src_000879_000029300ms_int7.jpg,k2_k6_f1_f3_f4_d455_color_20260920_164012_471764.mp4,879,7,1080
k2_k6_f1_f3_f4_d455_color_20260920_164012_471764_frame_000135_src_000886_000029533ms_int10.jpg,k2_k6_f1_f3_f4_d455_color_20260920_164012_471764.mp4,886,10,1080
k2_k6_f1_f3_f4_d455_color_20260920_164012_471764_frame_000136_src_000896_000029867ms_int10.jpg,k2_k6_f1_f3_f4_d455_color_20260920_164012_471764.mp4,896,10,1080
k2_k6_f1_f3_f4_d455_color_20260920_164012_471764_frame_000137_src_000906_000030200ms_int5.jpg,k2_k6_f1_f3_f4_d455_color_20260920_164012_471764.mp4,906,5,1080
k2_k6_f1_f3_f4_d455_color_20260920_164012_471764_frame_000138_src_000911_000030367ms_int5.jpg,k2_k6_f1_f3_f4_d455_color_20260920_164012_471764.mp4,911,5,1080
k2_k6_f1_f3_f4_d455_color_20260920_164012_471764_frame_000139_src_000916_000030533ms_int8.jpg,k2_k6_f1_f3_f4_d455_color_20260920_164012_471764.mp4,916,8,1080
k2_k6_f1_f3_f4_d455_color_20260920_164012_471764_frame_000140_src_000924_000030800ms_int7.jpg,k2_k6_f1_f3_f4_d455_color_20260920_164012_471764.mp4,924,7,1080
k2_k6_f1_f3_f4_d455_color_20260920_164012_471764_frame_000141_src_000931_000031033ms_int7.jpg,k2_k6_f1_f3_f4_d455_color_20260920_164012_471764.mp4,931,7,1080
k2_k6_f1_f3_f4_d455_color_20260920_164012_471764_frame_000142_src_000938_000031267ms_int7.jpg,k2_k6_f1_f3_f4_d455_color_20260920_164012_471764.mp4,938,7,1080
k2_k6_f1_f3_f4_d455_color_20260920_164012_471764_frame_000143_src_000945_000031500ms_int5.jpg,k2_k6_f1_f3_f4_d455_color_20260920_164012_471764.mp4,945,5,1080
k2_k6_f1_f3_f4_d455_color_20260920_164012_471764_frame_000144_src_000950_000031667ms_int10.jpg,k2_k6_f1_f3_f4_d455_color_20260920_164012_471764.mp4,950,10,1080
k2_k6_f1_f3_f4_d455_color_20260920_164012_471764_frame_000145_src_000960_000032000ms_int5.jpg,k2_k6_f1_f3_f4_d455_color_20260920_164012_471764.mp4,960,5,1080
k2_k6_f1_f3_f4_d455_color_20260920_164012_471764_frame_000146_src_000965_000032167ms_int10.jpg,k2_k6_f1_f3_f4_d455_color_20260920_164012_471764.mp4,965,10,1080
k2_k6_f1_f3_f4_d455_color_20260920_164012_471764_frame_000147_src_000975_000032500ms_int10.jpg,k2_k6_f1_f3_f4_d455_color_20260920_164012_471764.mp4,975,10,1080
k2_k6_f1_f3_f4_d455_color_20260920_164012_471764_frame_000148_src_000985_000032833ms_int8.jpg,k2_k6_f1_f3_f4_d455_color_20260920_164012_471764.mp4,985,8,1080
k2_k6_f1_f3_f4_d455_color_20260920_164012_471764_frame_000149_src_000993_000033100ms_int7.jpg,k2_k6_f1_f3_f4_d455_color_20260920_164012_471764.mp4,993,7,1080
k2_k6_f1_f3_f4_d455_color_20260920_164012_471764_frame_000150_src_001000_000033333ms_int5.jpg,k2_k6_f1_f3_f4_d455_color_20260920_164012_471764.mp4,1000,5,1080
k2_k6_f1_f3_f4_d455_color_20260920_164012_471764_frame_000151_src_001005_000033500ms_int7.jpg,k2_k6_f1_f3_f4_d455_color_20260920_164012_471764.mp4,1005,7,1080
k2_k6_f1_f3_f4_d455_color_20260920_164012_471764_frame_000152_src_001012_000033733ms_int5.jpg,k2_k6_f1_f3_f4_d455_color_20260920_164012_471764.mp4,1012,5,1080
k2_k6_f1_f3_f4_d455_color_20260920_164012_471764_frame_000153_src_001017_000033900ms_int8.jpg,k2_k6_f1_f3_f4_d455_color_20260920_164012_471764.mp4,1017,8,1080
k2_k6_f1_f3_f4_d455_color_20260920_164012_471764_frame_000154_src_001025_000034167ms_int7.jpg,k2_k6_f1_f3_f4_d455_color_20260920_164012_471764.mp4,1025,7,1080
k2_k6_f1_f3_f4_d455_color_20260920_164012_471764_frame_000155_src_001032_000034400ms_int8.jpg,k2_k6_f1_f3_f4_d455_color_20260920_164012_471764.mp4,1032,8,1080
k2_k6_f1_f3_f4_d455_color_20260920_164012_471764_frame_000156_src_001040_000034667ms_int8.jpg,k2_k6_f1_f3_f4_d455_color_20260920_164012_471764.mp4,1040,8,1080
k2_k6_f1_f3_f4_d455_color_20260920_164012_471764_frame_000157_src_001048_000034933ms_int10.jpg,k2_k6_f1_f3_f4_d455_color_20260920_164012_471764.mp4,1048,10,1080
k2_k6_f1_f3_f4_d455_color_20260920_164012_471764_frame_000158_src_001058_000035267ms_int8.jpg,k2_k6_f1_f3_f4_d455_color_20260920_164012_471764.mp4,1058,8,1080
k2_k6_f1_f3_f4_d455_color_20260920_164012_471764_frame_000159_src_001066_000035533ms_int10.jpg,k2_k6_f1_f3_f4_d455_color_20260920_164012_471764.mp4,1066,10,1080
k2_k6_f1_f3_f4_d455_color_20260920_164012_471764_frame_000160_src_001076_000035867ms_int5.jpg,k2_k6_f1_f3_f4_d455_color_20260920_164012_471764.mp4,1076,5,1080
k3k4k8f2f5_d455_color_20260920_164520_321659_frame_000000_src_000001_000000033ms_int3.jpg,k3k4k8f2f5_d455_color_20260920_164520_321659.mp4,1,3,1326
k3k4k8f2f5_d455_color_20260920_164520_321659_frame_000001_src_000004_000000133ms_int8.jpg,k3k4k8f2f5_d455_color_20260920_164520_321659.mp4,4,8,1326
k3k4k8f2f5_d455_color_20260920_164520_321659_frame_000002_src_000012_000000400ms_int8.jpg,k3k4k8f2f5_d455_color_20260920_164520_321659.mp4,12,8,1326
k3k4k8f2f5_d455_color_20260920_164520_321659_frame_000003_src_000020_000000667ms_int8.jpg,k3k4k8f2f5_d455_color_20260920_164520_321659.mp4,20,8,1326
k3k4k8f2f5_d455_color_20260920_164520_321659_frame_000004_src_000028_000000933ms_int7.jpg,k3k4k8f2f5_d455_color_20260920_164520_321659.mp4,28,7,1326
k3k4k8f2f5_d455_color_20260920_164520_321659_frame_000005_src_000035_000001167ms_int5.jpg,k3k4k8f2f5_d455_color_20260920_164520_321659.mp4,35,5,1326
k3k4k8f2f5_d455_color_20260920_164520_321659_frame_000006_src_000040_000001333ms_int3.jpg,k3k4k8f2f5_d455_color_20260920_164520_321659.mp4,40,3,1326
k3k4k8f2f5_d455_color_20260920_164520_321659_frame_000007_src_000043_000001433ms_int3.jpg,k3k4k8f2f5_d455_color_20260920_164520_321659.mp4,43,3,1326
k3k4k8f2f5_d455_color_20260920_164520_321659_frame_000008_src_000046_000001533ms_int7.jpg,k3k4k8f2f5_d455_color_20260920_164520_321659.mp4,46,7,1326
k3k4k8f2f5_d455_color_20260920_164520_321659_frame_000009_src_000053_000001767ms_int8.jpg,k3k4k8f2f5_d455_color_20260920_164520_321659.mp4,53,8,1326
k3k4k8f2f5_d455_color_20260920_164520_321659_frame_000010_src_000061_000002033ms_int3.jpg,k3k4k8f2f5_d455_color_20260920_164520_321659.mp4,61,3,1326
k3k4k8f2f5_d455_color_20260920_164520_321659_frame_000011_src_000064_000002133ms_int3.jpg,k3k4k8f2f5_d455_color_20260920_164520_321659.mp4,64,3,1326
k3k4k8f2f5_d455_color_20260920_164520_321659_frame_000012_src_000067_000002233ms_int8.jpg,k3k4k8f2f5_d455_color_20260920_164520_321659.mp4,67,8,1326
k3k4k8f2f5_d455_color_20260920_164520_321659_frame_000013_src_000075_000002500ms_int10.jpg,k3k4k8f2f5_d455_color_20260920_164520_321659.mp4,75,10,1326
k3k4k8f2f5_d455_color_20260920_164520_321659_frame_000014_src_000085_000002833ms_int7.jpg,k3k4k8f2f5_d455_color_20260920_164520_321659.mp4,85,7,1326
k3k4k8f2f5_d455_color_20260920_164520_321659_frame_000015_src_000092_000003067ms_int7.jpg,k3k4k8f2f5_d455_color_20260920_164520_321659.mp4,92,7,1326
k3k4k8f2f5_d455_color_20260920_164520_321659_frame_000016_src_000099_000003300ms_int5.jpg,k3k4k8f2f5_d455_color_20260920_164520_321659.mp4,99,5,1326
k3k4k8f2f5_d455_color_20260920_164520_321659_frame_000017_src_000104_000003467ms_int7.jpg,k3k4k8f2f5_d455_color_20260920_164520_321659.mp4,104,7,1326
k3k4k8f2f5_d455_color_20260920_164520_321659_frame_000018_src_000111_000003700ms_int7.jpg,k3k4k8f2f5_d455_color_20260920_164520_321659.mp4,111,7,1326
k3k4k8f2f5_d455_color_20260920_164520_321659_frame_000019_src_000118_000003933ms_int8.jpg,k3k4k8f2f5_d455_color_20260920_164520_321659.mp4,118,8,1326
k3k4k8f2f5_d455_color_20260920_164520_321659_frame_000020_src_000126_000004200ms_int5.jpg,k3k4k8f2f5_d455_color_20260920_164520_321659.mp4,126,5,1326
k3k4k8f2f5_d455_color_20260920_164520_321659_frame_000021_src_000131_000004367ms_int5.jpg,k3k4k8f2f5_d455_color_20260920_164520_321659.mp4,131,5,1326
k3k4k8f2f5_d455_color_20260920_164520_321659_frame_000022_src_000136_000004533ms_int10.jpg,k3k4k8f2f5_d455_color_20260920_164520_321659.mp4,136,10,1326
k3k4k8f2f5_d455_color_20260920_164520_321659_frame_000023_src_000146_000004867ms_int3.jpg,k3k4k8f2f5_d455_color_20260920_164520_321659.mp4,146,3,1326
k3k4k8f2f5_d455_color_20260920_164520_321659_frame_000024_src_000149_000004967ms_int3.jpg,k3k4k8f2f5_d455_color_20260920_164520_321659.mp4,149,3,1326
k3k4k8f2f5_d455_color_20260920_164520_321659_frame_000025_src_000152_000005067ms_int5.jpg,k3k4k8f2f5_d455_color_20260920_164520_321659.mp4,152,5,1326
k3k4k8f2f5_d455_color_20260920_164520_321659_frame_000026_src_000157_000005233ms_int8.jpg,k3k4k8f2f5_d455_color_20260920_164520_321659.mp4,157,8,1326
k3k4k8f2f5_d455_color_20260920_164520_321659_frame_000027_src_000165_000005500ms_int5.jpg,k3k4k8f2f5_d455_color_20260920_164520_321659.mp4,165,5,1326
k3k4k8f2f5_d455_color_20260920_164520_321659_frame_000028_src_000170_000005667ms_int8.jpg,k3k4k8f2f5_d455_color_20260920_164520_321659.mp4,170,8,1326
k3k4k8f2f5_d455_color_20260920_164520_321659_frame_000029_src_000178_000005933ms_int10.jpg,k3k4k8f2f5_d455_color_20260920_164520_321659.mp4,178,10,1326
k3k4k8f2f5_d455_color_20260920_164520_321659_frame_000030_src_000188_000006267ms_int8.jpg,k3k4k8f2f5_d455_color_20260920_164520_321659.mp4,188,8,1326
k3k4k8f2f5_d455_color_20260920_164520_321659_frame_000031_src_000196_000006533ms_int8.jpg,k3k4k8f2f5_d455_color_20260920_164520_321659.mp4,196,8,1326
k3k4k8f2f5_d455_color_20260920_164520_321659_frame_000032_src_000204_000006800ms_int10.jpg,k3k4k8f2f5_d455_color_20260920_164520_321659.mp4,204,10,1326
k3k4k8f2f5_d455_color_20260920_164520_321659_frame_000033_src_000214_000007133ms_int3.jpg,k3k4k8f2f5_d455_color_20260920_164520_321659.mp4,214,3,1326
k3k4k8f2f5_d455_color_20260920_164520_321659_frame_000034_src_000217_000007233ms_int10.jpg,k3k4k8f2f5_d455_color_20260920_164520_321659.mp4,217,10,1326
k3k4k8f2f5_d455_color_20260920_164520_321659_frame_000035_src_000227_000007567ms_int10.jpg,k3k4k8f2f5_d455_color_20260920_164520_321659.mp4,227,10,1326
k3k4k8f2f5_d455_color_20260920_164520_321659_frame_000036_src_000237_000007900ms_int3.jpg,k3k4k8f2f5_d455_color_20260920_164520_321659.mp4,237,3,1326
k3k4k8f2f5_d455_color_20260920_164520_321659_frame_000037_src_000240_000008000ms_int5.jpg,k3k4k8f2f5_d455_color_20260920_164520_321659.mp4,240,5,1326
k3k4k8f2f5_d455_color_20260920_164520_321659_frame_000038_src_000245_000008167ms_int3.jpg,k3k4k8f2f5_d455_color_20260920_164520_321659.mp4,245,3,1326
k3k4k8f2f5_d455_color_20260920_164520_321659_frame_000039_src_000248_000008267ms_int3.jpg,k3k4k8f2f5_d455_color_20260920_164520_321659.mp4,248,3,1326
k3k4k8f2f5_d455_color_20260920_164520_321659_frame_000040_src_000251_000008367ms_int7.jpg,k3k4k8f2f5_d455_color_20260920_164520_321659.mp4,251,7,1326
k3k4k8f2f5_d455_color_20260920_164520_321659_frame_000041_src_000258_000008600ms_int3.jpg,k3k4k8f2f5_d455_color_20260920_164520_321659.mp4,258,3,1326
k3k4k8f2f5_d455_color_20260920_164520_321659_frame_000042_src_000261_000008700ms_int3.jpg,k3k4k8f2f5_d455_color_20260920_164520_321659.mp4,261,3,1326
k3k4k8f2f5_d455_color_20260920_164520_321659_frame_000043_src_000264_000008800ms_int10.jpg,k3k4k8f2f5_d455_color_20260920_164520_321659.mp4,264,10,1326
k3k4k8f2f5_d455_color_20260920_164520_321659_frame_000044_src_000274_000009133ms_int8.jpg,k3k4k8f2f5_d455_color_20260920_164520_321659.mp4,274,8,1326
k3k4k8f2f5_d455_color_20260920_164520_321659_frame_000045_src_000282_000009400ms_int10.jpg,k3k4k8f2f5_d455_color_20260920_164520_321659.mp4,282,10,1326
k3k4k8f2f5_d455_color_20260920_164520_321659_frame_000046_src_000292_000009733ms_int8.jpg,k3k4k8f2f5_d455_color_20260920_164520_321659.mp4,292,8,1326
k3k4k8f2f5_d455_color_20260920_164520_321659_frame_000047_src_000300_000010000ms_int8.jpg,k3k4k8f2f5_d455_color_20260920_164520_321659.mp4,300,8,1326
k3k4k8f2f5_d455_color_20260920_164520_321659_frame_000048_src_000308_000010267ms_int5.jpg,k3k4k8f2f5_d455_color_20260920_164520_321659.mp4,308,5,1326
k3k4k8f2f5_d455_color_20260920_164520_321659_frame_000049_src_000313_000010433ms_int3.jpg,k3k4k8f2f5_d455_color_20260920_164520_321659.mp4,313,3,1326
k3k4k8f2f5_d455_color_20260920_164520_321659_frame_000050_src_000316_000010533ms_int8.jpg,k3k4k8f2f5_d455_color_20260920_164520_321659.mp4,316,8,1326
k3k4k8f2f5_d455_color_20260920_164520_321659_frame_000051_src_000324_000010800ms_int5.jpg,k3k4k8f2f5_d455_color_20260920_164520_321659.mp4,324,5,1326
k3k4k8f2f5_d455_color_20260920_164520_321659_frame_000052_src_000329_000010967ms_int5.jpg,k3k4k8f2f5_d455_color_20260920_164520_321659.mp4,329,5,1326
k3k4k8f2f5_d455_color_20260920_164520_321659_frame_000053_src_000334_000011133ms_int5.jpg,k3k4k8f2f5_d455_color_20260920_164520_321659.mp4,334,5,1326
k3k4k8f2f5_d455_color_20260920_164520_321659_frame_000054_src_000339_000011300ms_int5.jpg,k3k4k8f2f5_d455_color_20260920_164520_321659.mp4,339,5,1326
k3k4k8f2f5_d455_color_20260920_164520_321659_frame_000055_src_000344_000011467ms_int5.jpg,k3k4k8f2f5_d455_color_20260920_164520_321659.mp4,344,5,1326
k3k4k8f2f5_d455_color_20260920_164520_321659_frame_000056_src_000349_000011633ms_int10.jpg,k3k4k8f2f5_d455_color_20260920_164520_321659.mp4,349,10,1326
k3k4k8f2f5_d455_color_20260920_164520_321659_frame_000057_src_000359_000011967ms_int10.jpg,k3k4k8f2f5_d455_color_20260920_164520_321659.mp4,359,10,1326
k3k4k8f2f5_d455_color_20260920_164520_321659_frame_000058_src_000369_000012300ms_int7.jpg,k3k4k8f2f5_d455_color_20260920_164520_321659.mp4,369,7,1326
k3k4k8f2f5_d455_color_20260920_164520_321659_frame_000059_src_000376_000012533ms_int7.jpg,k3k4k8f2f5_d455_color_20260920_164520_321659.mp4,376,7,1326
k3k4k8f2f5_d455_color_20260920_164520_321659_frame_000060_src_000383_000012767ms_int10.jpg,k3k4k8f2f5_d455_color_20260920_164520_321659.mp4,383,10,1326
k3k4k8f2f5_d455_color_20260920_164520_321659_frame_000061_src_000393_000013100ms_int3.jpg,k3k4k8f2f5_d455_color_20260920_164520_321659.mp4,393,3,1326
k3k4k8f2f5_d455_color_20260920_164520_321659_frame_000062_src_000396_000013200ms_int7.jpg,k3k4k8f2f5_d455_color_20260920_164520_321659.mp4,396,7,1326
k3k4k8f2f5_d455_color_20260920_164520_321659_frame_000063_src_000403_000013433ms_int7.jpg,k3k4k8f2f5_d455_color_20260920_164520_321659.mp4,403,7,1326
k3k4k8f2f5_d455_color_20260920_164520_321659_frame_000064_src_000410_000013667ms_int10.jpg,k3k4k8f2f5_d455_color_20260920_164520_321659.mp4,410,10,1326
k3k4k8f2f5_d455_color_20260920_164520_321659_frame_000065_src_000420_000014000ms_int7.jpg,k3k4k8f2f5_d455_color_20260920_164520_321659.mp4,420,7,1326
k3k4k8f2f5_d455_color_20260920_164520_321659_frame_000066_src_000427_000014233ms_int3.jpg,k3k4k8f2f5_d455_color_20260920_164520_321659.mp4,427,3,1326
k3k4k8f2f5_d455_color_20260920_164520_321659_frame_000067_src_000430_000014333ms_int10.jpg,k3k4k8f2f5_d455_color_20260920_164520_321659.mp4,430,10,1326
k3k4k8f2f5_d455_color_20260920_164520_321659_frame_000068_src_000440_000014667ms_int5.jpg,k3k4k8f2f5_d455_color_20260920_164520_321659.mp4,440,5,1326
k3k4k8f2f5_d455_color_20260920_164520_321659_frame_000069_src_000445_000014833ms_int10.jpg,k3k4k8f2f5_d455_color_20260920_164520_321659.mp4,445,10,1326
k3k4k8f2f5_d455_color_20260920_164520_321659_frame_000070_src_000455_000015167ms_int8.jpg,k3k4k8f2f5_d455_color_20260920_164520_321659.mp4,455,8,1326
k3k4k8f2f5_d455_color_20260920_164520_321659_frame_000071_src_000463_000015433ms_int8.jpg,k3k4k8f2f5_d455_color_20260920_164520_321659.mp4,463,8,1326
k3k4k8f2f5_d455_color_20260920_164520_321659_frame_000072_src_000471_000015700ms_int10.jpg,k3k4k8f2f5_d455_color_20260920_164520_321659.mp4,471,10,1326
k3k4k8f2f5_d455_color_20260920_164520_321659_frame_000073_src_000481_000016033ms_int5.jpg,k3k4k8f2f5_d455_color_20260920_164520_321659.mp4,481,5,1326
k3k4k8f2f5_d455_color_20260920_164520_321659_frame_000074_src_000486_000016200ms_int5.jpg,k3k4k8f2f5_d455_color_20260920_164520_321659.mp4,486,5,1326
k3k4k8f2f5_d455_color_20260920_164520_321659_frame_000075_src_000491_000016367ms_int7.jpg,k3k4k8f2f5_d455_color_20260920_164520_321659.mp4,491,7,1326
k3k4k8f2f5_d455_color_20260920_164520_321659_frame_000076_src_000498_000016600ms_int8.jpg,k3k4k8f2f5_d455_color_20260920_164520_321659.mp4,498,8,1326
k3k4k8f2f5_d455_color_20260920_164520_321659_frame_000077_src_000506_000016867ms_int7.jpg,k3k4k8f2f5_d455_color_20260920_164520_321659.mp4,506,7,1326
k3k4k8f2f5_d455_color_20260920_164520_321659_frame_000078_src_000513_000017100ms_int5.jpg,k3k4k8f2f5_d455_color_20260920_164520_321659.mp4,513,5,1326
k3k4k8f2f5_d455_color_20260920_164520_321659_frame_000079_src_000518_000017267ms_int10.jpg,k3k4k8f2f5_d455_color_20260920_164520_321659.mp4,518,10,1326
k3k4k8f2f5_d455_color_20260920_164520_321659_frame_000080_src_000528_000017600ms_int5.jpg,k3k4k8f2f5_d455_color_20260920_164520_321659.mp4,528,5,1326
k3k4k8f2f5_d455_color_20260920_164520_321659_frame_000081_src_000533_000017767ms_int5.jpg,k3k4k8f2f5_d455_color_20260920_164520_321659.mp4,533,5,1326
k3k4k8f2f5_d455_color_20260920_164520_321659_frame_000082_src_000538_000017933ms_int5.jpg,k3k4k8f2f5_d455_color_20260920_164520_321659.mp4,538,5,1326
k3k4k8f2f5_d455_color_20260920_164520_321659_frame_000083_src_000543_000018100ms_int7.jpg,k3k4k8f2f5_d455_color_20260920_164520_321659.mp4,543,7,1326
k3k4k8f2f5_d455_color_20260920_164520_321659_frame_000084_src_000550_000018333ms_int7.jpg,k3k4k8f2f5_d455_color_20260920_164520_321659.mp4,550,7,1326
k3k4k8f2f5_d455_color_20260920_164520_321659_frame_000085_src_000557_000018567ms_int8.jpg,k3k4k8f2f5_d455_color_20260920_164520_321659.mp4,557,8,1326
k3k4k8f2f5_d455_color_20260920_164520_321659_frame_000086_src_000565_000018833ms_int10.jpg,k3k4k8f2f5_d455_color_20260920_164520_321659.mp4,565,10,1326
k3k4k8f2f5_d455_color_20260920_164520_321659_frame_000087_src_000575_000019167ms_int8.jpg,k3k4k8f2f5_d455_color_20260920_164520_321659.mp4,575,8,1326
k3k4k8f2f5_d455_color_20260920_164520_321659_frame_000088_src_000583_000019433ms_int7.jpg,k3k4k8f2f5_d455_color_20260920_164520_321659.mp4,583,7,1326
k3k4k8f2f5_d455_color_20260920_164520_321659_frame_000089_src_000590_000019667ms_int8.jpg,k3k4k8f2f5_d455_color_20260920_164520_321659.mp4,590,8,1326
k3k4k8f2f5_d455_color_20260920_164520_321659_frame_000090_src_000598_000019933ms_int8.jpg,k3k4k8f2f5_d455_color_20260920_164520_321659.mp4,598,8,1326
k3k4k8f2f5_d455_color_20260920_164520_321659_frame_000091_src_000606_000020200ms_int3.jpg,k3k4k8f2f5_d455_color_20260920_164520_321659.mp4,606,3,1326
k3k4k8f2f5_d455_color_20260920_164520_321659_frame_000092_src_000609_000020300ms_int3.jpg,k3k4k8f2f5_d455_color_20260920_164520_321659.mp4,609,3,1326
k3k4k8f2f5_d455_color_20260920_164520_321659_frame_000093_src_000612_000020400ms_int7.jpg,k3k4k8f2f5_d455_color_20260920_164520_321659.mp4,612,7,1326
k3k4k8f2f5_d455_color_20260920_164520_321659_frame_000094_src_000619_000020633ms_int7.jpg,k3k4k8f2f5_d455_color_20260920_164520_321659.mp4,619,7,1326
k3k4k8f2f5_d455_color_20260920_164520_321659_frame_000095_src_000626_000020867ms_int7.jpg,k3k4k8f2f5_d455_color_20260920_164520_321659.mp4,626,7,1326
k3k4k8f2f5_d455_color_20260920_164520_321659_frame_000096_src_000633_000021100ms_int3.jpg,k3k4k8f2f5_d455_color_20260920_164520_321659.mp4,633,3,1326
k3k4k8f2f5_d455_color_20260920_164520_321659_frame_000097_src_000636_000021200ms_int3.jpg,k3k4k8f2f5_d455_color_20260920_164520_321659.mp4,636,3,1326
k3k4k8f2f5_d455_color_20260920_164520_321659_frame_000098_src_000639_000021300ms_int5.jpg,k3k4k8f2f5_d455_color_20260920_164520_321659.mp4,639,5,1326
k3k4k8f2f5_d455_color_20260920_164520_321659_frame_000099_src_000644_000021467ms_int10.jpg,k3k4k8f2f5_d455_color_20260920_164520_321659.mp4,644,10,1326
k3k4k8f2f5_d455_color_20260920_164520_321659_frame_000100_src_000654_000021800ms_int5.jpg,k3k4k8f2f5_d455_color_20260920_164520_321659.mp4,654,5,1326
k3k4k8f2f5_d455_color_20260920_164520_321659_frame_000101_src_000659_000021967ms_int7.jpg,k3k4k8f2f5_d455_color_20260920_164520_321659.mp4,659,7,1326
k3k4k8f2f5_d455_color_20260920_164520_321659_frame_000102_src_000666_000022200ms_int8.jpg,k3k4k8f2f5_d455_color_20260920_164520_321659.mp4,666,8,1326
k3k4k8f2f5_d455_color_20260920_164520_321659_frame_000103_src_000674_000022467ms_int7.jpg,k3k4k8f2f5_d455_color_20260920_164520_321659.mp4,674,7,1326
k3k4k8f2f5_d455_color_20260920_164520_321659_frame_000104_src_000681_000022700ms_int7.jpg,k3k4k8f2f5_d455_color_20260920_164520_321659.mp4,681,7,1326
k3k4k8f2f5_d455_color_20260920_164520_321659_frame_000105_src_000688_000022933ms_int7.jpg,k3k4k8f2f5_d455_color_20260920_164520_321659.mp4,688,7,1326
k3k4k8f2f5_d455_color_20260920_164520_321659_frame_000106_src_000695_000023167ms_int5.jpg,k3k4k8f2f5_d455_color_20260920_164520_321659.mp4,695,5,1326
k3k4k8f2f5_d455_color_20260920_164520_321659_frame_000107_src_000700_000023333ms_int7.jpg,k3k4k8f2f5_d455_color_20260920_164520_321659.mp4,700,7,1326
k3k4k8f2f5_d455_color_20260920_164520_321659_frame_000108_src_000707_000023567ms_int3.jpg,k3k4k8f2f5_d455_color_20260920_164520_321659.mp4,707,3,1326
k3k4k8f2f5_d455_color_20260920_164520_321659_frame_000109_src_000710_000023667ms_int8.jpg,k3k4k8f2f5_d455_color_20260920_164520_321659.mp4,710,8,1326
k3k4k8f2f5_d455_color_20260920_164520_321659_frame_000110_src_000718_000023933ms_int8.jpg,k3k4k8f2f5_d455_color_20260920_164520_321659.mp4,718,8,1326
k3k4k8f2f5_d455_color_20260920_164520_321659_frame_000111_src_000726_000024200ms_int10.jpg,k3k4k8f2f5_d455_color_20260920_164520_321659.mp4,726,10,1326
k3k4k8f2f5_d455_color_20260920_164520_321659_frame_000112_src_000736_000024533ms_int10.jpg,k3k4k8f2f5_d455_color_20260920_164520_321659.mp4,736,10,1326
k3k4k8f2f5_d455_color_20260920_164520_321659_frame_000113_src_000746_000024867ms_int3.jpg,k3k4k8f2f5_d455_color_20260920_164520_321659.mp4,746,3,1326
k3k4k8f2f5_d455_color_20260920_164520_321659_frame_000114_src_000749_000024967ms_int8.jpg,k3k4k8f2f5_d455_color_20260920_164520_321659.mp4,749,8,1326
k3k4k8f2f5_d455_color_20260920_164520_321659_frame_000115_src_000757_000025233ms_int5.jpg,k3k4k8f2f5_d455_color_20260920_164520_321659.mp4,757,5,1326
k3k4k8f2f5_d455_color_20260920_164520_321659_frame_000116_src_000762_000025400ms_int8.jpg,k3k4k8f2f5_d455_color_20260920_164520_321659.mp4,762,8,1326
k3k4k8f2f5_d455_color_20260920_164520_321659_frame_000117_src_000770_000025667ms_int10.jpg,k3k4k8f2f5_d455_color_20260920_164520_321659.mp4,770,10,1326
k3k4k8f2f5_d455_color_20260920_164520_321659_frame_000118_src_000780_000026000ms_int7.jpg,k3k4k8f2f5_d455_color_20260920_164520_321659.mp4,780,7,1326
k3k4k8f2f5_d455_color_20260920_164520_321659_frame_000119_src_000787_000026233ms_int8.jpg,k3k4k8f2f5_d455_color_20260920_164520_321659.mp4,787,8,1326
k3k4k8f2f5_d455_color_20260920_164520_321659_frame_000120_src_000795_000026500ms_int10.jpg,k3k4k8f2f5_d455_color_20260920_164520_321659.mp4,795,10,1326
k3k4k8f2f5_d455_color_20260920_164520_321659_frame_000121_src_000805_000026833ms_int8.jpg,k3k4k8f2f5_d455_color_20260920_164520_321659.mp4,805,8,1326
k3k4k8f2f5_d455_color_20260920_164520_321659_frame_000122_src_000813_000027100ms_int8.jpg,k3k4k8f2f5_d455_color_20260920_164520_321659.mp4,813,8,1326
k3k4k8f2f5_d455_color_20260920_164520_321659_frame_000123_src_000821_000027367ms_int8.jpg,k3k4k8f2f5_d455_color_20260920_164520_321659.mp4,821,8,1326
k3k4k8f2f5_d455_color_20260920_164520_321659_frame_000124_src_000829_000027633ms_int5.jpg,k3k4k8f2f5_d455_color_20260920_164520_321659.mp4,829,5,1326
k3k4k8f2f5_d455_color_20260920_164520_321659_frame_000125_src_000834_000027800ms_int10.jpg,k3k4k8f2f5_d455_color_20260920_164520_321659.mp4,834,10,1326
k3k4k8f2f5_d455_color_20260920_164520_321659_frame_000126_src_000844_000028133ms_int5.jpg,k3k4k8f2f5_d455_color_20260920_164520_321659.mp4,844,5,1326
k3k4k8f2f5_d455_color_20260920_164520_321659_frame_000127_src_000849_000028300ms_int5.jpg,k3k4k8f2f5_d455_color_20260920_164520_321659.mp4,849,5,1326
k3k4k8f2f5_d455_color_20260920_164520_321659_frame_000128_src_000854_000028467ms_int5.jpg,k3k4k8f2f5_d455_color_20260920_164520_321659.mp4,854,5,1326
k3k4k8f2f5_d455_color_20260920_164520_321659_frame_000129_src_000859_000028633ms_int8.jpg,k3k4k8f2f5_d455_color_20260920_164520_321659.mp4,859,8,1326
k3k4k8f2f5_d455_color_20260920_164520_321659_frame_000130_src_000867_000028900ms_int5.jpg,k3k4k8f2f5_d455_color_20260920_164520_321659.mp4,867,5,1326
k3k4k8f2f5_d455_color_20260920_164520_321659_frame_000131_src_000872_000029067ms_int3.jpg,k3k4k8f2f5_d455_color_20260920_164520_321659.mp4,872,3,1326
k3k4k8f2f5_d455_color_20260920_164520_321659_frame_000132_src_000875_000029167ms_int7.jpg,k3k4k8f2f5_d455_color_20260920_164520_321659.mp4,875,7,1326
k3k4k8f2f5_d455_color_20260920_164520_321659_frame_000133_src_000882_000029400ms_int8.jpg,k3k4k8f2f5_d455_color_20260920_164520_321659.mp4,882,8,1326
k3k4k8f2f5_d455_color_20260920_164520_321659_frame_000134_src_000890_000029667ms_int8.jpg,k3k4k8f2f5_d455_color_20260920_164520_321659.mp4,890,8,1326
k3k4k8f2f5_d455_color_20260920_164520_321659_frame_000135_src_000898_000029933ms_int5.jpg,k3k4k8f2f5_d455_color_20260920_164520_321659.mp4,898,5,1326
k3k4k8f2f5_d455_color_20260920_164520_321659_frame_000136_src_000903_000030100ms_int5.jpg,k3k4k8f2f5_d455_color_20260920_164520_321659.mp4,903,5,1326
k3k4k8f2f5_d455_color_20260920_164520_321659_frame_000137_src_000908_000030267ms_int8.jpg,k3k4k8f2f5_d455_color_20260920_164520_321659.mp4,908,8,1326
k3k4k8f2f5_d455_color_20260920_164520_321659_frame_000138_src_000916_000030533ms_int3.jpg,k3k4k8f2f5_d455_color_20260920_164520_321659.mp4,916,3,1326
k3k4k8f2f5_d455_color_20260920_164520_321659_frame_000139_src_000919_000030633ms_int8.jpg,k3k4k8f2f5_d455_color_20260920_164520_321659.mp4,919,8,1326
k3k4k8f2f5_d455_color_20260920_164520_321659_frame_000140_src_000927_000030900ms_int3.jpg,k3k4k8f2f5_d455_color_20260920_164520_321659.mp4,927,3,1326
k3k4k8f2f5_d455_color_20260920_164520_321659_frame_000141_src_000930_000031000ms_int3.jpg,k3k4k8f2f5_d455_color_20260920_164520_321659.mp4,930,3,1326
k3k4k8f2f5_d455_color_20260920_164520_321659_frame_000142_src_000933_000031100ms_int7.jpg,k3k4k8f2f5_d455_color_20260920_164520_321659.mp4,933,7,1326
k3k4k8f2f5_d455_color_20260920_164520_321659_frame_000143_src_000940_000031333ms_int8.jpg,k3k4k8f2f5_d455_color_20260920_164520_321659.mp4,940,8,1326
k3k4k8f2f5_d455_color_20260920_164520_321659_frame_000144_src_000948_000031600ms_int8.jpg,k3k4k8f2f5_d455_color_20260920_164520_321659.mp4,948,8,1326
k3k4k8f2f5_d455_color_20260920_164520_321659_frame_000145_src_000956_000031867ms_int7.jpg,k3k4k8f2f5_d455_color_20260920_164520_321659.mp4,956,7,1326
k3k4k8f2f5_d455_color_20260920_164520_321659_frame_000146_src_000963_000032100ms_int3.jpg,k3k4k8f2f5_d455_color_20260920_164520_321659.mp4,963,3,1326
k3k4k8f2f5_d455_color_20260920_164520_321659_frame_000147_src_000966_000032200ms_int10.jpg,k3k4k8f2f5_d455_color_20260920_164520_321659.mp4,966,10,1326
k3k4k8f2f5_d455_color_20260920_164520_321659_frame_000148_src_000976_000032533ms_int3.jpg,k3k4k8f2f5_d455_color_20260920_164520_321659.mp4,976,3,1326
k3k4k8f2f5_d455_color_20260920_164520_321659_frame_000149_src_000979_000032633ms_int10.jpg,k3k4k8f2f5_d455_color_20260920_164520_321659.mp4,979,10,1326
k3k4k8f2f5_d455_color_20260920_164520_321659_frame_000150_src_000989_000032967ms_int3.jpg,k3k4k8f2f5_d455_color_20260920_164520_321659.mp4,989,3,1326
k3k4k8f2f5_d455_color_20260920_164520_321659_frame_000151_src_000992_000033067ms_int10.jpg,k3k4k8f2f5_d455_color_20260920_164520_321659.mp4,992,10,1326
k3k4k8f2f5_d455_color_20260920_164520_321659_frame_000152_src_001002_000033400ms_int8.jpg,k3k4k8f2f5_d455_color_20260920_164520_321659.mp4,1002,8,1326
k3k4k8f2f5_d455_color_20260920_164520_321659_frame_000153_src_001010_000033667ms_int8.jpg,k3k4k8f2f5_d455_color_20260920_164520_321659.mp4,1010,8,1326
k3k4k8f2f5_d455_color_20260920_164520_321659_frame_000154_src_001018_000033933ms_int3.jpg,k3k4k8f2f5_d455_color_20260920_164520_321659.mp4,1018,3,1326
k3k4k8f2f5_d455_color_20260920_164520_321659_frame_000155_src_001021_000034033ms_int7.jpg,k3k4k8f2f5_d455_color_20260920_164520_321659.mp4,1021,7,1326
k3k4k8f2f5_d455_color_20260920_164520_321659_frame_000156_src_001028_000034267ms_int10.jpg,k3k4k8f2f5_d455_color_20260920_164520_321659.mp4,1028,10,1326
k3k4k8f2f5_d455_color_20260920_164520_321659_frame_000157_src_001038_000034600ms_int3.jpg,k3k4k8f2f5_d455_color_20260920_164520_321659.mp4,1038,3,1326
k3k4k8f2f5_d455_color_20260920_164520_321659_frame_000158_src_001041_000034700ms_int5.jpg,k3k4k8f2f5_d455_color_20260920_164520_321659.mp4,1041,5,1326
k3k4k8f2f5_d455_color_20260920_164520_321659_frame_000159_src_001046_000034867ms_int8.jpg,k3k4k8f2f5_d455_color_20260920_164520_321659.mp4,1046,8,1326
k3k4k8f2f5_d455_color_20260920_164520_321659_frame_000160_src_001054_000035133ms_int8.jpg,k3k4k8f2f5_d455_color_20260920_164520_321659.mp4,1054,8,1326
k3k4k8f2f5_d455_color_20260920_164520_321659_frame_000161_src_001062_000035400ms_int7.jpg,k3k4k8f2f5_d455_color_20260920_164520_321659.mp4,1062,7,1326
k3k4k8f2f5_d455_color_20260920_164520_321659_frame_000162_src_001069_000035633ms_int5.jpg,k3k4k8f2f5_d455_color_20260920_164520_321659.mp4,1069,5,1326
k3k4k8f2f5_d455_color_20260920_164520_321659_frame_000163_src_001074_000035800ms_int5.jpg,k3k4k8f2f5_d455_color_20260920_164520_321659.mp4,1074,5,1326
k3k4k8f2f5_d455_color_20260920_164520_321659_frame_000164_src_001079_000035967ms_int3.jpg,k3k4k8f2f5_d455_color_20260920_164520_321659.mp4,1079,3,1326
k3k4k8f2f5_d455_color_20260920_164520_321659_frame_000165_src_001082_000036067ms_int8.jpg,k3k4k8f2f5_d455_color_20260920_164520_321659.mp4,1082,8,1326
k3k4k8f2f5_d455_color_20260920_164520_321659_frame_000166_src_001090_000036333ms_int7.jpg,k3k4k8f2f5_d455_color_20260920_164520_321659.mp4,1090,7,1326
k3k4k8f2f5_d455_color_20260920_164520_321659_frame_000167_src_001097_000036567ms_int5.jpg,k3k4k8f2f5_d455_color_20260920_164520_321659.mp4,1097,5,1326
k3k4k8f2f5_d455_color_20260920_164520_321659_frame_000168_src_001102_000036733ms_int10.jpg,k3k4k8f2f5_d455_color_20260920_164520_321659.mp4,1102,10,1326
k3k4k8f2f5_d455_color_20260920_164520_321659_frame_000169_src_001112_000037067ms_int5.jpg,k3k4k8f2f5_d455_color_20260920_164520_321659.mp4,1112,5,1326
k3k4k8f2f5_d455_color_20260920_164520_321659_frame_000170_src_001117_000037233ms_int5.jpg,k3k4k8f2f5_d455_color_20260920_164520_321659.mp4,1117,5,1326
k3k4k8f2f5_d455_color_20260920_164520_321659_frame_000171_src_001122_000037400ms_int8.jpg,k3k4k8f2f5_d455_color_20260920_164520_321659.mp4,1122,8,1326
k3k4k8f2f5_d455_color_20260920_164520_321659_frame_000172_src_001130_000037667ms_int5.jpg,k3k4k8f2f5_d455_color_20260920_164520_321659.mp4,1130,5,1326
k3k4k8f2f5_d455_color_20260920_164520_321659_frame_000173_src_001135_000037833ms_int5.jpg,k3k4k8f2f5_d455_color_20260920_164520_321659.mp4,1135,5,1326
k3k4k8f2f5_d455_color_20260920_164520_321659_frame_000174_src_001140_000038000ms_int7.jpg,k3k4k8f2f5_d455_color_20260920_164520_321659.mp4,1140,7,1326
k3k4k8f2f5_d455_color_20260920_164520_321659_frame_000175_src_001147_000038233ms_int5.jpg,k3k4k8f2f5_d455_color_20260920_164520_321659.mp4,1147,5,1326
k3k4k8f2f5_d455_color_20260920_164520_321659_frame_000176_src_001152_000038400ms_int7.jpg,k3k4k8f2f5_d455_color_20260920_164520_321659.mp4,1152,7,1326
k3k4k8f2f5_d455_color_20260920_164520_321659_frame_000177_src_001159_000038633ms_int10.jpg,k3k4k8f2f5_d455_color_20260920_164520_321659.mp4,1159,10,1326
k3k4k8f2f5_d455_color_20260920_164520_321659_frame_000178_src_001169_000038967ms_int8.jpg,k3k4k8f2f5_d455_color_20260920_164520_321659.mp4,1169,8,1326
k3k4k8f2f5_d455_color_20260920_164520_321659_frame_000179_src_001177_000039233ms_int8.jpg,k3k4k8f2f5_d455_color_20260920_164520_321659.mp4,1177,8,1326
k3k4k8f2f5_d455_color_20260920_164520_321659_frame_000180_src_001185_000039500ms_int3.jpg,k3k4k8f2f5_d455_color_20260920_164520_321659.mp4,1185,3,1326
k3k4k8f2f5_d455_color_20260920_164520_321659_frame_000181_src_001188_000039600ms_int5.jpg,k3k4k8f2f5_d455_color_20260920_164520_321659.mp4,1188,5,1326
k3k4k8f2f5_d455_color_20260920_164520_321659_frame_000182_src_001193_000039767ms_int8.jpg,k3k4k8f2f5_d455_color_20260920_164520_321659.mp4,1193,8,1326
k3k4k8f2f5_d455_color_20260920_164520_321659_frame_000183_src_001201_000040033ms_int7.jpg,k3k4k8f2f5_d455_color_20260920_164520_321659.mp4,1201,7,1326
k3k4k8f2f5_d455_color_20260920_164520_321659_frame_000184_src_001208_000040267ms_int5.jpg,k3k4k8f2f5_d455_color_20260920_164520_321659.mp4,1208,5,1326
k3k4k8f2f5_d455_color_20260920_164520_321659_frame_000185_src_001213_000040433ms_int10.jpg,k3k4k8f2f5_d455_color_20260920_164520_321659.mp4,1213,10,1326
k3k4k8f2f5_d455_color_20260920_164520_321659_frame_000186_src_001223_000040767ms_int3.jpg,k3k4k8f2f5_d455_color_20260920_164520_321659.mp4,1223,3,1326
k3k4k8f2f5_d455_color_20260920_164520_321659_frame_000187_src_001226_000040867ms_int5.jpg,k3k4k8f2f5_d455_color_20260920_164520_321659.mp4,1226,5,1326
k3k4k8f2f5_d455_color_20260920_164520_321659_frame_000188_src_001231_000041033ms_int10.jpg,k3k4k8f2f5_d455_color_20260920_164520_321659.mp4,1231,10,1326
k3k4k8f2f5_d455_color_20260920_164520_321659_frame_000189_src_001241_000041367ms_int8.jpg,k3k4k8f2f5_d455_color_20260920_164520_321659.mp4,1241,8,1326
k3k4k8f2f5_d455_color_20260920_164520_321659_frame_000190_src_001249_000041633ms_int3.jpg,k3k4k8f2f5_d455_color_20260920_164520_321659.mp4,1249,3,1326
k3k4k8f2f5_d455_color_20260920_164520_321659_frame_000191_src_001252_000041733ms_int3.jpg,k3k4k8f2f5_d455_color_20260920_164520_321659.mp4,1252,3,1326
k3k4k8f2f5_d455_color_20260920_164520_321659_frame_000192_src_001255_000041833ms_int7.jpg,k3k4k8f2f5_d455_color_20260920_164520_321659.mp4,1255,7,1326
k3k4k8f2f5_d455_color_20260920_164520_321659_frame_000193_src_001262_000042067ms_int8.jpg,k3k4k8f2f5_d455_color_20260920_164520_321659.mp4,1262,8,1326
k3k4k8f2f5_d455_color_20260920_164520_321659_frame_000194_src_001270_000042333ms_int8.jpg,k3k4k8f2f5_d455_color_20260920_164520_321659.mp4,1270,8,1326
k3k4k8f2f5_d455_color_20260920_164520_321659_frame_000195_src_001278_000042600ms_int3.jpg,k3k4k8f2f5_d455_color_20260920_164520_321659.mp4,1278,3,1326
k3k4k8f2f5_d455_color_20260920_164520_321659_frame_000196_src_001281_000042700ms_int7.jpg,k3k4k8f2f5_d455_color_20260920_164520_321659.mp4,1281,7,1326
k3k4k8f2f5_d455_color_20260920_164520_321659_frame_000197_src_001288_000042933ms_int5.jpg,k3k4k8f2f5_d455_color_20260920_164520_321659.mp4,1288,5,1326
k3k4k8f2f5_d455_color_20260920_164520_321659_frame_000198_src_001293_000043100ms_int8.jpg,k3k4k8f2f5_d455_color_20260920_164520_321659.mp4,1293,8,1326
k3k4k8f2f5_d455_color_20260920_164520_321659_frame_000199_src_001301_000043367ms_int3.jpg,k3k4k8f2f5_d455_color_20260920_164520_321659.mp4,1301,3,1326
k3k4k8f2f5_d455_color_20260920_164520_321659_frame_000200_src_001304_000043467ms_int3.jpg,k3k4k8f2f5_d455_color_20260920_164520_321659.mp4,1304,3,1326
k3k4k8f2f5_d455_color_20260920_164520_321659_frame_000201_src_001307_000043567ms_int3.jpg,k3k4k8f2f5_d455_color_20260920_164520_321659.mp4,1307,3,1326
k3k4k8f2f5_d455_color_20260920_164520_321659_frame_000202_src_001310_000043667ms_int7.jpg,k3k4k8f2f5_d455_color_20260920_164520_321659.mp4,1310,7,1326
k3k4k8f2f5_d455_color_20260920_164520_321659_frame_000203_src_001317_000043900ms_int10.jpg,k3k4k8f2f5_d455_color_20260920_164520_321659.mp4,1317,10,1326
k3k4k8f2f5_d455_color_20260920_164653_797615_frame_000000_src_000000_000000000ms_int7.jpg,k3k4k8f2f5_d455_color_20260920_164653_797615.mp4,0,7,1351
k3k4k8f2f5_d455_color_20260920_164653_797615_frame_000001_src_000007_000000233ms_int5.jpg,k3k4k8f2f5_d455_color_20260920_164653_797615.mp4,7,5,1351
k3k4k8f2f5_d455_color_20260920_164653_797615_frame_000002_src_000012_000000400ms_int5.jpg,k3k4k8f2f5_d455_color_20260920_164653_797615.mp4,12,5,1351
k3k4k8f2f5_d455_color_20260920_164653_797615_frame_000003_src_000017_000000567ms_int5.jpg,k3k4k8f2f5_d455_color_20260920_164653_797615.mp4,17,5,1351
k3k4k8f2f5_d455_color_20260920_164653_797615_frame_000004_src_000022_000000733ms_int10.jpg,k3k4k8f2f5_d455_color_20260920_164653_797615.mp4,22,10,1351
k3k4k8f2f5_d455_color_20260920_164653_797615_frame_000005_src_000032_000001067ms_int7.jpg,k3k4k8f2f5_d455_color_20260920_164653_797615.mp4,32,7,1351
k3k4k8f2f5_d455_color_20260920_164653_797615_frame_000006_src_000039_000001300ms_int7.jpg,k3k4k8f2f5_d455_color_20260920_164653_797615.mp4,39,7,1351
k3k4k8f2f5_d455_color_20260920_164653_797615_frame_000007_src_000046_000001533ms_int10.jpg,k3k4k8f2f5_d455_color_20260920_164653_797615.mp4,46,10,1351
k3k4k8f2f5_d455_color_20260920_164653_797615_frame_000008_src_000056_000001867ms_int5.jpg,k3k4k8f2f5_d455_color_20260920_164653_797615.mp4,56,5,1351
k3k4k8f2f5_d455_color_20260920_164653_797615_frame_000009_src_000061_000002033ms_int5.jpg,k3k4k8f2f5_d455_color_20260920_164653_797615.mp4,61,5,1351
k3k4k8f2f5_d455_color_20260920_164653_797615_frame_000010_src_000066_000002200ms_int10.jpg,k3k4k8f2f5_d455_color_20260920_164653_797615.mp4,66,10,1351
k3k4k8f2f5_d455_color_20260920_164653_797615_frame_000011_src_000076_000002533ms_int10.jpg,k3k4k8f2f5_d455_color_20260920_164653_797615.mp4,76,10,1351
k3k4k8f2f5_d455_color_20260920_164653_797615_frame_000012_src_000086_000002867ms_int8.jpg,k3k4k8f2f5_d455_color_20260920_164653_797615.mp4,86,8,1351
k3k4k8f2f5_d455_color_20260920_164653_797615_frame_000013_src_000094_000003133ms_int8.jpg,k3k4k8f2f5_d455_color_20260920_164653_797615.mp4,94,8,1351
k3k4k8f2f5_d455_color_20260920_164653_797615_frame_000014_src_000102_000003400ms_int7.jpg,k3k4k8f2f5_d455_color_20260920_164653_797615.mp4,102,7,1351
k3k4k8f2f5_d455_color_20260920_164653_797615_frame_000015_src_000109_000003633ms_int3.jpg,k3k4k8f2f5_d455_color_20260920_164653_797615.mp4,109,3,1351
k3k4k8f2f5_d455_color_20260920_164653_797615_frame_000016_src_000112_000003733ms_int7.jpg,k3k4k8f2f5_d455_color_20260920_164653_797615.mp4,112,7,1351
k3k4k8f2f5_d455_color_20260920_164653_797615_frame_000017_src_000119_000003967ms_int3.jpg,k3k4k8f2f5_d455_color_20260920_164653_797615.mp4,119,3,1351
k3k4k8f2f5_d455_color_20260920_164653_797615_frame_000018_src_000122_000004067ms_int8.jpg,k3k4k8f2f5_d455_color_20260920_164653_797615.mp4,122,8,1351
k3k4k8f2f5_d455_color_20260920_164653_797615_frame_000019_src_000130_000004333ms_int7.jpg,k3k4k8f2f5_d455_color_20260920_164653_797615.mp4,130,7,1351
k3k4k8f2f5_d455_color_20260920_164653_797615_frame_000020_src_000137_000004567ms_int10.jpg,k3k4k8f2f5_d455_color_20260920_164653_797615.mp4,137,10,1351
k3k4k8f2f5_d455_color_20260920_164653_797615_frame_000021_src_000147_000004900ms_int5.jpg,k3k4k8f2f5_d455_color_20260920_164653_797615.mp4,147,5,1351
k3k4k8f2f5_d455_color_20260920_164653_797615_frame_000022_src_000152_000005067ms_int3.jpg,k3k4k8f2f5_d455_color_20260920_164653_797615.mp4,152,3,1351
k3k4k8f2f5_d455_color_20260920_164653_797615_frame_000023_src_000155_000005167ms_int5.jpg,k3k4k8f2f5_d455_color_20260920_164653_797615.mp4,155,5,1351
k3k4k8f2f5_d455_color_20260920_164653_797615_frame_000024_src_000160_000005333ms_int5.jpg,k3k4k8f2f5_d455_color_20260920_164653_797615.mp4,160,5,1351
k3k4k8f2f5_d455_color_20260920_164653_797615_frame_000025_src_000165_000005500ms_int8.jpg,k3k4k8f2f5_d455_color_20260920_164653_797615.mp4,165,8,1351
k3k4k8f2f5_d455_color_20260920_164653_797615_frame_000026_src_000173_000005767ms_int7.jpg,k3k4k8f2f5_d455_color_20260920_164653_797615.mp4,173,7,1351
k3k4k8f2f5_d455_color_20260920_164653_797615_frame_000027_src_000180_000006000ms_int5.jpg,k3k4k8f2f5_d455_color_20260920_164653_797615.mp4,180,5,1351
k3k4k8f2f5_d455_color_20260920_164653_797615_frame_000028_src_000185_000006167ms_int8.jpg,k3k4k8f2f5_d455_color_20260920_164653_797615.mp4,185,8,1351
k3k4k8f2f5_d455_color_20260920_164653_797615_frame_000029_src_000193_000006433ms_int7.jpg,k3k4k8f2f5_d455_color_20260920_164653_797615.mp4,193,7,1351
k3k4k8f2f5_d455_color_20260920_164653_797615_frame_000030_src_000200_000006667ms_int8.jpg,k3k4k8f2f5_d455_color_20260920_164653_797615.mp4,200,8,1351
k3k4k8f2f5_d455_color_20260920_164653_797615_frame_000031_src_000208_000006933ms_int3.jpg,k3k4k8f2f5_d455_color_20260920_164653_797615.mp4,208,3,1351
k3k4k8f2f5_d455_color_20260920_164653_797615_frame_000032_src_000211_000007033ms_int10.jpg,k3k4k8f2f5_d455_color_20260920_164653_797615.mp4,211,10,1351
k3k4k8f2f5_d455_color_20260920_164653_797615_frame_000033_src_000221_000007367ms_int7.jpg,k3k4k8f2f5_d455_color_20260920_164653_797615.mp4,221,7,1351
k3k4k8f2f5_d455_color_20260920_164653_797615_frame_000034_src_000228_000007600ms_int8.jpg,k3k4k8f2f5_d455_color_20260920_164653_797615.mp4,228,8,1351
k3k4k8f2f5_d455_color_20260920_164653_797615_frame_000035_src_000236_000007867ms_int7.jpg,k3k4k8f2f5_d455_color_20260920_164653_797615.mp4,236,7,1351
k3k4k8f2f5_d455_color_20260920_164653_797615_frame_000036_src_000243_000008100ms_int3.jpg,k3k4k8f2f5_d455_color_20260920_164653_797615.mp4,243,3,1351
k3k4k8f2f5_d455_color_20260920_164653_797615_frame_000037_src_000246_000008200ms_int10.jpg,k3k4k8f2f5_d455_color_20260920_164653_797615.mp4,246,10,1351
k3k4k8f2f5_d455_color_20260920_164653_797615_frame_000038_src_000256_000008533ms_int3.jpg,k3k4k8f2f5_d455_color_20260920_164653_797615.mp4,256,3,1351
k3k4k8f2f5_d455_color_20260920_164653_797615_frame_000039_src_000259_000008633ms_int8.jpg,k3k4k8f2f5_d455_color_20260920_164653_797615.mp4,259,8,1351
k3k4k8f2f5_d455_color_20260920_164653_797615_frame_000040_src_000267_000008900ms_int10.jpg,k3k4k8f2f5_d455_color_20260920_164653_797615.mp4,267,10,1351
k3k4k8f2f5_d455_color_20260920_164653_797615_frame_000041_src_000277_000009233ms_int7.jpg,k3k4k8f2f5_d455_color_20260920_164653_797615.mp4,277,7,1351
k3k4k8f2f5_d455_color_20260920_164653_797615_frame_000042_src_000284_000009467ms_int10.jpg,k3k4k8f2f5_d455_color_20260920_164653_797615.mp4,284,10,1351
k3k4k8f2f5_d455_color_20260920_164653_797615_frame_000043_src_000294_000009800ms_int10.jpg,k3k4k8f2f5_d455_color_20260920_164653_797615.mp4,294,10,1351
k3k4k8f2f5_d455_color_20260920_164653_797615_frame_000044_src_000304_000010133ms_int10.jpg,k3k4k8f2f5_d455_color_20260920_164653_797615.mp4,304,10,1351
k3k4k8f2f5_d455_color_20260920_164653_797615_frame_000045_src_000314_000010467ms_int8.jpg,k3k4k8f2f5_d455_color_20260920_164653_797615.mp4,314,8,1351
k3k4k8f2f5_d455_color_20260920_164653_797615_frame_000046_src_000322_000010733ms_int10.jpg,k3k4k8f2f5_d455_color_20260920_164653_797615.mp4,322,10,1351
k3k4k8f2f5_d455_color_20260920_164653_797615_frame_000047_src_000332_000011067ms_int10.jpg,k3k4k8f2f5_d455_color_20260920_164653_797615.mp4,332,10,1351
k3k4k8f2f5_d455_color_20260920_164653_797615_frame_000048_src_000342_000011400ms_int10.jpg,k3k4k8f2f5_d455_color_20260920_164653_797615.mp4,342,10,1351
k3k4k8f2f5_d455_color_20260920_164653_797615_frame_000049_src_000352_000011733ms_int8.jpg,k3k4k8f2f5_d455_color_20260920_164653_797615.mp4,352,8,1351
k3k4k8f2f5_d455_color_20260920_164653_797615_frame_000050_src_000360_000012000ms_int8.jpg,k3k4k8f2f5_d455_color_20260920_164653_797615.mp4,360,8,1351
k3k4k8f2f5_d455_color_20260920_164653_797615_frame_000051_src_000368_000012267ms_int10.jpg,k3k4k8f2f5_d455_color_20260920_164653_797615.mp4,368,10,1351
k3k4k8f2f5_d455_color_20260920_164653_797615_frame_000052_src_000378_000012600ms_int7.jpg,k3k4k8f2f5_d455_color_20260920_164653_797615.mp4,378,7,1351
k3k4k8f2f5_d455_color_20260920_164653_797615_frame_000053_src_000385_000012833ms_int5.jpg,k3k4k8f2f5_d455_color_20260920_164653_797615.mp4,385,5,1351
k3k4k8f2f5_d455_color_20260920_164653_797615_frame_000054_src_000390_000013000ms_int8.jpg,k3k4k8f2f5_d455_color_20260920_164653_797615.mp4,390,8,1351
k3k4k8f2f5_d455_color_20260920_164653_797615_frame_000055_src_000398_000013267ms_int7.jpg,k3k4k8f2f5_d455_color_20260920_164653_797615.mp4,398,7,1351
k3k4k8f2f5_d455_color_20260920_164653_797615_frame_000056_src_000405_000013500ms_int5.jpg,k3k4k8f2f5_d455_color_20260920_164653_797615.mp4,405,5,1351
k3k4k8f2f5_d455_color_20260920_164653_797615_frame_000057_src_000410_000013667ms_int8.jpg,k3k4k8f2f5_d455_color_20260920_164653_797615.mp4,410,8,1351
k3k4k8f2f5_d455_color_20260920_164653_797615_frame_000058_src_000418_000013933ms_int3.jpg,k3k4k8f2f5_d455_color_20260920_164653_797615.mp4,418,3,1351
k3k4k8f2f5_d455_color_20260920_164653_797615_frame_000059_src_000421_000014033ms_int5.jpg,k3k4k8f2f5_d455_color_20260920_164653_797615.mp4,421,5,1351
k3k4k8f2f5_d455_color_20260920_164653_797615_frame_000060_src_000426_000014200ms_int8.jpg,k3k4k8f2f5_d455_color_20260920_164653_797615.mp4,426,8,1351
k3k4k8f2f5_d455_color_20260920_164653_797615_frame_000061_src_000434_000014467ms_int8.jpg,k3k4k8f2f5_d455_color_20260920_164653_797615.mp4,434,8,1351
k3k4k8f2f5_d455_color_20260920_164653_797615_frame_000062_src_000442_000014733ms_int5.jpg,k3k4k8f2f5_d455_color_20260920_164653_797615.mp4,442,5,1351
k3k4k8f2f5_d455_color_20260920_164653_797615_frame_000063_src_000447_000014900ms_int3.jpg,k3k4k8f2f5_d455_color_20260920_164653_797615.mp4,447,3,1351
k3k4k8f2f5_d455_color_20260920_164653_797615_frame_000064_src_000450_000015000ms_int10.jpg,k3k4k8f2f5_d455_color_20260920_164653_797615.mp4,450,10,1351
k3k4k8f2f5_d455_color_20260920_164653_797615_frame_000065_src_000460_000015333ms_int5.jpg,k3k4k8f2f5_d455_color_20260920_164653_797615.mp4,460,5,1351
k3k4k8f2f5_d455_color_20260920_164653_797615_frame_000066_src_000465_000015500ms_int3.jpg,k3k4k8f2f5_d455_color_20260920_164653_797615.mp4,465,3,1351
k3k4k8f2f5_d455_color_20260920_164653_797615_frame_000067_src_000468_000015600ms_int5.jpg,k3k4k8f2f5_d455_color_20260920_164653_797615.mp4,468,5,1351
k3k4k8f2f5_d455_color_20260920_164653_797615_frame_000068_src_000473_000015767ms_int5.jpg,k3k4k8f2f5_d455_color_20260920_164653_797615.mp4,473,5,1351
k3k4k8f2f5_d455_color_20260920_164653_797615_frame_000069_src_000478_000015933ms_int8.jpg,k3k4k8f2f5_d455_color_20260920_164653_797615.mp4,478,8,1351
k3k4k8f2f5_d455_color_20260920_164653_797615_frame_000070_src_000486_000016200ms_int5.jpg,k3k4k8f2f5_d455_color_20260920_164653_797615.mp4,486,5,1351
k3k4k8f2f5_d455_color_20260920_164653_797615_frame_000071_src_000491_000016367ms_int7.jpg,k3k4k8f2f5_d455_color_20260920_164653_797615.mp4,491,7,1351
k3k4k8f2f5_d455_color_20260920_164653_797615_frame_000072_src_000498_000016600ms_int7.jpg,k3k4k8f2f5_d455_color_20260920_164653_797615.mp4,498,7,1351
k3k4k8f2f5_d455_color_20260920_164653_797615_frame_000073_src_000505_000016833ms_int8.jpg,k3k4k8f2f5_d455_color_20260920_164653_797615.mp4,505,8,1351
k3k4k8f2f5_d455_color_20260920_164653_797615_frame_000074_src_000513_000017100ms_int3.jpg,k3k4k8f2f5_d455_color_20260920_164653_797615.mp4,513,3,1351
k3k4k8f2f5_d455_color_20260920_164653_797615_frame_000075_src_000516_000017200ms_int3.jpg,k3k4k8f2f5_d455_color_20260920_164653_797615.mp4,516,3,1351
k3k4k8f2f5_d455_color_20260920_164653_797615_frame_000076_src_000519_000017300ms_int10.jpg,k3k4k8f2f5_d455_color_20260920_164653_797615.mp4,519,10,1351
k3k4k8f2f5_d455_color_20260920_164653_797615_frame_000077_src_000529_000017633ms_int5.jpg,k3k4k8f2f5_d455_color_20260920_164653_797615.mp4,529,5,1351
k3k4k8f2f5_d455_color_20260920_164653_797615_frame_000078_src_000534_000017800ms_int10.jpg,k3k4k8f2f5_d455_color_20260920_164653_797615.mp4,534,10,1351
k3k4k8f2f5_d455_color_20260920_164653_797615_frame_000079_src_000544_000018133ms_int7.jpg,k3k4k8f2f5_d455_color_20260920_164653_797615.mp4,544,7,1351
k3k4k8f2f5_d455_color_20260920_164653_797615_frame_000080_src_000551_000018367ms_int7.jpg,k3k4k8f2f5_d455_color_20260920_164653_797615.mp4,551,7,1351
k3k4k8f2f5_d455_color_20260920_164653_797615_frame_000081_src_000558_000018600ms_int10.jpg,k3k4k8f2f5_d455_color_20260920_164653_797615.mp4,558,10,1351
k3k4k8f2f5_d455_color_20260920_164653_797615_frame_000082_src_000568_000018933ms_int10.jpg,k3k4k8f2f5_d455_color_20260920_164653_797615.mp4,568,10,1351
k3k4k8f2f5_d455_color_20260920_164653_797615_frame_000083_src_000578_000019267ms_int8.jpg,k3k4k8f2f5_d455_color_20260920_164653_797615.mp4,578,8,1351
k3k4k8f2f5_d455_color_20260920_164653_797615_frame_000084_src_000586_000019533ms_int7.jpg,k3k4k8f2f5_d455_color_20260920_164653_797615.mp4,586,7,1351
k3k4k8f2f5_d455_color_20260920_164653_797615_frame_000085_src_000593_000019767ms_int8.jpg,k3k4k8f2f5_d455_color_20260920_164653_797615.mp4,593,8,1351
k3k4k8f2f5_d455_color_20260920_164653_797615_frame_000086_src_000601_000020033ms_int7.jpg,k3k4k8f2f5_d455_color_20260920_164653_797615.mp4,601,7,1351
k3k4k8f2f5_d455_color_20260920_164653_797615_frame_000087_src_000608_000020267ms_int5.jpg,k3k4k8f2f5_d455_color_20260920_164653_797615.mp4,608,5,1351
k3k4k8f2f5_d455_color_20260920_164653_797615_frame_000088_src_000613_000020433ms_int7.jpg,k3k4k8f2f5_d455_color_20260920_164653_797615.mp4,613,7,1351
k3k4k8f2f5_d455_color_20260920_164653_797615_frame_000089_src_000620_000020667ms_int8.jpg,k3k4k8f2f5_d455_color_20260920_164653_797615.mp4,620,8,1351
k3k4k8f2f5_d455_color_20260920_164653_797615_frame_000090_src_000628_000020933ms_int5.jpg,k3k4k8f2f5_d455_color_20260920_164653_797615.mp4,628,5,1351
k3k4k8f2f5_d455_color_20260920_164653_797615_frame_000091_src_000633_000021100ms_int7.jpg,k3k4k8f2f5_d455_color_20260920_164653_797615.mp4,633,7,1351
k3k4k8f2f5_d455_color_20260920_164653_797615_frame_000092_src_000640_000021333ms_int10.jpg,k3k4k8f2f5_d455_color_20260920_164653_797615.mp4,640,10,1351
k3k4k8f2f5_d455_color_20260920_164653_797615_frame_000093_src_000650_000021667ms_int8.jpg,k3k4k8f2f5_d455_color_20260920_164653_797615.mp4,650,8,1351
k3k4k8f2f5_d455_color_20260920_164653_797615_frame_000094_src_000658_000021933ms_int7.jpg,k3k4k8f2f5_d455_color_20260920_164653_797615.mp4,658,7,1351
k3k4k8f2f5_d455_color_20260920_164653_797615_frame_000095_src_000665_000022167ms_int8.jpg,k3k4k8f2f5_d455_color_20260920_164653_797615.mp4,665,8,1351
k3k4k8f2f5_d455_color_20260920_164653_797615_frame_000096_src_000673_000022433ms_int7.jpg,k3k4k8f2f5_d455_color_20260920_164653_797615.mp4,673,7,1351
k3k4k8f2f5_d455_color_20260920_164653_797615_frame_000097_src_000680_000022667ms_int5.jpg,k3k4k8f2f5_d455_color_20260920_164653_797615.mp4,680,5,1351
k3k4k8f2f5_d455_color_20260920_164653_797615_frame_000098_src_000685_000022833ms_int10.jpg,k3k4k8f2f5_d455_color_20260920_164653_797615.mp4,685,10,1351
k3k4k8f2f5_d455_color_20260920_164653_797615_frame_000099_src_000695_000023167ms_int10.jpg,k3k4k8f2f5_d455_color_20260920_164653_797615.mp4,695,10,1351
k3k4k8f2f5_d455_color_20260920_164653_797615_frame_000100_src_000705_000023500ms_int5.jpg,k3k4k8f2f5_d455_color_20260920_164653_797615.mp4,705,5,1351
k3k4k8f2f5_d455_color_20260920_164653_797615_frame_000101_src_000710_000023667ms_int10.jpg,k3k4k8f2f5_d455_color_20260920_164653_797615.mp4,710,10,1351
k3k4k8f2f5_d455_color_20260920_164653_797615_frame_000102_src_000720_000024000ms_int8.jpg,k3k4k8f2f5_d455_color_20260920_164653_797615.mp4,720,8,1351
k3k4k8f2f5_d455_color_20260920_164653_797615_frame_000103_src_000728_000024267ms_int3.jpg,k3k4k8f2f5_d455_color_20260920_164653_797615.mp4,728,3,1351
k3k4k8f2f5_d455_color_20260920_164653_797615_frame_000104_src_000731_000024367ms_int8.jpg,k3k4k8f2f5_d455_color_20260920_164653_797615.mp4,731,8,1351
k3k4k8f2f5_d455_color_20260920_164653_797615_frame_000105_src_000739_000024633ms_int8.jpg,k3k4k8f2f5_d455_color_20260920_164653_797615.mp4,739,8,1351
k3k4k8f2f5_d455_color_20260920_164653_797615_frame_000106_src_000747_000024900ms_int5.jpg,k3k4k8f2f5_d455_color_20260920_164653_797615.mp4,747,5,1351
k3k4k8f2f5_d455_color_20260920_164653_797615_frame_000107_src_000752_000025067ms_int7.jpg,k3k4k8f2f5_d455_color_20260920_164653_797615.mp4,752,7,1351
k3k4k8f2f5_d455_color_20260920_164653_797615_frame_000108_src_000759_000025300ms_int7.jpg,k3k4k8f2f5_d455_color_20260920_164653_797615.mp4,759,7,1351
k3k4k8f2f5_d455_color_20260920_164653_797615_frame_000109_src_000766_000025533ms_int8.jpg,k3k4k8f2f5_d455_color_20260920_164653_797615.mp4,766,8,1351
k3k4k8f2f5_d455_color_20260920_164653_797615_frame_000110_src_000774_000025800ms_int10.jpg,k3k4k8f2f5_d455_color_20260920_164653_797615.mp4,774,10,1351
k3k4k8f2f5_d455_color_20260920_164653_797615_frame_000111_src_000784_000026133ms_int7.jpg,k3k4k8f2f5_d455_color_20260920_164653_797615.mp4,784,7,1351
k3k4k8f2f5_d455_color_20260920_164653_797615_frame_000112_src_000791_000026367ms_int10.jpg,k3k4k8f2f5_d455_color_20260920_164653_797615.mp4,791,10,1351
k3k4k8f2f5_d455_color_20260920_164653_797615_frame_000113_src_000801_000026700ms_int5.jpg,k3k4k8f2f5_d455_color_20260920_164653_797615.mp4,801,5,1351
k3k4k8f2f5_d455_color_20260920_164653_797615_frame_000114_src_000806_000026867ms_int3.jpg,k3k4k8f2f5_d455_color_20260920_164653_797615.mp4,806,3,1351
k3k4k8f2f5_d455_color_20260920_164653_797615_frame_000115_src_000809_000026967ms_int5.jpg,k3k4k8f2f5_d455_color_20260920_164653_797615.mp4,809,5,1351
k3k4k8f2f5_d455_color_20260920_164653_797615_frame_000116_src_000814_000027133ms_int8.jpg,k3k4k8f2f5_d455_color_20260920_164653_797615.mp4,814,8,1351
k3k4k8f2f5_d455_color_20260920_164653_797615_frame_000117_src_000822_000027400ms_int5.jpg,k3k4k8f2f5_d455_color_20260920_164653_797615.mp4,822,5,1351
k3k4k8f2f5_d455_color_20260920_164653_797615_frame_000118_src_000827_000027567ms_int8.jpg,k3k4k8f2f5_d455_color_20260920_164653_797615.mp4,827,8,1351
k3k4k8f2f5_d455_color_20260920_164653_797615_frame_000119_src_000835_000027833ms_int3.jpg,k3k4k8f2f5_d455_color_20260920_164653_797615.mp4,835,3,1351
k3k4k8f2f5_d455_color_20260920_164653_797615_frame_000120_src_000838_000027933ms_int8.jpg,k3k4k8f2f5_d455_color_20260920_164653_797615.mp4,838,8,1351
k3k4k8f2f5_d455_color_20260920_164653_797615_frame_000121_src_000846_000028200ms_int8.jpg,k3k4k8f2f5_d455_color_20260920_164653_797615.mp4,846,8,1351
k3k4k8f2f5_d455_color_20260920_164653_797615_frame_000122_src_000854_000028467ms_int7.jpg,k3k4k8f2f5_d455_color_20260920_164653_797615.mp4,854,7,1351
k3k4k8f2f5_d455_color_20260920_164653_797615_frame_000123_src_000861_000028700ms_int3.jpg,k3k4k8f2f5_d455_color_20260920_164653_797615.mp4,861,3,1351
k3k4k8f2f5_d455_color_20260920_164653_797615_frame_000124_src_000864_000028800ms_int8.jpg,k3k4k8f2f5_d455_color_20260920_164653_797615.mp4,864,8,1351
k3k4k8f2f5_d455_color_20260920_164653_797615_frame_000125_src_000872_000029067ms_int10.jpg,k3k4k8f2f5_d455_color_20260920_164653_797615.mp4,872,10,1351
k3k4k8f2f5_d455_color_20260920_164653_797615_frame_000126_src_000882_000029400ms_int7.jpg,k3k4k8f2f5_d455_color_20260920_164653_797615.mp4,882,7,1351
k3k4k8f2f5_d455_color_20260920_164653_797615_frame_000127_src_000889_000029633ms_int8.jpg,k3k4k8f2f5_d455_color_20260920_164653_797615.mp4,889,8,1351
k3k4k8f2f5_d455_color_20260920_164653_797615_frame_000128_src_000897_000029900ms_int8.jpg,k3k4k8f2f5_d455_color_20260920_164653_797615.mp4,897,8,1351
k3k4k8f2f5_d455_color_20260920_164653_797615_frame_000129_src_000905_000030167ms_int7.jpg,k3k4k8f2f5_d455_color_20260920_164653_797615.mp4,905,7,1351
k3k4k8f2f5_d455_color_20260920_164653_797615_frame_000130_src_000912_000030400ms_int10.jpg,k3k4k8f2f5_d455_color_20260920_164653_797615.mp4,912,10,1351
k3k4k8f2f5_d455_color_20260920_164653_797615_frame_000131_src_000922_000030733ms_int7.jpg,k3k4k8f2f5_d455_color_20260920_164653_797615.mp4,922,7,1351
k3k4k8f2f5_d455_color_20260920_164653_797615_frame_000132_src_000929_000030967ms_int7.jpg,k3k4k8f2f5_d455_color_20260920_164653_797615.mp4,929,7,1351
k3k4k8f2f5_d455_color_20260920_164653_797615_frame_000133_src_000936_000031200ms_int3.jpg,k3k4k8f2f5_d455_color_20260920_164653_797615.mp4,936,3,1351
k3k4k8f2f5_d455_color_20260920_164653_797615_frame_000134_src_000939_000031300ms_int3.jpg,k3k4k8f2f5_d455_color_20260920_164653_797615.mp4,939,3,1351
k3k4k8f2f5_d455_color_20260920_164653_797615_frame_000135_src_000942_000031400ms_int3.jpg,k3k4k8f2f5_d455_color_20260920_164653_797615.mp4,942,3,1351
k3k4k8f2f5_d455_color_20260920_164653_797615_frame_000136_src_000945_000031500ms_int5.jpg,k3k4k8f2f5_d455_color_20260920_164653_797615.mp4,945,5,1351
k3k4k8f2f5_d455_color_20260920_164653_797615_frame_000137_src_000950_000031667ms_int8.jpg,k3k4k8f2f5_d455_color_20260920_164653_797615.mp4,950,8,1351
k3k4k8f2f5_d455_color_20260920_164653_797615_frame_000138_src_000958_000031933ms_int7.jpg,k3k4k8f2f5_d455_color_20260920_164653_797615.mp4,958,7,1351
k3k4k8f2f5_d455_color_20260920_164653_797615_frame_000139_src_000965_000032167ms_int3.jpg,k3k4k8f2f5_d455_color_20260920_164653_797615.mp4,965,3,1351
k3k4k8f2f5_d455_color_20260920_164653_797615_frame_000140_src_000968_000032267ms_int10.jpg,k3k4k8f2f5_d455_color_20260920_164653_797615.mp4,968,10,1351
k3k4k8f2f5_d455_color_20260920_164653_797615_frame_000141_src_000978_000032600ms_int8.jpg,k3k4k8f2f5_d455_color_20260920_164653_797615.mp4,978,8,1351
k3k4k8f2f5_d455_color_20260920_164653_797615_frame_000142_src_000986_000032867ms_int5.jpg,k3k4k8f2f5_d455_color_20260920_164653_797615.mp4,986,5,1351
k3k4k8f2f5_d455_color_20260920_164653_797615_frame_000143_src_000991_000033033ms_int10.jpg,k3k4k8f2f5_d455_color_20260920_164653_797615.mp4,991,10,1351
k3k4k8f2f5_d455_color_20260920_164653_797615_frame_000144_src_001001_000033367ms_int3.jpg,k3k4k8f2f5_d455_color_20260920_164653_797615.mp4,1001,3,1351
k3k4k8f2f5_d455_color_20260920_164653_797615_frame_000145_src_001004_000033467ms_int3.jpg,k3k4k8f2f5_d455_color_20260920_164653_797615.mp4,1004,3,1351
k3k4k8f2f5_d455_color_20260920_164653_797615_frame_000146_src_001007_000033567ms_int3.jpg,k3k4k8f2f5_d455_color_20260920_164653_797615.mp4,1007,3,1351
k3k4k8f2f5_d455_color_20260920_164653_797615_frame_000147_src_001010_000033667ms_int5.jpg,k3k4k8f2f5_d455_color_20260920_164653_797615.mp4,1010,5,1351
k3k4k8f2f5_d455_color_20260920_164653_797615_frame_000148_src_001015_000033833ms_int8.jpg,k3k4k8f2f5_d455_color_20260920_164653_797615.mp4,1015,8,1351
k3k4k8f2f5_d455_color_20260920_164653_797615_frame_000149_src_001023_000034100ms_int5.jpg,k3k4k8f2f5_d455_color_20260920_164653_797615.mp4,1023,5,1351
k3k4k8f2f5_d455_color_20260920_164653_797615_frame_000150_src_001028_000034267ms_int8.jpg,k3k4k8f2f5_d455_color_20260920_164653_797615.mp4,1028,8,1351
k3k4k8f2f5_d455_color_20260920_164653_797615_frame_000151_src_001036_000034533ms_int3.jpg,k3k4k8f2f5_d455_color_20260920_164653_797615.mp4,1036,3,1351
k3k4k8f2f5_d455_color_20260920_164653_797615_frame_000152_src_001039_000034633ms_int7.jpg,k3k4k8f2f5_d455_color_20260920_164653_797615.mp4,1039,7,1351
k3k4k8f2f5_d455_color_20260920_164653_797615_frame_000153_src_001046_000034867ms_int5.jpg,k3k4k8f2f5_d455_color_20260920_164653_797615.mp4,1046,5,1351
k3k4k8f2f5_d455_color_20260920_164653_797615_frame_000154_src_001051_000035033ms_int5.jpg,k3k4k8f2f5_d455_color_20260920_164653_797615.mp4,1051,5,1351
k3k4k8f2f5_d455_color_20260920_164653_797615_frame_000155_src_001056_000035200ms_int5.jpg,k3k4k8f2f5_d455_color_20260920_164653_797615.mp4,1056,5,1351
k3k4k8f2f5_d455_color_20260920_164653_797615_frame_000156_src_001061_000035367ms_int7.jpg,k3k4k8f2f5_d455_color_20260920_164653_797615.mp4,1061,7,1351
k3k4k8f2f5_d455_color_20260920_164653_797615_frame_000157_src_001068_000035600ms_int8.jpg,k3k4k8f2f5_d455_color_20260920_164653_797615.mp4,1068,8,1351
k3k4k8f2f5_d455_color_20260920_164653_797615_frame_000158_src_001076_000035867ms_int8.jpg,k3k4k8f2f5_d455_color_20260920_164653_797615.mp4,1076,8,1351
k3k4k8f2f5_d455_color_20260920_164653_797615_frame_000159_src_001084_000036133ms_int8.jpg,k3k4k8f2f5_d455_color_20260920_164653_797615.mp4,1084,8,1351
k3k4k8f2f5_d455_color_20260920_164653_797615_frame_000160_src_001092_000036400ms_int5.jpg,k3k4k8f2f5_d455_color_20260920_164653_797615.mp4,1092,5,1351
k3k4k8f2f5_d455_color_20260920_164653_797615_frame_000161_src_001097_000036567ms_int7.jpg,k3k4k8f2f5_d455_color_20260920_164653_797615.mp4,1097,7,1351
k3k4k8f2f5_d455_color_20260920_164653_797615_frame_000162_src_001104_000036800ms_int7.jpg,k3k4k8f2f5_d455_color_20260920_164653_797615.mp4,1104,7,1351
k3k4k8f2f5_d455_color_20260920_164653_797615_frame_000163_src_001111_000037033ms_int8.jpg,k3k4k8f2f5_d455_color_20260920_164653_797615.mp4,1111,8,1351
k3k4k8f2f5_d455_color_20260920_164653_797615_frame_000164_src_001119_000037300ms_int5.jpg,k3k4k8f2f5_d455_color_20260920_164653_797615.mp4,1119,5,1351
k3k4k8f2f5_d455_color_20260920_164653_797615_frame_000165_src_001124_000037467ms_int7.jpg,k3k4k8f2f5_d455_color_20260920_164653_797615.mp4,1124,7,1351
k3k4k8f2f5_d455_color_20260920_164653_797615_frame_000166_src_001131_000037700ms_int8.jpg,k3k4k8f2f5_d455_color_20260920_164653_797615.mp4,1131,8,1351
k3k4k8f2f5_d455_color_20260920_164653_797615_frame_000167_src_001139_000037967ms_int8.jpg,k3k4k8f2f5_d455_color_20260920_164653_797615.mp4,1139,8,1351
k3k4k8f2f5_d455_color_20260920_164653_797615_frame_000168_src_001147_000038233ms_int7.jpg,k3k4k8f2f5_d455_color_20260920_164653_797615.mp4,1147,7,1351
k3k4k8f2f5_d455_color_20260920_164653_797615_frame_000169_src_001154_000038467ms_int7.jpg,k3k4k8f2f5_d455_color_20260920_164653_797615.mp4,1154,7,1351
k3k4k8f2f5_d455_color_20260920_164653_797615_frame_000170_src_001161_000038700ms_int3.jpg,k3k4k8f2f5_d455_color_20260920_164653_797615.mp4,1161,3,1351
k3k4k8f2f5_d455_color_20260920_164653_797615_frame_000171_src_001164_000038800ms_int10.jpg,k3k4k8f2f5_d455_color_20260920_164653_797615.mp4,1164,10,1351
k3k4k8f2f5_d455_color_20260920_164653_797615_frame_000172_src_001174_000039133ms_int8.jpg,k3k4k8f2f5_d455_color_20260920_164653_797615.mp4,1174,8,1351
k3k4k8f2f5_d455_color_20260920_164653_797615_frame_000173_src_001182_000039400ms_int7.jpg,k3k4k8f2f5_d455_color_20260920_164653_797615.mp4,1182,7,1351
k3k4k8f2f5_d455_color_20260920_164653_797615_frame_000174_src_001189_000039633ms_int8.jpg,k3k4k8f2f5_d455_color_20260920_164653_797615.mp4,1189,8,1351
k3k4k8f2f5_d455_color_20260920_164653_797615_frame_000175_src_001197_000039900ms_int3.jpg,k3k4k8f2f5_d455_color_20260920_164653_797615.mp4,1197,3,1351
k3k4k8f2f5_d455_color_20260920_164653_797615_frame_000176_src_001200_000040000ms_int3.jpg,k3k4k8f2f5_d455_color_20260920_164653_797615.mp4,1200,3,1351
k3k4k8f2f5_d455_color_20260920_164653_797615_frame_000177_src_001203_000040100ms_int10.jpg,k3k4k8f2f5_d455_color_20260920_164653_797615.mp4,1203,10,1351
k3k4k8f2f5_d455_color_20260920_164653_797615_frame_000178_src_001213_000040433ms_int8.jpg,k3k4k8f2f5_d455_color_20260920_164653_797615.mp4,1213,8,1351
k3k4k8f2f5_d455_color_20260920_164653_797615_frame_000179_src_001221_000040700ms_int8.jpg,k3k4k8f2f5_d455_color_20260920_164653_797615.mp4,1221,8,1351
k3k4k8f2f5_d455_color_20260920_164653_797615_frame_000180_src_001229_000040967ms_int5.jpg,k3k4k8f2f5_d455_color_20260920_164653_797615.mp4,1229,5,1351
k3k4k8f2f5_d455_color_20260920_164653_797615_frame_000181_src_001234_000041133ms_int8.jpg,k3k4k8f2f5_d455_color_20260920_164653_797615.mp4,1234,8,1351
k3k4k8f2f5_d455_color_20260920_164653_797615_frame_000182_src_001242_000041400ms_int3.jpg,k3k4k8f2f5_d455_color_20260920_164653_797615.mp4,1242,3,1351
k3k4k8f2f5_d455_color_20260920_164653_797615_frame_000183_src_001245_000041500ms_int10.jpg,k3k4k8f2f5_d455_color_20260920_164653_797615.mp4,1245,10,1351
k3k4k8f2f5_d455_color_20260920_164653_797615_frame_000184_src_001255_000041833ms_int5.jpg,k3k4k8f2f5_d455_color_20260920_164653_797615.mp4,1255,5,1351
k3k4k8f2f5_d455_color_20260920_164653_797615_frame_000185_src_001260_000042000ms_int10.jpg,k3k4k8f2f5_d455_color_20260920_164653_797615.mp4,1260,10,1351
k3k4k8f2f5_d455_color_20260920_164653_797615_frame_000186_src_001270_000042333ms_int3.jpg,k3k4k8f2f5_d455_color_20260920_164653_797615.mp4,1270,3,1351
k3k4k8f2f5_d455_color_20260920_164653_797615_frame_000187_src_001273_000042433ms_int5.jpg,k3k4k8f2f5_d455_color_20260920_164653_797615.mp4,1273,5,1351
k3k4k8f2f5_d455_color_20260920_164653_797615_frame_000188_src_001278_000042600ms_int10.jpg,k3k4k8f2f5_d455_color_20260920_164653_797615.mp4,1278,10,1351
k3k4k8f2f5_d455_color_20260920_164653_797615_frame_000189_src_001288_000042933ms_int8.jpg,k3k4k8f2f5_d455_color_20260920_164653_797615.mp4,1288,8,1351
k3k4k8f2f5_d455_color_20260920_164653_797615_frame_000190_src_001296_000043200ms_int8.jpg,k3k4k8f2f5_d455_color_20260920_164653_797615.mp4,1296,8,1351
k3k4k8f2f5_d455_color_20260920_164653_797615_frame_000191_src_001304_000043467ms_int8.jpg,k3k4k8f2f5_d455_color_20260920_164653_797615.mp4,1304,8,1351
k3k4k8f2f5_d455_color_20260920_164653_797615_frame_000192_src_001312_000043733ms_int8.jpg,k3k4k8f2f5_d455_color_20260920_164653_797615.mp4,1312,8,1351
k3k4k8f2f5_d455_color_20260920_164653_797615_frame_000193_src_001320_000044000ms_int5.jpg,k3k4k8f2f5_d455_color_20260920_164653_797615.mp4,1320,5,1351
k3k4k8f2f5_d455_color_20260920_164653_797615_frame_000194_src_001325_000044167ms_int7.jpg,k3k4k8f2f5_d455_color_20260920_164653_797615.mp4,1325,7,1351
k3k4k8f2f5_d455_color_20260920_164653_797615_frame_000195_src_001332_000044400ms_int5.jpg,k3k4k8f2f5_d455_color_20260920_164653_797615.mp4,1332,5,1351
k3k4k8f2f5_d455_color_20260920_164653_797615_frame_000196_src_001337_000044567ms_int10.jpg,k3k4k8f2f5_d455_color_20260920_164653_797615.mp4,1337,10,1351
k3k4k8f2f5_d455_color_20260920_164653_797615_frame_000197_src_001347_000044900ms_int8.jpg,k3k4k8f2f5_d455_color_20260920_164653_797615.mp4,1347,8,1351
k3k4k8f2f5_d455_color_20260920_164914_239437_frame_000000_src_000001_000000033ms_int8.jpg,k3k4k8f2f5_d455_color_20260920_164914_239437.mp4,1,8,847
k3k4k8f2f5_d455_color_20260920_164914_239437_frame_000001_src_000009_000000300ms_int7.jpg,k3k4k8f2f5_d455_color_20260920_164914_239437.mp4,9,7,847
k3k4k8f2f5_d455_color_20260920_164914_239437_frame_000002_src_000016_000000533ms_int10.jpg,k3k4k8f2f5_d455_color_20260920_164914_239437.mp4,16,10,847
k3k4k8f2f5_d455_color_20260920_164914_239437_frame_000003_src_000026_000000867ms_int7.jpg,k3k4k8f2f5_d455_color_20260920_164914_239437.mp4,26,7,847
k3k4k8f2f5_d455_color_20260920_164914_239437_frame_000004_src_000033_000001100ms_int5.jpg,k3k4k8f2f5_d455_color_20260920_164914_239437.mp4,33,5,847
k3k4k8f2f5_d455_color_20260920_164914_239437_frame_000005_src_000038_000001267ms_int7.jpg,k3k4k8f2f5_d455_color_20260920_164914_239437.mp4,38,7,847
k3k4k8f2f5_d455_color_20260920_164914_239437_frame_000006_src_000045_000001500ms_int8.jpg,k3k4k8f2f5_d455_color_20260920_164914_239437.mp4,45,8,847
k3k4k8f2f5_d455_color_20260920_164914_239437_frame_000007_src_000053_000001767ms_int7.jpg,k3k4k8f2f5_d455_color_20260920_164914_239437.mp4,53,7,847
k3k4k8f2f5_d455_color_20260920_164914_239437_frame_000008_src_000060_000002000ms_int8.jpg,k3k4k8f2f5_d455_color_20260920_164914_239437.mp4,60,8,847
k3k4k8f2f5_d455_color_20260920_164914_239437_frame_000009_src_000068_000002267ms_int5.jpg,k3k4k8f2f5_d455_color_20260920_164914_239437.mp4,68,5,847
k3k4k8f2f5_d455_color_20260920_164914_239437_frame_000010_src_000073_000002433ms_int5.jpg,k3k4k8f2f5_d455_color_20260920_164914_239437.mp4,73,5,847
k3k4k8f2f5_d455_color_20260920_164914_239437_frame_000011_src_000078_000002600ms_int7.jpg,k3k4k8f2f5_d455_color_20260920_164914_239437.mp4,78,7,847
k3k4k8f2f5_d455_color_20260920_164914_239437_frame_000012_src_000085_000002833ms_int3.jpg,k3k4k8f2f5_d455_color_20260920_164914_239437.mp4,85,3,847
k3k4k8f2f5_d455_color_20260920_164914_239437_frame_000013_src_000088_000002933ms_int7.jpg,k3k4k8f2f5_d455_color_20260920_164914_239437.mp4,88,7,847
k3k4k8f2f5_d455_color_20260920_164914_239437_frame_000014_src_000095_000003167ms_int3.jpg,k3k4k8f2f5_d455_color_20260920_164914_239437.mp4,95,3,847
k3k4k8f2f5_d455_color_20260920_164914_239437_frame_000015_src_000098_000003267ms_int3.jpg,k3k4k8f2f5_d455_color_20260920_164914_239437.mp4,98,3,847
k3k4k8f2f5_d455_color_20260920_164914_239437_frame_000016_src_000101_000003367ms_int10.jpg,k3k4k8f2f5_d455_color_20260920_164914_239437.mp4,101,10,847
k3k4k8f2f5_d455_color_20260920_164914_239437_frame_000017_src_000111_000003700ms_int10.jpg,k3k4k8f2f5_d455_color_20260920_164914_239437.mp4,111,10,847
k3k4k8f2f5_d455_color_20260920_164914_239437_frame_000018_src_000121_000004033ms_int3.jpg,k3k4k8f2f5_d455_color_20260920_164914_239437.mp4,121,3,847
k3k4k8f2f5_d455_color_20260920_164914_239437_frame_000019_src_000124_000004133ms_int10.jpg,k3k4k8f2f5_d455_color_20260920_164914_239437.mp4,124,10,847
k3k4k8f2f5_d455_color_20260920_164914_239437_frame_000020_src_000134_000004467ms_int3.jpg,k3k4k8f2f5_d455_color_20260920_164914_239437.mp4,134,3,847
k3k4k8f2f5_d455_color_20260920_164914_239437_frame_000021_src_000137_000004567ms_int8.jpg,k3k4k8f2f5_d455_color_20260920_164914_239437.mp4,137,8,847
k3k4k8f2f5_d455_color_20260920_164914_239437_frame_000022_src_000145_000004833ms_int10.jpg,k3k4k8f2f5_d455_color_20260920_164914_239437.mp4,145,10,847
k3k4k8f2f5_d455_color_20260920_164914_239437_frame_000023_src_000155_000005167ms_int8.jpg,k3k4k8f2f5_d455_color_20260920_164914_239437.mp4,155,8,847
k3k4k8f2f5_d455_color_20260920_164914_239437_frame_000024_src_000163_000005433ms_int10.jpg,k3k4k8f2f5_d455_color_20260920_164914_239437.mp4,163,10,847
k3k4k8f2f5_d455_color_20260920_164914_239437_frame_000025_src_000173_000005767ms_int3.jpg,k3k4k8f2f5_d455_color_20260920_164914_239437.mp4,173,3,847
k3k4k8f2f5_d455_color_20260920_164914_239437_frame_000026_src_000176_000005867ms_int5.jpg,k3k4k8f2f5_d455_color_20260920_164914_239437.mp4,176,5,847
k3k4k8f2f5_d455_color_20260920_164914_239437_frame_000027_src_000181_000006033ms_int5.jpg,k3k4k8f2f5_d455_color_20260920_164914_239437.mp4,181,5,847
k3k4k8f2f5_d455_color_20260920_164914_239437_frame_000028_src_000186_000006200ms_int7.jpg,k3k4k8f2f5_d455_color_20260920_164914_239437.mp4,186,7,847
k3k4k8f2f5_d455_color_20260920_164914_239437_frame_000029_src_000193_000006433ms_int7.jpg,k3k4k8f2f5_d455_color_20260920_164914_239437.mp4,193,7,847
k3k4k8f2f5_d455_color_20260920_164914_239437_frame_000030_src_000200_000006667ms_int7.jpg,k3k4k8f2f5_d455_color_20260920_164914_239437.mp4,200,7,847
k3k4k8f2f5_d455_color_20260920_164914_239437_frame_000031_src_000207_000006900ms_int10.jpg,k3k4k8f2f5_d455_color_20260920_164914_239437.mp4,207,10,847
k3k4k8f2f5_d455_color_20260920_164914_239437_frame_000032_src_000217_000007233ms_int5.jpg,k3k4k8f2f5_d455_color_20260920_164914_239437.mp4,217,5,847
k3k4k8f2f5_d455_color_20260920_164914_239437_frame_000033_src_000222_000007400ms_int5.jpg,k3k4k8f2f5_d455_color_20260920_164914_239437.mp4,222,5,847
k3k4k8f2f5_d455_color_20260920_164914_239437_frame_000034_src_000227_000007567ms_int7.jpg,k3k4k8f2f5_d455_color_20260920_164914_239437.mp4,227,7,847
k3k4k8f2f5_d455_color_20260920_164914_239437_frame_000035_src_000234_000007800ms_int7.jpg,k3k4k8f2f5_d455_color_20260920_164914_239437.mp4,234,7,847
k3k4k8f2f5_d455_color_20260920_164914_239437_frame_000036_src_000241_000008033ms_int8.jpg,k3k4k8f2f5_d455_color_20260920_164914_239437.mp4,241,8,847
k3k4k8f2f5_d455_color_20260920_164914_239437_frame_000037_src_000249_000008300ms_int10.jpg,k3k4k8f2f5_d455_color_20260920_164914_239437.mp4,249,10,847
k3k4k8f2f5_d455_color_20260920_164914_239437_frame_000038_src_000259_000008633ms_int5.jpg,k3k4k8f2f5_d455_color_20260920_164914_239437.mp4,259,5,847
k3k4k8f2f5_d455_color_20260920_164914_239437_frame_000039_src_000264_000008800ms_int10.jpg,k3k4k8f2f5_d455_color_20260920_164914_239437.mp4,264,10,847
k3k4k8f2f5_d455_color_20260920_164914_239437_frame_000040_src_000274_000009133ms_int3.jpg,k3k4k8f2f5_d455_color_20260920_164914_239437.mp4,274,3,847
k3k4k8f2f5_d455_color_20260920_164914_239437_frame_000041_src_000277_000009233ms_int10.jpg,k3k4k8f2f5_d455_color_20260920_164914_239437.mp4,277,10,847
k3k4k8f2f5_d455_color_20260920_164914_239437_frame_000042_src_000287_000009567ms_int10.jpg,k3k4k8f2f5_d455_color_20260920_164914_239437.mp4,287,10,847
k3k4k8f2f5_d455_color_20260920_164914_239437_frame_000043_src_000297_000009900ms_int5.jpg,k3k4k8f2f5_d455_color_20260920_164914_239437.mp4,297,5,847
k3k4k8f2f5_d455_color_20260920_164914_239437_frame_000044_src_000302_000010067ms_int7.jpg,k3k4k8f2f5_d455_color_20260920_164914_239437.mp4,302,7,847
k3k4k8f2f5_d455_color_20260920_164914_239437_frame_000045_src_000309_000010300ms_int7.jpg,k3k4k8f2f5_d455_color_20260920_164914_239437.mp4,309,7,847
k3k4k8f2f5_d455_color_20260920_164914_239437_frame_000046_src_000316_000010533ms_int5.jpg,k3k4k8f2f5_d455_color_20260920_164914_239437.mp4,316,5,847
k3k4k8f2f5_d455_color_20260920_164914_239437_frame_000047_src_000321_000010700ms_int10.jpg,k3k4k8f2f5_d455_color_20260920_164914_239437.mp4,321,10,847
k3k4k8f2f5_d455_color_20260920_164914_239437_frame_000048_src_000331_000011033ms_int5.jpg,k3k4k8f2f5_d455_color_20260920_164914_239437.mp4,331,5,847
k3k4k8f2f5_d455_color_20260920_164914_239437_frame_000049_src_000336_000011200ms_int10.jpg,k3k4k8f2f5_d455_color_20260920_164914_239437.mp4,336,10,847
k3k4k8f2f5_d455_color_20260920_164914_239437_frame_000050_src_000346_000011533ms_int5.jpg,k3k4k8f2f5_d455_color_20260920_164914_239437.mp4,346,5,847
k3k4k8f2f5_d455_color_20260920_164914_239437_frame_000051_src_000351_000011700ms_int10.jpg,k3k4k8f2f5_d455_color_20260920_164914_239437.mp4,351,10,847
k3k4k8f2f5_d455_color_20260920_164914_239437_frame_000052_src_000361_000012033ms_int10.jpg,k3k4k8f2f5_d455_color_20260920_164914_239437.mp4,361,10,847
k3k4k8f2f5_d455_color_20260920_164914_239437_frame_000053_src_000371_000012367ms_int5.jpg,k3k4k8f2f5_d455_color_20260920_164914_239437.mp4,371,5,847
k3k4k8f2f5_d455_color_20260920_164914_239437_frame_000054_src_000376_000012533ms_int5.jpg,k3k4k8f2f5_d455_color_20260920_164914_239437.mp4,376,5,847
k3k4k8f2f5_d455_color_20260920_164914_239437_frame_000055_src_000381_000012700ms_int7.jpg,k3k4k8f2f5_d455_color_20260920_164914_239437.mp4,381,7,847
k3k4k8f2f5_d455_color_20260920_164914_239437_frame_000056_src_000388_000012933ms_int5.jpg,k3k4k8f2f5_d455_color_20260920_164914_239437.mp4,388,5,847
k3k4k8f2f5_d455_color_20260920_164914_239437_frame_000057_src_000393_000013100ms_int8.jpg,k3k4k8f2f5_d455_color_20260920_164914_239437.mp4,393,8,847
k3k4k8f2f5_d455_color_20260920_164914_239437_frame_000058_src_000401_000013367ms_int10.jpg,k3k4k8f2f5_d455_color_20260920_164914_239437.mp4,401,10,847
k3k4k8f2f5_d455_color_20260920_164914_239437_frame_000059_src_000411_000013700ms_int10.jpg,k3k4k8f2f5_d455_color_20260920_164914_239437.mp4,411,10,847
k3k4k8f2f5_d455_color_20260920_164914_239437_frame_000060_src_000421_000014033ms_int10.jpg,k3k4k8f2f5_d455_color_20260920_164914_239437.mp4,421,10,847
k3k4k8f2f5_d455_color_20260920_164914_239437_frame_000061_src_000431_000014367ms_int3.jpg,k3k4k8f2f5_d455_color_20260920_164914_239437.mp4,431,3,847
k3k4k8f2f5_d455_color_20260920_164914_239437_frame_000062_src_000434_000014467ms_int7.jpg,k3k4k8f2f5_d455_color_20260920_164914_239437.mp4,434,7,847
k3k4k8f2f5_d455_color_20260920_164914_239437_frame_000063_src_000441_000014700ms_int3.jpg,k3k4k8f2f5_d455_color_20260920_164914_239437.mp4,441,3,847
k3k4k8f2f5_d455_color_20260920_164914_239437_frame_000064_src_000444_000014800ms_int5.jpg,k3k4k8f2f5_d455_color_20260920_164914_239437.mp4,444,5,847
k3k4k8f2f5_d455_color_20260920_164914_239437_frame_000065_src_000449_000014967ms_int10.jpg,k3k4k8f2f5_d455_color_20260920_164914_239437.mp4,449,10,847
k3k4k8f2f5_d455_color_20260920_164914_239437_frame_000066_src_000459_000015300ms_int5.jpg,k3k4k8f2f5_d455_color_20260920_164914_239437.mp4,459,5,847
k3k4k8f2f5_d455_color_20260920_164914_239437_frame_000067_src_000464_000015467ms_int5.jpg,k3k4k8f2f5_d455_color_20260920_164914_239437.mp4,464,5,847
k3k4k8f2f5_d455_color_20260920_164914_239437_frame_000068_src_000469_000015633ms_int3.jpg,k3k4k8f2f5_d455_color_20260920_164914_239437.mp4,469,3,847
k3k4k8f2f5_d455_color_20260920_164914_239437_frame_000069_src_000472_000015733ms_int10.jpg,k3k4k8f2f5_d455_color_20260920_164914_239437.mp4,472,10,847
k3k4k8f2f5_d455_color_20260920_164914_239437_frame_000070_src_000482_000016067ms_int8.jpg,k3k4k8f2f5_d455_color_20260920_164914_239437.mp4,482,8,847
k3k4k8f2f5_d455_color_20260920_164914_239437_frame_000071_src_000490_000016333ms_int3.jpg,k3k4k8f2f5_d455_color_20260920_164914_239437.mp4,490,3,847
k3k4k8f2f5_d455_color_20260920_164914_239437_frame_000072_src_000493_000016433ms_int7.jpg,k3k4k8f2f5_d455_color_20260920_164914_239437.mp4,493,7,847
k3k4k8f2f5_d455_color_20260920_164914_239437_frame_000073_src_000500_000016667ms_int8.jpg,k3k4k8f2f5_d455_color_20260920_164914_239437.mp4,500,8,847
k3k4k8f2f5_d455_color_20260920_164914_239437_frame_000074_src_000508_000016933ms_int3.jpg,k3k4k8f2f5_d455_color_20260920_164914_239437.mp4,508,3,847
k3k4k8f2f5_d455_color_20260920_164914_239437_frame_000075_src_000511_000017033ms_int5.jpg,k3k4k8f2f5_d455_color_20260920_164914_239437.mp4,511,5,847
k3k4k8f2f5_d455_color_20260920_164914_239437_frame_000076_src_000516_000017200ms_int5.jpg,k3k4k8f2f5_d455_color_20260920_164914_239437.mp4,516,5,847
k3k4k8f2f5_d455_color_20260920_164914_239437_frame_000077_src_000521_000017367ms_int10.jpg,k3k4k8f2f5_d455_color_20260920_164914_239437.mp4,521,10,847
k3k4k8f2f5_d455_color_20260920_164914_239437_frame_000078_src_000531_000017700ms_int7.jpg,k3k4k8f2f5_d455_color_20260920_164914_239437.mp4,531,7,847
k3k4k8f2f5_d455_color_20260920_164914_239437_frame_000079_src_000538_000017933ms_int7.jpg,k3k4k8f2f5_d455_color_20260920_164914_239437.mp4,538,7,847
k3k4k8f2f5_d455_color_20260920_164914_239437_frame_000080_src_000545_000018167ms_int5.jpg,k3k4k8f2f5_d455_color_20260920_164914_239437.mp4,545,5,847
k3k4k8f2f5_d455_color_20260920_164914_239437_frame_000081_src_000550_000018333ms_int10.jpg,k3k4k8f2f5_d455_color_20260920_164914_239437.mp4,550,10,847
k3k4k8f2f5_d455_color_20260920_164914_239437_frame_000082_src_000560_000018667ms_int5.jpg,k3k4k8f2f5_d455_color_20260920_164914_239437.mp4,560,5,847
k3k4k8f2f5_d455_color_20260920_164914_239437_frame_000083_src_000565_000018833ms_int5.jpg,k3k4k8f2f5_d455_color_20260920_164914_239437.mp4,565,5,847
k3k4k8f2f5_d455_color_20260920_164914_239437_frame_000084_src_000570_000019000ms_int7.jpg,k3k4k8f2f5_d455_color_20260920_164914_239437.mp4,570,7,847
k3k4k8f2f5_d455_color_20260920_164914_239437_frame_000085_src_000577_000019233ms_int8.jpg,k3k4k8f2f5_d455_color_20260920_164914_239437.mp4,577,8,847
k3k4k8f2f5_d455_color_20260920_164914_239437_frame_000086_src_000585_000019500ms_int10.jpg,k3k4k8f2f5_d455_color_20260920_164914_239437.mp4,585,10,847
k3k4k8f2f5_d455_color_20260920_164914_239437_frame_000087_src_000595_000019833ms_int10.jpg,k3k4k8f2f5_d455_color_20260920_164914_239437.mp4,595,10,847
k3k4k8f2f5_d455_color_20260920_164914_239437_frame_000088_src_000605_000020167ms_int5.jpg,k3k4k8f2f5_d455_color_20260920_164914_239437.mp4,605,5,847
k3k4k8f2f5_d455_color_20260920_164914_239437_frame_000089_src_000610_000020333ms_int8.jpg,k3k4k8f2f5_d455_color_20260920_164914_239437.mp4,610,8,847
k3k4k8f2f5_d455_color_20260920_164914_239437_frame_000090_src_000618_000020600ms_int3.jpg,k3k4k8f2f5_d455_color_20260920_164914_239437.mp4,618,3,847
k3k4k8f2f5_d455_color_20260920_164914_239437_frame_000091_src_000621_000020700ms_int10.jpg,k3k4k8f2f5_d455_color_20260920_164914_239437.mp4,621,10,847
k3k4k8f2f5_d455_color_20260920_164914_239437_frame_000092_src_000631_000021033ms_int7.jpg,k3k4k8f2f5_d455_color_20260920_164914_239437.mp4,631,7,847
k3k4k8f2f5_d455_color_20260920_164914_239437_frame_000093_src_000638_000021267ms_int5.jpg,k3k4k8f2f5_d455_color_20260920_164914_239437.mp4,638,5,847
k3k4k8f2f5_d455_color_20260920_164914_239437_frame_000094_src_000643_000021433ms_int3.jpg,k3k4k8f2f5_d455_color_20260920_164914_239437.mp4,643,3,847
k3k4k8f2f5_d455_color_20260920_164914_239437_frame_000095_src_000646_000021533ms_int10.jpg,k3k4k8f2f5_d455_color_20260920_164914_239437.mp4,646,10,847
k3k4k8f2f5_d455_color_20260920_164914_239437_frame_000096_src_000656_000021867ms_int7.jpg,k3k4k8f2f5_d455_color_20260920_164914_239437.mp4,656,7,847
k3k4k8f2f5_d455_color_20260920_164914_239437_frame_000097_src_000663_000022100ms_int7.jpg,k3k4k8f2f5_d455_color_20260920_164914_239437.mp4,663,7,847
k3k4k8f2f5_d455_color_20260920_164914_239437_frame_000098_src_000670_000022333ms_int5.jpg,k3k4k8f2f5_d455_color_20260920_164914_239437.mp4,670,5,847
k3k4k8f2f5_d455_color_20260920_164914_239437_frame_000099_src_000675_000022500ms_int3.jpg,k3k4k8f2f5_d455_color_20260920_164914_239437.mp4,675,3,847
k3k4k8f2f5_d455_color_20260920_164914_239437_frame_000100_src_000678_000022600ms_int7.jpg,k3k4k8f2f5_d455_color_20260920_164914_239437.mp4,678,7,847
k3k4k8f2f5_d455_color_20260920_164914_239437_frame_000101_src_000685_000022833ms_int5.jpg,k3k4k8f2f5_d455_color_20260920_164914_239437.mp4,685,5,847
k3k4k8f2f5_d455_color_20260920_164914_239437_frame_000102_src_000690_000023000ms_int5.jpg,k3k4k8f2f5_d455_color_20260920_164914_239437.mp4,690,5,847
k3k4k8f2f5_d455_color_20260920_164914_239437_frame_000103_src_000695_000023167ms_int10.jpg,k3k4k8f2f5_d455_color_20260920_164914_239437.mp4,695,10,847
k3k4k8f2f5_d455_color_20260920_164914_239437_frame_000104_src_000705_000023500ms_int3.jpg,k3k4k8f2f5_d455_color_20260920_164914_239437.mp4,705,3,847
k3k4k8f2f5_d455_color_20260920_164914_239437_frame_000105_src_000708_000023600ms_int5.jpg,k3k4k8f2f5_d455_color_20260920_164914_239437.mp4,708,5,847
k3k4k8f2f5_d455_color_20260920_164914_239437_frame_000106_src_000713_000023767ms_int3.jpg,k3k4k8f2f5_d455_color_20260920_164914_239437.mp4,713,3,847
k3k4k8f2f5_d455_color_20260920_164914_239437_frame_000107_src_000716_000023867ms_int8.jpg,k3k4k8f2f5_d455_color_20260920_164914_239437.mp4,716,8,847
k3k4k8f2f5_d455_color_20260920_164914_239437_frame_000108_src_000724_000024133ms_int5.jpg,k3k4k8f2f5_d455_color_20260920_164914_239437.mp4,724,5,847
k3k4k8f2f5_d455_color_20260920_164914_239437_frame_000109_src_000729_000024300ms_int5.jpg,k3k4k8f2f5_d455_color_20260920_164914_239437.mp4,729,5,847
k3k4k8f2f5_d455_color_20260920_164914_239437_frame_000110_src_000734_000024467ms_int10.jpg,k3k4k8f2f5_d455_color_20260920_164914_239437.mp4,734,10,847
k3k4k8f2f5_d455_color_20260920_164914_239437_frame_000111_src_000744_000024800ms_int7.jpg,k3k4k8f2f5_d455_color_20260920_164914_239437.mp4,744,7,847
k3k4k8f2f5_d455_color_20260920_164914_239437_frame_000112_src_000751_000025033ms_int5.jpg,k3k4k8f2f5_d455_color_20260920_164914_239437.mp4,751,5,847
k3k4k8f2f5_d455_color_20260920_164914_239437_frame_000113_src_000756_000025200ms_int10.jpg,k3k4k8f2f5_d455_color_20260920_164914_239437.mp4,756,10,847
k3k4k8f2f5_d455_color_20260920_164914_239437_frame_000114_src_000766_000025533ms_int5.jpg,k3k4k8f2f5_d455_color_20260920_164914_239437.mp4,766,5,847
k3k4k8f2f5_d455_color_20260920_164914_239437_frame_000115_src_000771_000025700ms_int8.jpg,k3k4k8f2f5_d455_color_20260920_164914_239437.mp4,771,8,847
k3k4k8f2f5_d455_color_20260920_164914_239437_frame_000116_src_000779_000025967ms_int3.jpg,k3k4k8f2f5_d455_color_20260920_164914_239437.mp4,779,3,847
k3k4k8f2f5_d455_color_20260920_164914_239437_frame_000117_src_000782_000026067ms_int8.jpg,k3k4k8f2f5_d455_color_20260920_164914_239437.mp4,782,8,847
k3k4k8f2f5_d455_color_20260920_164914_239437_frame_000118_src_000790_000026333ms_int8.jpg,k3k4k8f2f5_d455_color_20260920_164914_239437.mp4,790,8,847
k3k4k8f2f5_d455_color_20260920_164914_239437_frame_000119_src_000798_000026600ms_int8.jpg,k3k4k8f2f5_d455_color_20260920_164914_239437.mp4,798,8,847
k3k4k8f2f5_d455_color_20260920_164914_239437_frame_000120_src_000806_000026867ms_int7.jpg,k3k4k8f2f5_d455_color_20260920_164914_239437.mp4,806,7,847
k3k4k8f2f5_d455_color_20260920_164914_239437_frame_000121_src_000813_000027100ms_int3.jpg,k3k4k8f2f5_d455_color_20260920_164914_239437.mp4,813,3,847
k3k4k8f2f5_d455_color_20260920_164914_239437_frame_000122_src_000816_000027200ms_int8.jpg,k3k4k8f2f5_d455_color_20260920_164914_239437.mp4,816,8,847
k3k4k8f2f5_d455_color_20260920_164914_239437_frame_000123_src_000824_000027467ms_int10.jpg,k3k4k8f2f5_d455_color_20260920_164914_239437.mp4,824,10,847
k3k4k8f2f5_d455_color_20260920_164914_239437_frame_000124_src_000834_000027800ms_int10.jpg,k3k4k8f2f5_d455_color_20260920_164914_239437.mp4,834,10,847
k3k4k8f2f5_d455_color_20260920_164914_239437_frame_000125_src_000844_000028133ms_int3.jpg,k3k4k8f2f5_d455_color_20260920_164914_239437.mp4,844,3,847
k5k10f6f7f8f9f10_d455_color_20260920_165647_453284_frame_000000_src_000000_000000000ms_int8.jpg,k5k10f6f7f8f9f10_d455_color_20260920_165647_453284.mp4,0,8,1867
k5k10f6f7f8f9f10_d455_color_20260920_165647_453284_frame_000001_src_000008_000000267ms_int8.jpg,k5k10f6f7f8f9f10_d455_color_20260920_165647_453284.mp4,8,8,1867
k5k10f6f7f8f9f10_d455_color_20260920_165647_453284_frame_000002_src_000016_000000533ms_int8.jpg,k5k10f6f7f8f9f10_d455_color_20260920_165647_453284.mp4,16,8,1867
k5k10f6f7f8f9f10_d455_color_20260920_165647_453284_frame_000003_src_000024_000000800ms_int7.jpg,k5k10f6f7f8f9f10_d455_color_20260920_165647_453284.mp4,24,7,1867
k5k10f6f7f8f9f10_d455_color_20260920_165647_453284_frame_000004_src_000031_000001033ms_int3.jpg,k5k10f6f7f8f9f10_d455_color_20260920_165647_453284.mp4,31,3,1867
k5k10f6f7f8f9f10_d455_color_20260920_165647_453284_frame_000005_src_000034_000001133ms_int10.jpg,k5k10f6f7f8f9f10_d455_color_20260920_165647_453284.mp4,34,10,1867
k5k10f6f7f8f9f10_d455_color_20260920_165647_453284_frame_000006_src_000044_000001467ms_int5.jpg,k5k10f6f7f8f9f10_d455_color_20260920_165647_453284.mp4,44,5,1867
k5k10f6f7f8f9f10_d455_color_20260920_165647_453284_frame_000007_src_000049_000001633ms_int5.jpg,k5k10f6f7f8f9f10_d455_color_20260920_165647_453284.mp4,49,5,1867
k5k10f6f7f8f9f10_d455_color_20260920_165647_453284_frame_000008_src_000054_000001800ms_int10.jpg,k5k10f6f7f8f9f10_d455_color_20260920_165647_453284.mp4,54,10,1867
k5k10f6f7f8f9f10_d455_color_20260920_165647_453284_frame_000009_src_000064_000002133ms_int5.jpg,k5k10f6f7f8f9f10_d455_color_20260920_165647_453284.mp4,64,5,1867
k5k10f6f7f8f9f10_d455_color_20260920_165647_453284_frame_000010_src_000069_000002300ms_int8.jpg,k5k10f6f7f8f9f10_d455_color_20260920_165647_453284.mp4,69,8,1867
k5k10f6f7f8f9f10_d455_color_20260920_165647_453284_frame_000011_src_000077_000002567ms_int10.jpg,k5k10f6f7f8f9f10_d455_color_20260920_165647_453284.mp4,77,10,1867
k5k10f6f7f8f9f10_d455_color_20260920_165647_453284_frame_000012_src_000087_000002900ms_int10.jpg,k5k10f6f7f8f9f10_d455_color_20260920_165647_453284.mp4,87,10,1867
k5k10f6f7f8f9f10_d455_color_20260920_165647_453284_frame_000013_src_000097_000003233ms_int10.jpg,k5k10f6f7f8f9f10_d455_color_20260920_165647_453284.mp4,97,10,1867
k5k10f6f7f8f9f10_d455_color_20260920_165647_453284_frame_000014_src_000107_000003567ms_int5.jpg,k5k10f6f7f8f9f10_d455_color_20260920_165647_453284.mp4,107,5,1867
k5k10f6f7f8f9f10_d455_color_20260920_165647_453284_frame_000015_src_000112_000003733ms_int5.jpg,k5k10f6f7f8f9f10_d455_color_20260920_165647_453284.mp4,112,5,1867
k5k10f6f7f8f9f10_d455_color_20260920_165647_453284_frame_000016_src_000117_000003900ms_int3.jpg,k5k10f6f7f8f9f10_d455_color_20260920_165647_453284.mp4,117,3,1867
k5k10f6f7f8f9f10_d455_color_20260920_165647_453284_frame_000017_src_000120_000004000ms_int5.jpg,k5k10f6f7f8f9f10_d455_color_20260920_165647_453284.mp4,120,5,1867
k5k10f6f7f8f9f10_d455_color_20260920_165647_453284_frame_000018_src_000125_000004167ms_int3.jpg,k5k10f6f7f8f9f10_d455_color_20260920_165647_453284.mp4,125,3,1867
k5k10f6f7f8f9f10_d455_color_20260920_165647_453284_frame_000019_src_000128_000004267ms_int8.jpg,k5k10f6f7f8f9f10_d455_color_20260920_165647_453284.mp4,128,8,1867
k5k10f6f7f8f9f10_d455_color_20260920_165647_453284_frame_000020_src_000136_000004533ms_int7.jpg,k5k10f6f7f8f9f10_d455_color_20260920_165647_453284.mp4,136,7,1867
k5k10f6f7f8f9f10_d455_color_20260920_165647_453284_frame_000021_src_000143_000004767ms_int7.jpg,k5k10f6f7f8f9f10_d455_color_20260920_165647_453284.mp4,143,7,1867
k5k10f6f7f8f9f10_d455_color_20260920_165647_453284_frame_000022_src_000150_000005000ms_int8.jpg,k5k10f6f7f8f9f10_d455_color_20260920_165647_453284.mp4,150,8,1867
k5k10f6f7f8f9f10_d455_color_20260920_165647_453284_frame_000023_src_000158_000005267ms_int3.jpg,k5k10f6f7f8f9f10_d455_color_20260920_165647_453284.mp4,158,3,1867
k5k10f6f7f8f9f10_d455_color_20260920_165647_453284_frame_000024_src_000161_000005367ms_int3.jpg,k5k10f6f7f8f9f10_d455_color_20260920_165647_453284.mp4,161,3,1867
k5k10f6f7f8f9f10_d455_color_20260920_165647_453284_frame_000025_src_000164_000005467ms_int5.jpg,k5k10f6f7f8f9f10_d455_color_20260920_165647_453284.mp4,164,5,1867
k5k10f6f7f8f9f10_d455_color_20260920_165647_453284_frame_000026_src_000169_000005633ms_int10.jpg,k5k10f6f7f8f9f10_d455_color_20260920_165647_453284.mp4,169,10,1867
k5k10f6f7f8f9f10_d455_color_20260920_165647_453284_frame_000027_src_000179_000005967ms_int7.jpg,k5k10f6f7f8f9f10_d455_color_20260920_165647_453284.mp4,179,7,1867
k5k10f6f7f8f9f10_d455_color_20260920_165647_453284_frame_000028_src_000186_000006200ms_int5.jpg,k5k10f6f7f8f9f10_d455_color_20260920_165647_453284.mp4,186,5,1867
k5k10f6f7f8f9f10_d455_color_20260920_165647_453284_frame_000029_src_000191_000006367ms_int5.jpg,k5k10f6f7f8f9f10_d455_color_20260920_165647_453284.mp4,191,5,1867
k5k10f6f7f8f9f10_d455_color_20260920_165647_453284_frame_000030_src_000196_000006533ms_int8.jpg,k5k10f6f7f8f9f10_d455_color_20260920_165647_453284.mp4,196,8,1867
k5k10f6f7f8f9f10_d455_color_20260920_165647_453284_frame_000031_src_000204_000006800ms_int7.jpg,k5k10f6f7f8f9f10_d455_color_20260920_165647_453284.mp4,204,7,1867
k5k10f6f7f8f9f10_d455_color_20260920_165647_453284_frame_000032_src_000211_000007033ms_int7.jpg,k5k10f6f7f8f9f10_d455_color_20260920_165647_453284.mp4,211,7,1867
k5k10f6f7f8f9f10_d455_color_20260920_165647_453284_frame_000033_src_000218_000007267ms_int8.jpg,k5k10f6f7f8f9f10_d455_color_20260920_165647_453284.mp4,218,8,1867
k5k10f6f7f8f9f10_d455_color_20260920_165647_453284_frame_000034_src_000226_000007533ms_int10.jpg,k5k10f6f7f8f9f10_d455_color_20260920_165647_453284.mp4,226,10,1867
k5k10f6f7f8f9f10_d455_color_20260920_165647_453284_frame_000035_src_000236_000007867ms_int3.jpg,k5k10f6f7f8f9f10_d455_color_20260920_165647_453284.mp4,236,3,1867
k5k10f6f7f8f9f10_d455_color_20260920_165647_453284_frame_000036_src_000239_000007967ms_int10.jpg,k5k10f6f7f8f9f10_d455_color_20260920_165647_453284.mp4,239,10,1867
k5k10f6f7f8f9f10_d455_color_20260920_165647_453284_frame_000037_src_000249_000008300ms_int10.jpg,k5k10f6f7f8f9f10_d455_color_20260920_165647_453284.mp4,249,10,1867
k5k10f6f7f8f9f10_d455_color_20260920_165647_453284_frame_000038_src_000259_000008633ms_int8.jpg,k5k10f6f7f8f9f10_d455_color_20260920_165647_453284.mp4,259,8,1867
k5k10f6f7f8f9f10_d455_color_20260920_165647_453284_frame_000039_src_000267_000008900ms_int5.jpg,k5k10f6f7f8f9f10_d455_color_20260920_165647_453284.mp4,267,5,1867
k5k10f6f7f8f9f10_d455_color_20260920_165647_453284_frame_000040_src_000272_000009067ms_int7.jpg,k5k10f6f7f8f9f10_d455_color_20260920_165647_453284.mp4,272,7,1867
k5k10f6f7f8f9f10_d455_color_20260920_165647_453284_frame_000041_src_000279_000009300ms_int8.jpg,k5k10f6f7f8f9f10_d455_color_20260920_165647_453284.mp4,279,8,1867
k5k10f6f7f8f9f10_d455_color_20260920_165647_453284_frame_000042_src_000287_000009567ms_int10.jpg,k5k10f6f7f8f9f10_d455_color_20260920_165647_453284.mp4,287,10,1867
k5k10f6f7f8f9f10_d455_color_20260920_165647_453284_frame_000043_src_000297_000009900ms_int5.jpg,k5k10f6f7f8f9f10_d455_color_20260920_165647_453284.mp4,297,5,1867
k5k10f6f7f8f9f10_d455_color_20260920_165647_453284_frame_000044_src_000302_000010067ms_int7.jpg,k5k10f6f7f8f9f10_d455_color_20260920_165647_453284.mp4,302,7,1867
k5k10f6f7f8f9f10_d455_color_20260920_165647_453284_frame_000045_src_000309_000010300ms_int5.jpg,k5k10f6f7f8f9f10_d455_color_20260920_165647_453284.mp4,309,5,1867
k5k10f6f7f8f9f10_d455_color_20260920_165647_453284_frame_000046_src_000314_000010467ms_int8.jpg,k5k10f6f7f8f9f10_d455_color_20260920_165647_453284.mp4,314,8,1867
k5k10f6f7f8f9f10_d455_color_20260920_165647_453284_frame_000047_src_000322_000010733ms_int10.jpg,k5k10f6f7f8f9f10_d455_color_20260920_165647_453284.mp4,322,10,1867
k5k10f6f7f8f9f10_d455_color_20260920_165647_453284_frame_000048_src_000332_000011067ms_int7.jpg,k5k10f6f7f8f9f10_d455_color_20260920_165647_453284.mp4,332,7,1867
k5k10f6f7f8f9f10_d455_color_20260920_165647_453284_frame_000049_src_000339_000011300ms_int3.jpg,k5k10f6f7f8f9f10_d455_color_20260920_165647_453284.mp4,339,3,1867
k5k10f6f7f8f9f10_d455_color_20260920_165647_453284_frame_000050_src_000342_000011400ms_int7.jpg,k5k10f6f7f8f9f10_d455_color_20260920_165647_453284.mp4,342,7,1867
k5k10f6f7f8f9f10_d455_color_20260920_165647_453284_frame_000051_src_000349_000011633ms_int5.jpg,k5k10f6f7f8f9f10_d455_color_20260920_165647_453284.mp4,349,5,1867
k5k10f6f7f8f9f10_d455_color_20260920_165647_453284_frame_000052_src_000354_000011800ms_int5.jpg,k5k10f6f7f8f9f10_d455_color_20260920_165647_453284.mp4,354,5,1867
k5k10f6f7f8f9f10_d455_color_20260920_165647_453284_frame_000053_src_000359_000011967ms_int7.jpg,k5k10f6f7f8f9f10_d455_color_20260920_165647_453284.mp4,359,7,1867
k5k10f6f7f8f9f10_d455_color_20260920_165647_453284_frame_000054_src_000366_000012200ms_int7.jpg,k5k10f6f7f8f9f10_d455_color_20260920_165647_453284.mp4,366,7,1867
k5k10f6f7f8f9f10_d455_color_20260920_165647_453284_frame_000055_src_000373_000012433ms_int3.jpg,k5k10f6f7f8f9f10_d455_color_20260920_165647_453284.mp4,373,3,1867
k5k10f6f7f8f9f10_d455_color_20260920_165647_453284_frame_000056_src_000376_000012533ms_int10.jpg,k5k10f6f7f8f9f10_d455_color_20260920_165647_453284.mp4,376,10,1867
k5k10f6f7f8f9f10_d455_color_20260920_165647_453284_frame_000057_src_000386_000012867ms_int7.jpg,k5k10f6f7f8f9f10_d455_color_20260920_165647_453284.mp4,386,7,1867
k5k10f6f7f8f9f10_d455_color_20260920_165647_453284_frame_000058_src_000393_000013100ms_int10.jpg,k5k10f6f7f8f9f10_d455_color_20260920_165647_453284.mp4,393,10,1867
k5k10f6f7f8f9f10_d455_color_20260920_165647_453284_frame_000059_src_000403_000013433ms_int5.jpg,k5k10f6f7f8f9f10_d455_color_20260920_165647_453284.mp4,403,5,1867
k5k10f6f7f8f9f10_d455_color_20260920_165647_453284_frame_000060_src_000408_000013600ms_int8.jpg,k5k10f6f7f8f9f10_d455_color_20260920_165647_453284.mp4,408,8,1867
k5k10f6f7f8f9f10_d455_color_20260920_165647_453284_frame_000061_src_000416_000013867ms_int3.jpg,k5k10f6f7f8f9f10_d455_color_20260920_165647_453284.mp4,416,3,1867
k5k10f6f7f8f9f10_d455_color_20260920_165647_453284_frame_000062_src_000419_000013967ms_int3.jpg,k5k10f6f7f8f9f10_d455_color_20260920_165647_453284.mp4,419,3,1867
k5k10f6f7f8f9f10_d455_color_20260920_165647_453284_frame_000063_src_000422_000014067ms_int7.jpg,k5k10f6f7f8f9f10_d455_color_20260920_165647_453284.mp4,422,7,1867
k5k10f6f7f8f9f10_d455_color_20260920_165647_453284_frame_000064_src_000429_000014300ms_int3.jpg,k5k10f6f7f8f9f10_d455_color_20260920_165647_453284.mp4,429,3,1867
k5k10f6f7f8f9f10_d455_color_20260920_165647_453284_frame_000065_src_000432_000014400ms_int10.jpg,k5k10f6f7f8f9f10_d455_color_20260920_165647_453284.mp4,432,10,1867
k5k10f6f7f8f9f10_d455_color_20260920_165647_453284_frame_000066_src_000442_000014733ms_int5.jpg,k5k10f6f7f8f9f10_d455_color_20260920_165647_453284.mp4,442,5,1867
k5k10f6f7f8f9f10_d455_color_20260920_165647_453284_frame_000067_src_000447_000014900ms_int5.jpg,k5k10f6f7f8f9f10_d455_color_20260920_165647_453284.mp4,447,5,1867
k5k10f6f7f8f9f10_d455_color_20260920_165647_453284_frame_000068_src_000452_000015067ms_int8.jpg,k5k10f6f7f8f9f10_d455_color_20260920_165647_453284.mp4,452,8,1867
k5k10f6f7f8f9f10_d455_color_20260920_165647_453284_frame_000069_src_000460_000015333ms_int5.jpg,k5k10f6f7f8f9f10_d455_color_20260920_165647_453284.mp4,460,5,1867
k5k10f6f7f8f9f10_d455_color_20260920_165647_453284_frame_000070_src_000465_000015500ms_int3.jpg,k5k10f6f7f8f9f10_d455_color_20260920_165647_453284.mp4,465,3,1867
k5k10f6f7f8f9f10_d455_color_20260920_165647_453284_frame_000071_src_000468_000015600ms_int3.jpg,k5k10f6f7f8f9f10_d455_color_20260920_165647_453284.mp4,468,3,1867
k5k10f6f7f8f9f10_d455_color_20260920_165647_453284_frame_000072_src_000471_000015700ms_int10.jpg,k5k10f6f7f8f9f10_d455_color_20260920_165647_453284.mp4,471,10,1867
k5k10f6f7f8f9f10_d455_color_20260920_165647_453284_frame_000073_src_000481_000016033ms_int7.jpg,k5k10f6f7f8f9f10_d455_color_20260920_165647_453284.mp4,481,7,1867
k5k10f6f7f8f9f10_d455_color_20260920_165647_453284_frame_000074_src_000488_000016267ms_int5.jpg,k5k10f6f7f8f9f10_d455_color_20260920_165647_453284.mp4,488,5,1867
k5k10f6f7f8f9f10_d455_color_20260920_165647_453284_frame_000075_src_000493_000016433ms_int5.jpg,k5k10f6f7f8f9f10_d455_color_20260920_165647_453284.mp4,493,5,1867
k5k10f6f7f8f9f10_d455_color_20260920_165647_453284_frame_000076_src_000498_000016600ms_int10.jpg,k5k10f6f7f8f9f10_d455_color_20260920_165647_453284.mp4,498,10,1867
k5k10f6f7f8f9f10_d455_color_20260920_165647_453284_frame_000077_src_000508_000016933ms_int10.jpg,k5k10f6f7f8f9f10_d455_color_20260920_165647_453284.mp4,508,10,1867
k5k10f6f7f8f9f10_d455_color_20260920_165647_453284_frame_000078_src_000518_000017267ms_int10.jpg,k5k10f6f7f8f9f10_d455_color_20260920_165647_453284.mp4,518,10,1867
k5k10f6f7f8f9f10_d455_color_20260920_165647_453284_frame_000079_src_000528_000017600ms_int7.jpg,k5k10f6f7f8f9f10_d455_color_20260920_165647_453284.mp4,528,7,1867
k5k10f6f7f8f9f10_d455_color_20260920_165647_453284_frame_000080_src_000535_000017833ms_int7.jpg,k5k10f6f7f8f9f10_d455_color_20260920_165647_453284.mp4,535,7,1867
k5k10f6f7f8f9f10_d455_color_20260920_165647_453284_frame_000081_src_000542_000018067ms_int3.jpg,k5k10f6f7f8f9f10_d455_color_20260920_165647_453284.mp4,542,3,1867
k5k10f6f7f8f9f10_d455_color_20260920_165647_453284_frame_000082_src_000545_000018167ms_int10.jpg,k5k10f6f7f8f9f10_d455_color_20260920_165647_453284.mp4,545,10,1867
k5k10f6f7f8f9f10_d455_color_20260920_165647_453284_frame_000083_src_000555_000018500ms_int3.jpg,k5k10f6f7f8f9f10_d455_color_20260920_165647_453284.mp4,555,3,1867
k5k10f6f7f8f9f10_d455_color_20260920_165647_453284_frame_000084_src_000558_000018600ms_int10.jpg,k5k10f6f7f8f9f10_d455_color_20260920_165647_453284.mp4,558,10,1867
k5k10f6f7f8f9f10_d455_color_20260920_165647_453284_frame_000085_src_000568_000018933ms_int7.jpg,k5k10f6f7f8f9f10_d455_color_20260920_165647_453284.mp4,568,7,1867
k5k10f6f7f8f9f10_d455_color_20260920_165647_453284_frame_000086_src_000575_000019167ms_int3.jpg,k5k10f6f7f8f9f10_d455_color_20260920_165647_453284.mp4,575,3,1867
k5k10f6f7f8f9f10_d455_color_20260920_165647_453284_frame_000087_src_000578_000019267ms_int8.jpg,k5k10f6f7f8f9f10_d455_color_20260920_165647_453284.mp4,578,8,1867
k5k10f6f7f8f9f10_d455_color_20260920_165647_453284_frame_000088_src_000586_000019533ms_int10.jpg,k5k10f6f7f8f9f10_d455_color_20260920_165647_453284.mp4,586,10,1867
k5k10f6f7f8f9f10_d455_color_20260920_165647_453284_frame_000089_src_000596_000019867ms_int3.jpg,k5k10f6f7f8f9f10_d455_color_20260920_165647_453284.mp4,596,3,1867
k5k10f6f7f8f9f10_d455_color_20260920_165647_453284_frame_000090_src_000599_000019967ms_int7.jpg,k5k10f6f7f8f9f10_d455_color_20260920_165647_453284.mp4,599,7,1867
k5k10f6f7f8f9f10_d455_color_20260920_165647_453284_frame_000091_src_000606_000020200ms_int3.jpg,k5k10f6f7f8f9f10_d455_color_20260920_165647_453284.mp4,606,3,1867
k5k10f6f7f8f9f10_d455_color_20260920_165647_453284_frame_000092_src_000609_000020300ms_int7.jpg,k5k10f6f7f8f9f10_d455_color_20260920_165647_453284.mp4,609,7,1867
k5k10f6f7f8f9f10_d455_color_20260920_165647_453284_frame_000093_src_000616_000020533ms_int8.jpg,k5k10f6f7f8f9f10_d455_color_20260920_165647_453284.mp4,616,8,1867
k5k10f6f7f8f9f10_d455_color_20260920_165647_453284_frame_000094_src_000624_000020800ms_int8.jpg,k5k10f6f7f8f9f10_d455_color_20260920_165647_453284.mp4,624,8,1867
k5k10f6f7f8f9f10_d455_color_20260920_165647_453284_frame_000095_src_000632_000021067ms_int8.jpg,k5k10f6f7f8f9f10_d455_color_20260920_165647_453284.mp4,632,8,1867
k5k10f6f7f8f9f10_d455_color_20260920_165647_453284_frame_000096_src_000640_000021333ms_int8.jpg,k5k10f6f7f8f9f10_d455_color_20260920_165647_453284.mp4,640,8,1867
k5k10f6f7f8f9f10_d455_color_20260920_165647_453284_frame_000097_src_000648_000021600ms_int10.jpg,k5k10f6f7f8f9f10_d455_color_20260920_165647_453284.mp4,648,10,1867
k5k10f6f7f8f9f10_d455_color_20260920_165647_453284_frame_000098_src_000658_000021933ms_int10.jpg,k5k10f6f7f8f9f10_d455_color_20260920_165647_453284.mp4,658,10,1867
k5k10f6f7f8f9f10_d455_color_20260920_165647_453284_frame_000099_src_000668_000022267ms_int3.jpg,k5k10f6f7f8f9f10_d455_color_20260920_165647_453284.mp4,668,3,1867
k5k10f6f7f8f9f10_d455_color_20260920_165647_453284_frame_000100_src_000671_000022367ms_int3.jpg,k5k10f6f7f8f9f10_d455_color_20260920_165647_453284.mp4,671,3,1867
k5k10f6f7f8f9f10_d455_color_20260920_165647_453284_frame_000101_src_000674_000022467ms_int3.jpg,k5k10f6f7f8f9f10_d455_color_20260920_165647_453284.mp4,674,3,1867
k5k10f6f7f8f9f10_d455_color_20260920_165647_453284_frame_000102_src_000677_000022567ms_int10.jpg,k5k10f6f7f8f9f10_d455_color_20260920_165647_453284.mp4,677,10,1867
k5k10f6f7f8f9f10_d455_color_20260920_165647_453284_frame_000103_src_000687_000022900ms_int5.jpg,k5k10f6f7f8f9f10_d455_color_20260920_165647_453284.mp4,687,5,1867
k5k10f6f7f8f9f10_d455_color_20260920_165647_453284_frame_000104_src_000692_000023067ms_int10.jpg,k5k10f6f7f8f9f10_d455_color_20260920_165647_453284.mp4,692,10,1867
k5k10f6f7f8f9f10_d455_color_20260920_165647_453284_frame_000105_src_000702_000023400ms_int5.jpg,k5k10f6f7f8f9f10_d455_color_20260920_165647_453284.mp4,702,5,1867
k5k10f6f7f8f9f10_d455_color_20260920_165647_453284_frame_000106_src_000707_000023567ms_int5.jpg,k5k10f6f7f8f9f10_d455_color_20260920_165647_453284.mp4,707,5,1867
k5k10f6f7f8f9f10_d455_color_20260920_165647_453284_frame_000107_src_000712_000023733ms_int5.jpg,k5k10f6f7f8f9f10_d455_color_20260920_165647_453284.mp4,712,5,1867
k5k10f6f7f8f9f10_d455_color_20260920_165647_453284_frame_000108_src_000717_000023900ms_int8.jpg,k5k10f6f7f8f9f10_d455_color_20260920_165647_453284.mp4,717,8,1867
k5k10f6f7f8f9f10_d455_color_20260920_165647_453284_frame_000109_src_000725_000024167ms_int8.jpg,k5k10f6f7f8f9f10_d455_color_20260920_165647_453284.mp4,725,8,1867
k5k10f6f7f8f9f10_d455_color_20260920_165647_453284_frame_000110_src_000733_000024433ms_int3.jpg,k5k10f6f7f8f9f10_d455_color_20260920_165647_453284.mp4,733,3,1867
k5k10f6f7f8f9f10_d455_color_20260920_165647_453284_frame_000111_src_000736_000024533ms_int5.jpg,k5k10f6f7f8f9f10_d455_color_20260920_165647_453284.mp4,736,5,1867
k5k10f6f7f8f9f10_d455_color_20260920_165647_453284_frame_000112_src_000741_000024700ms_int7.jpg,k5k10f6f7f8f9f10_d455_color_20260920_165647_453284.mp4,741,7,1867
k5k10f6f7f8f9f10_d455_color_20260920_165647_453284_frame_000113_src_000748_000024933ms_int8.jpg,k5k10f6f7f8f9f10_d455_color_20260920_165647_453284.mp4,748,8,1867
k5k10f6f7f8f9f10_d455_color_20260920_165647_453284_frame_000114_src_000756_000025200ms_int5.jpg,k5k10f6f7f8f9f10_d455_color_20260920_165647_453284.mp4,756,5,1867
k5k10f6f7f8f9f10_d455_color_20260920_165647_453284_frame_000115_src_000761_000025367ms_int10.jpg,k5k10f6f7f8f9f10_d455_color_20260920_165647_453284.mp4,761,10,1867
k5k10f6f7f8f9f10_d455_color_20260920_165647_453284_frame_000116_src_000771_000025700ms_int10.jpg,k5k10f6f7f8f9f10_d455_color_20260920_165647_453284.mp4,771,10,1867
k5k10f6f7f8f9f10_d455_color_20260920_165647_453284_frame_000117_src_000781_000026033ms_int10.jpg,k5k10f6f7f8f9f10_d455_color_20260920_165647_453284.mp4,781,10,1867
k5k10f6f7f8f9f10_d455_color_20260920_165647_453284_frame_000118_src_000791_000026367ms_int3.jpg,k5k10f6f7f8f9f10_d455_color_20260920_165647_453284.mp4,791,3,1867
k5k10f6f7f8f9f10_d455_color_20260920_165647_453284_frame_000119_src_000794_000026467ms_int3.jpg,k5k10f6f7f8f9f10_d455_color_20260920_165647_453284.mp4,794,3,1867
k5k10f6f7f8f9f10_d455_color_20260920_165647_453284_frame_000120_src_000797_000026567ms_int10.jpg,k5k10f6f7f8f9f10_d455_color_20260920_165647_453284.mp4,797,10,1867
k5k10f6f7f8f9f10_d455_color_20260920_165647_453284_frame_000121_src_000807_000026900ms_int10.jpg,k5k10f6f7f8f9f10_d455_color_20260920_165647_453284.mp4,807,10,1867
k5k10f6f7f8f9f10_d455_color_20260920_165647_453284_frame_000122_src_000817_000027233ms_int3.jpg,k5k10f6f7f8f9f10_d455_color_20260920_165647_453284.mp4,817,3,1867
k5k10f6f7f8f9f10_d455_color_20260920_165647_453284_frame_000123_src_000820_000027333ms_int5.jpg,k5k10f6f7f8f9f10_d455_color_20260920_165647_453284.mp4,820,5,1867
k5k10f6f7f8f9f10_d455_color_20260920_165647_453284_frame_000124_src_000825_000027500ms_int5.jpg,k5k10f6f7f8f9f10_d455_color_20260920_165647_453284.mp4,825,5,1867
k5k10f6f7f8f9f10_d455_color_20260920_165647_453284_frame_000125_src_000830_000027667ms_int3.jpg,k5k10f6f7f8f9f10_d455_color_20260920_165647_453284.mp4,830,3,1867
k5k10f6f7f8f9f10_d455_color_20260920_165647_453284_frame_000126_src_000833_000027767ms_int3.jpg,k5k10f6f7f8f9f10_d455_color_20260920_165647_453284.mp4,833,3,1867
k5k10f6f7f8f9f10_d455_color_20260920_165647_453284_frame_000127_src_000836_000027867ms_int7.jpg,k5k10f6f7f8f9f10_d455_color_20260920_165647_453284.mp4,836,7,1867
k5k10f6f7f8f9f10_d455_color_20260920_165647_453284_frame_000128_src_000843_000028100ms_int3.jpg,k5k10f6f7f8f9f10_d455_color_20260920_165647_453284.mp4,843,3,1867
k5k10f6f7f8f9f10_d455_color_20260920_165647_453284_frame_000129_src_000846_000028200ms_int8.jpg,k5k10f6f7f8f9f10_d455_color_20260920_165647_453284.mp4,846,8,1867
k5k10f6f7f8f9f10_d455_color_20260920_165647_453284_frame_000130_src_000854_000028467ms_int8.jpg,k5k10f6f7f8f9f10_d455_color_20260920_165647_453284.mp4,854,8,1867
k5k10f6f7f8f9f10_d455_color_20260920_165647_453284_frame_000131_src_000862_000028733ms_int3.jpg,k5k10f6f7f8f9f10_d455_color_20260920_165647_453284.mp4,862,3,1867
k5k10f6f7f8f9f10_d455_color_20260920_165647_453284_frame_000132_src_000865_000028833ms_int7.jpg,k5k10f6f7f8f9f10_d455_color_20260920_165647_453284.mp4,865,7,1867
k5k10f6f7f8f9f10_d455_color_20260920_165647_453284_frame_000133_src_000872_000029067ms_int5.jpg,k5k10f6f7f8f9f10_d455_color_20260920_165647_453284.mp4,872,5,1867
k5k10f6f7f8f9f10_d455_color_20260920_165647_453284_frame_000134_src_000877_000029233ms_int3.jpg,k5k10f6f7f8f9f10_d455_color_20260920_165647_453284.mp4,877,3,1867
k5k10f6f7f8f9f10_d455_color_20260920_165647_453284_frame_000135_src_000880_000029333ms_int10.jpg,k5k10f6f7f8f9f10_d455_color_20260920_165647_453284.mp4,880,10,1867
k5k10f6f7f8f9f10_d455_color_20260920_165647_453284_frame_000136_src_000890_000029667ms_int10.jpg,k5k10f6f7f8f9f10_d455_color_20260920_165647_453284.mp4,890,10,1867
k5k10f6f7f8f9f10_d455_color_20260920_165647_453284_frame_000137_src_000900_000030000ms_int5.jpg,k5k10f6f7f8f9f10_d455_color_20260920_165647_453284.mp4,900,5,1867
k5k10f6f7f8f9f10_d455_color_20260920_165647_453284_frame_000138_src_000905_000030167ms_int5.jpg,k5k10f6f7f8f9f10_d455_color_20260920_165647_453284.mp4,905,5,1867
k5k10f6f7f8f9f10_d455_color_20260920_165647_453284_frame_000139_src_000910_000030333ms_int5.jpg,k5k10f6f7f8f9f10_d455_color_20260920_165647_453284.mp4,910,5,1867
k5k10f6f7f8f9f10_d455_color_20260920_165647_453284_frame_000140_src_000915_000030500ms_int10.jpg,k5k10f6f7f8f9f10_d455_color_20260920_165647_453284.mp4,915,10,1867
k5k10f6f7f8f9f10_d455_color_20260920_165647_453284_frame_000141_src_000925_000030833ms_int10.jpg,k5k10f6f7f8f9f10_d455_color_20260920_165647_453284.mp4,925,10,1867
k5k10f6f7f8f9f10_d455_color_20260920_165647_453284_frame_000142_src_000935_000031167ms_int5.jpg,k5k10f6f7f8f9f10_d455_color_20260920_165647_453284.mp4,935,5,1867
k5k10f6f7f8f9f10_d455_color_20260920_165647_453284_frame_000143_src_000940_000031333ms_int10.jpg,k5k10f6f7f8f9f10_d455_color_20260920_165647_453284.mp4,940,10,1867
k5k10f6f7f8f9f10_d455_color_20260920_165647_453284_frame_000144_src_000950_000031667ms_int7.jpg,k5k10f6f7f8f9f10_d455_color_20260920_165647_453284.mp4,950,7,1867
k5k10f6f7f8f9f10_d455_color_20260920_165647_453284_frame_000145_src_000957_000031900ms_int3.jpg,k5k10f6f7f8f9f10_d455_color_20260920_165647_453284.mp4,957,3,1867
k5k10f6f7f8f9f10_d455_color_20260920_165647_453284_frame_000146_src_000960_000032000ms_int5.jpg,k5k10f6f7f8f9f10_d455_color_20260920_165647_453284.mp4,960,5,1867
k5k10f6f7f8f9f10_d455_color_20260920_165647_453284_frame_000147_src_000965_000032167ms_int8.jpg,k5k10f6f7f8f9f10_d455_color_20260920_165647_453284.mp4,965,8,1867
k5k10f6f7f8f9f10_d455_color_20260920_165647_453284_frame_000148_src_000973_000032433ms_int7.jpg,k5k10f6f7f8f9f10_d455_color_20260920_165647_453284.mp4,973,7,1867
k5k10f6f7f8f9f10_d455_color_20260920_165647_453284_frame_000149_src_000980_000032667ms_int10.jpg,k5k10f6f7f8f9f10_d455_color_20260920_165647_453284.mp4,980,10,1867
k5k10f6f7f8f9f10_d455_color_20260920_165647_453284_frame_000150_src_000990_000033000ms_int8.jpg,k5k10f6f7f8f9f10_d455_color_20260920_165647_453284.mp4,990,8,1867
k5k10f6f7f8f9f10_d455_color_20260920_165647_453284_frame_000151_src_000998_000033267ms_int8.jpg,k5k10f6f7f8f9f10_d455_color_20260920_165647_453284.mp4,998,8,1867
k5k10f6f7f8f9f10_d455_color_20260920_165647_453284_frame_000152_src_001006_000033533ms_int10.jpg,k5k10f6f7f8f9f10_d455_color_20260920_165647_453284.mp4,1006,10,1867
k5k10f6f7f8f9f10_d455_color_20260920_165647_453284_frame_000153_src_001016_000033867ms_int8.jpg,k5k10f6f7f8f9f10_d455_color_20260920_165647_453284.mp4,1016,8,1867
k5k10f6f7f8f9f10_d455_color_20260920_165647_453284_frame_000154_src_001024_000034133ms_int8.jpg,k5k10f6f7f8f9f10_d455_color_20260920_165647_453284.mp4,1024,8,1867
k5k10f6f7f8f9f10_d455_color_20260920_165647_453284_frame_000155_src_001032_000034400ms_int5.jpg,k5k10f6f7f8f9f10_d455_color_20260920_165647_453284.mp4,1032,5,1867
k5k10f6f7f8f9f10_d455_color_20260920_165647_453284_frame_000156_src_001037_000034567ms_int7.jpg,k5k10f6f7f8f9f10_d455_color_20260920_165647_453284.mp4,1037,7,1867
k5k10f6f7f8f9f10_d455_color_20260920_165647_453284_frame_000157_src_001044_000034800ms_int10.jpg,k5k10f6f7f8f9f10_d455_color_20260920_165647_453284.mp4,1044,10,1867
k5k10f6f7f8f9f10_d455_color_20260920_165647_453284_frame_000158_src_001054_000035133ms_int5.jpg,k5k10f6f7f8f9f10_d455_color_20260920_165647_453284.mp4,1054,5,1867
k5k10f6f7f8f9f10_d455_color_20260920_165647_453284_frame_000159_src_001059_000035300ms_int7.jpg,k5k10f6f7f8f9f10_d455_color_20260920_165647_453284.mp4,1059,7,1867
k5k10f6f7f8f9f10_d455_color_20260920_165647_453284_frame_000160_src_001066_000035533ms_int10.jpg,k5k10f6f7f8f9f10_d455_color_20260920_165647_453284.mp4,1066,10,1867
k5k10f6f7f8f9f10_d455_color_20260920_165647_453284_frame_000161_src_001076_000035867ms_int7.jpg,k5k10f6f7f8f9f10_d455_color_20260920_165647_453284.mp4,1076,7,1867
k5k10f6f7f8f9f10_d455_color_20260920_165647_453284_frame_000162_src_001083_000036100ms_int8.jpg,k5k10f6f7f8f9f10_d455_color_20260920_165647_453284.mp4,1083,8,1867
k5k10f6f7f8f9f10_d455_color_20260920_165647_453284_frame_000163_src_001091_000036367ms_int10.jpg,k5k10f6f7f8f9f10_d455_color_20260920_165647_453284.mp4,1091,10,1867
k5k10f6f7f8f9f10_d455_color_20260920_165647_453284_frame_000164_src_001101_000036700ms_int7.jpg,k5k10f6f7f8f9f10_d455_color_20260920_165647_453284.mp4,1101,7,1867
k5k10f6f7f8f9f10_d455_color_20260920_165647_453284_frame_000165_src_001108_000036933ms_int10.jpg,k5k10f6f7f8f9f10_d455_color_20260920_165647_453284.mp4,1108,10,1867
k5k10f6f7f8f9f10_d455_color_20260920_165647_453284_frame_000166_src_001118_000037267ms_int7.jpg,k5k10f6f7f8f9f10_d455_color_20260920_165647_453284.mp4,1118,7,1867
k5k10f6f7f8f9f10_d455_color_20260920_165647_453284_frame_000167_src_001125_000037500ms_int5.jpg,k5k10f6f7f8f9f10_d455_color_20260920_165647_453284.mp4,1125,5,1867
k5k10f6f7f8f9f10_d455_color_20260920_165647_453284_frame_000168_src_001130_000037667ms_int8.jpg,k5k10f6f7f8f9f10_d455_color_20260920_165647_453284.mp4,1130,8,1867
k5k10f6f7f8f9f10_d455_color_20260920_165647_453284_frame_000169_src_001138_000037933ms_int5.jpg,k5k10f6f7f8f9f10_d455_color_20260920_165647_453284.mp4,1138,5,1867
k5k10f6f7f8f9f10_d455_color_20260920_165647_453284_frame_000170_src_001143_000038100ms_int8.jpg,k5k10f6f7f8f9f10_d455_color_20260920_165647_453284.mp4,1143,8,1867
k5k10f6f7f8f9f10_d455_color_20260920_165647_453284_frame_000171_src_001151_000038367ms_int3.jpg,k5k10f6f7f8f9f10_d455_color_20260920_165647_453284.mp4,1151,3,1867
k5k10f6f7f8f9f10_d455_color_20260920_165647_453284_frame_000172_src_001154_000038467ms_int10.jpg,k5k10f6f7f8f9f10_d455_color_20260920_165647_453284.mp4,1154,10,1867
k5k10f6f7f8f9f10_d455_color_20260920_165647_453284_frame_000173_src_001164_000038800ms_int8.jpg,k5k10f6f7f8f9f10_d455_color_20260920_165647_453284.mp4,1164,8,1867
k5k10f6f7f8f9f10_d455_color_20260920_165647_453284_frame_000174_src_001172_000039067ms_int7.jpg,k5k10f6f7f8f9f10_d455_color_20260920_165647_453284.mp4,1172,7,1867
k5k10f6f7f8f9f10_d455_color_20260920_165647_453284_frame_000175_src_001179_000039300ms_int3.jpg,k5k10f6f7f8f9f10_d455_color_20260920_165647_453284.mp4,1179,3,1867
k5k10f6f7f8f9f10_d455_color_20260920_165647_453284_frame_000176_src_001182_000039400ms_int3.jpg,k5k10f6f7f8f9f10_d455_color_20260920_165647_453284.mp4,1182,3,1867
k5k10f6f7f8f9f10_d455_color_20260920_165647_453284_frame_000177_src_001185_000039500ms_int3.jpg,k5k10f6f7f8f9f10_d455_color_20260920_165647_453284.mp4,1185,3,1867
k5k10f6f7f8f9f10_d455_color_20260920_165647_453284_frame_000178_src_001188_000039600ms_int7.jpg,k5k10f6f7f8f9f10_d455_color_20260920_165647_453284.mp4,1188,7,1867
k5k10f6f7f8f9f10_d455_color_20260920_165647_453284_frame_000179_src_001195_000039833ms_int8.jpg,k5k10f6f7f8f9f10_d455_color_20260920_165647_453284.mp4,1195,8,1867
k5k10f6f7f8f9f10_d455_color_20260920_165647_453284_frame_000180_src_001203_000040100ms_int10.jpg,k5k10f6f7f8f9f10_d455_color_20260920_165647_453284.mp4,1203,10,1867
k5k10f6f7f8f9f10_d455_color_20260920_165647_453284_frame_000181_src_001213_000040433ms_int7.jpg,k5k10f6f7f8f9f10_d455_color_20260920_165647_453284.mp4,1213,7,1867
k5k10f6f7f8f9f10_d455_color_20260920_165647_453284_frame_000182_src_001220_000040667ms_int3.jpg,k5k10f6f7f8f9f10_d455_color_20260920_165647_453284.mp4,1220,3,1867
k5k10f6f7f8f9f10_d455_color_20260920_165647_453284_frame_000183_src_001223_000040767ms_int7.jpg,k5k10f6f7f8f9f10_d455_color_20260920_165647_453284.mp4,1223,7,1867
k5k10f6f7f8f9f10_d455_color_20260920_165647_453284_frame_000184_src_001230_000041000ms_int8.jpg,k5k10f6f7f8f9f10_d455_color_20260920_165647_453284.mp4,1230,8,1867
k5k10f6f7f8f9f10_d455_color_20260920_165647_453284_frame_000185_src_001238_000041267ms_int10.jpg,k5k10f6f7f8f9f10_d455_color_20260920_165647_453284.mp4,1238,10,1867
k5k10f6f7f8f9f10_d455_color_20260920_165647_453284_frame_000186_src_001248_000041600ms_int7.jpg,k5k10f6f7f8f9f10_d455_color_20260920_165647_453284.mp4,1248,7,1867
k5k10f6f7f8f9f10_d455_color_20260920_165647_453284_frame_000187_src_001255_000041833ms_int7.jpg,k5k10f6f7f8f9f10_d455_color_20260920_165647_453284.mp4,1255,7,1867
k5k10f6f7f8f9f10_d455_color_20260920_165647_453284_frame_000188_src_001262_000042067ms_int3.jpg,k5k10f6f7f8f9f10_d455_color_20260920_165647_453284.mp4,1262,3,1867
k5k10f6f7f8f9f10_d455_color_20260920_165647_453284_frame_000189_src_001265_000042167ms_int5.jpg,k5k10f6f7f8f9f10_d455_color_20260920_165647_453284.mp4,1265,5,1867
k5k10f6f7f8f9f10_d455_color_20260920_165647_453284_frame_000190_src_001270_000042333ms_int3.jpg,k5k10f6f7f8f9f10_d455_color_20260920_165647_453284.mp4,1270,3,1867
k5k10f6f7f8f9f10_d455_color_20260920_165647_453284_frame_000191_src_001273_000042433ms_int8.jpg,k5k10f6f7f8f9f10_d455_color_20260920_165647_453284.mp4,1273,8,1867
k5k10f6f7f8f9f10_d455_color_20260920_165647_453284_frame_000192_src_001281_000042700ms_int7.jpg,k5k10f6f7f8f9f10_d455_color_20260920_165647_453284.mp4,1281,7,1867
k5k10f6f7f8f9f10_d455_color_20260920_165647_453284_frame_000193_src_001288_000042933ms_int5.jpg,k5k10f6f7f8f9f10_d455_color_20260920_165647_453284.mp4,1288,5,1867
k5k10f6f7f8f9f10_d455_color_20260920_165647_453284_frame_000194_src_001293_000043100ms_int5.jpg,k5k10f6f7f8f9f10_d455_color_20260920_165647_453284.mp4,1293,5,1867
k5k10f6f7f8f9f10_d455_color_20260920_165647_453284_frame_000195_src_001298_000043267ms_int7.jpg,k5k10f6f7f8f9f10_d455_color_20260920_165647_453284.mp4,1298,7,1867
k5k10f6f7f8f9f10_d455_color_20260920_165647_453284_frame_000196_src_001305_000043500ms_int10.jpg,k5k10f6f7f8f9f10_d455_color_20260920_165647_453284.mp4,1305,10,1867
k5k10f6f7f8f9f10_d455_color_20260920_165647_453284_frame_000197_src_001315_000043833ms_int3.jpg,k5k10f6f7f8f9f10_d455_color_20260920_165647_453284.mp4,1315,3,1867
k5k10f6f7f8f9f10_d455_color_20260920_165647_453284_frame_000198_src_001318_000043933ms_int3.jpg,k5k10f6f7f8f9f10_d455_color_20260920_165647_453284.mp4,1318,3,1867
k5k10f6f7f8f9f10_d455_color_20260920_165647_453284_frame_000199_src_001321_000044033ms_int10.jpg,k5k10f6f7f8f9f10_d455_color_20260920_165647_453284.mp4,1321,10,1867
k5k10f6f7f8f9f10_d455_color_20260920_165647_453284_frame_000200_src_001331_000044367ms_int8.jpg,k5k10f6f7f8f9f10_d455_color_20260920_165647_453284.mp4,1331,8,1867
k5k10f6f7f8f9f10_d455_color_20260920_165647_453284_frame_000201_src_001339_000044633ms_int10.jpg,k5k10f6f7f8f9f10_d455_color_20260920_165647_453284.mp4,1339,10,1867
k5k10f6f7f8f9f10_d455_color_20260920_165647_453284_frame_000202_src_001349_000044967ms_int10.jpg,k5k10f6f7f8f9f10_d455_color_20260920_165647_453284.mp4,1349,10,1867
k5k10f6f7f8f9f10_d455_color_20260920_165647_453284_frame_000203_src_001359_000045300ms_int3.jpg,k5k10f6f7f8f9f10_d455_color_20260920_165647_453284.mp4,1359,3,1867
k5k10f6f7f8f9f10_d455_color_20260920_165647_453284_frame_000204_src_001362_000045400ms_int3.jpg,k5k10f6f7f8f9f10_d455_color_20260920_165647_453284.mp4,1362,3,1867
k5k10f6f7f8f9f10_d455_color_20260920_165647_453284_frame_000205_src_001365_000045500ms_int8.jpg,k5k10f6f7f8f9f10_d455_color_20260920_165647_453284.mp4,1365,8,1867
k5k10f6f7f8f9f10_d455_color_20260920_165647_453284_frame_000206_src_001373_000045767ms_int3.jpg,k5k10f6f7f8f9f10_d455_color_20260920_165647_453284.mp4,1373,3,1867
k5k10f6f7f8f9f10_d455_color_20260920_165647_453284_frame_000207_src_001376_000045867ms_int5.jpg,k5k10f6f7f8f9f10_d455_color_20260920_165647_453284.mp4,1376,5,1867
k5k10f6f7f8f9f10_d455_color_20260920_165647_453284_frame_000208_src_001381_000046033ms_int3.jpg,k5k10f6f7f8f9f10_d455_color_20260920_165647_453284.mp4,1381,3,1867
k5k10f6f7f8f9f10_d455_color_20260920_165647_453284_frame_000209_src_001384_000046133ms_int3.jpg,k5k10f6f7f8f9f10_d455_color_20260920_165647_453284.mp4,1384,3,1867
k5k10f6f7f8f9f10_d455_color_20260920_165647_453284_frame_000210_src_001387_000046233ms_int10.jpg,k5k10f6f7f8f9f10_d455_color_20260920_165647_453284.mp4,1387,10,1867
k5k10f6f7f8f9f10_d455_color_20260920_165647_453284_frame_000211_src_001397_000046567ms_int7.jpg,k5k10f6f7f8f9f10_d455_color_20260920_165647_453284.mp4,1397,7,1867
k5k10f6f7f8f9f10_d455_color_20260920_165647_453284_frame_000212_src_001404_000046800ms_int5.jpg,k5k10f6f7f8f9f10_d455_color_20260920_165647_453284.mp4,1404,5,1867
k5k10f6f7f8f9f10_d455_color_20260920_165647_453284_frame_000213_src_001409_000046967ms_int5.jpg,k5k10f6f7f8f9f10_d455_color_20260920_165647_453284.mp4,1409,5,1867
k5k10f6f7f8f9f10_d455_color_20260920_165647_453284_frame_000214_src_001414_000047133ms_int10.jpg,k5k10f6f7f8f9f10_d455_color_20260920_165647_453284.mp4,1414,10,1867
k5k10f6f7f8f9f10_d455_color_20260920_165647_453284_frame_000215_src_001424_000047467ms_int8.jpg,k5k10f6f7f8f9f10_d455_color_20260920_165647_453284.mp4,1424,8,1867
k5k10f6f7f8f9f10_d455_color_20260920_165647_453284_frame_000216_src_001432_000047733ms_int10.jpg,k5k10f6f7f8f9f10_d455_color_20260920_165647_453284.mp4,1432,10,1867
k5k10f6f7f8f9f10_d455_color_20260920_165647_453284_frame_000217_src_001442_000048067ms_int10.jpg,k5k10f6f7f8f9f10_d455_color_20260920_165647_453284.mp4,1442,10,1867
k5k10f6f7f8f9f10_d455_color_20260920_165647_453284_frame_000218_src_001452_000048400ms_int8.jpg,k5k10f6f7f8f9f10_d455_color_20260920_165647_453284.mp4,1452,8,1867
k5k10f6f7f8f9f10_d455_color_20260920_165647_453284_frame_000219_src_001460_000048667ms_int3.jpg,k5k10f6f7f8f9f10_d455_color_20260920_165647_453284.mp4,1460,3,1867
k5k10f6f7f8f9f10_d455_color_20260920_165647_453284_frame_000220_src_001463_000048767ms_int5.jpg,k5k10f6f7f8f9f10_d455_color_20260920_165647_453284.mp4,1463,5,1867
k5k10f6f7f8f9f10_d455_color_20260920_165647_453284_frame_000221_src_001468_000048933ms_int8.jpg,k5k10f6f7f8f9f10_d455_color_20260920_165647_453284.mp4,1468,8,1867
k5k10f6f7f8f9f10_d455_color_20260920_165647_453284_frame_000222_src_001476_000049200ms_int3.jpg,k5k10f6f7f8f9f10_d455_color_20260920_165647_453284.mp4,1476,3,1867
k5k10f6f7f8f9f10_d455_color_20260920_165647_453284_frame_000223_src_001479_000049300ms_int5.jpg,k5k10f6f7f8f9f10_d455_color_20260920_165647_453284.mp4,1479,5,1867
k5k10f6f7f8f9f10_d455_color_20260920_165647_453284_frame_000224_src_001484_000049467ms_int10.jpg,k5k10f6f7f8f9f10_d455_color_20260920_165647_453284.mp4,1484,10,1867
k5k10f6f7f8f9f10_d455_color_20260920_165647_453284_frame_000225_src_001494_000049800ms_int7.jpg,k5k10f6f7f8f9f10_d455_color_20260920_165647_453284.mp4,1494,7,1867
k5k10f6f7f8f9f10_d455_color_20260920_165647_453284_frame_000226_src_001501_000050033ms_int10.jpg,k5k10f6f7f8f9f10_d455_color_20260920_165647_453284.mp4,1501,10,1867
k5k10f6f7f8f9f10_d455_color_20260920_165647_453284_frame_000227_src_001511_000050367ms_int7.jpg,k5k10f6f7f8f9f10_d455_color_20260920_165647_453284.mp4,1511,7,1867
k5k10f6f7f8f9f10_d455_color_20260920_165647_453284_frame_000228_src_001518_000050600ms_int3.jpg,k5k10f6f7f8f9f10_d455_color_20260920_165647_453284.mp4,1518,3,1867
k5k10f6f7f8f9f10_d455_color_20260920_165647_453284_frame_000229_src_001521_000050700ms_int8.jpg,k5k10f6f7f8f9f10_d455_color_20260920_165647_453284.mp4,1521,8,1867
k5k10f6f7f8f9f10_d455_color_20260920_165647_453284_frame_000230_src_001529_000050967ms_int10.jpg,k5k10f6f7f8f9f10_d455_color_20260920_165647_453284.mp4,1529,10,1867
k5k10f6f7f8f9f10_d455_color_20260920_165647_453284_frame_000231_src_001539_000051300ms_int7.jpg,k5k10f6f7f8f9f10_d455_color_20260920_165647_453284.mp4,1539,7,1867
k5k10f6f7f8f9f10_d455_color_20260920_165647_453284_frame_000232_src_001546_000051533ms_int3.jpg,k5k10f6f7f8f9f10_d455_color_20260920_165647_453284.mp4,1546,3,1867
k5k10f6f7f8f9f10_d455_color_20260920_165647_453284_frame_000233_src_001549_000051633ms_int3.jpg,k5k10f6f7f8f9f10_d455_color_20260920_165647_453284.mp4,1549,3,1867
k5k10f6f7f8f9f10_d455_color_20260920_165647_453284_frame_000234_src_001552_000051733ms_int7.jpg,k5k10f6f7f8f9f10_d455_color_20260920_165647_453284.mp4,1552,7,1867
k5k10f6f7f8f9f10_d455_color_20260920_165647_453284_frame_000235_src_001559_000051967ms_int3.jpg,k5k10f6f7f8f9f10_d455_color_20260920_165647_453284.mp4,1559,3,1867
k5k10f6f7f8f9f10_d455_color_20260920_165647_453284_frame_000236_src_001562_000052067ms_int7.jpg,k5k10f6f7f8f9f10_d455_color_20260920_165647_453284.mp4,1562,7,1867
k5k10f6f7f8f9f10_d455_color_20260920_165647_453284_frame_000237_src_001569_000052300ms_int10.jpg,k5k10f6f7f8f9f10_d455_color_20260920_165647_453284.mp4,1569,10,1867
k5k10f6f7f8f9f10_d455_color_20260920_165647_453284_frame_000238_src_001579_000052633ms_int10.jpg,k5k10f6f7f8f9f10_d455_color_20260920_165647_453284.mp4,1579,10,1867
k5k10f6f7f8f9f10_d455_color_20260920_165647_453284_frame_000239_src_001589_000052967ms_int10.jpg,k5k10f6f7f8f9f10_d455_color_20260920_165647_453284.mp4,1589,10,1867
k5k10f6f7f8f9f10_d455_color_20260920_165647_453284_frame_000240_src_001599_000053300ms_int5.jpg,k5k10f6f7f8f9f10_d455_color_20260920_165647_453284.mp4,1599,5,1867
k5k10f6f7f8f9f10_d455_color_20260920_165647_453284_frame_000241_src_001604_000053467ms_int7.jpg,k5k10f6f7f8f9f10_d455_color_20260920_165647_453284.mp4,1604,7,1867
k5k10f6f7f8f9f10_d455_color_20260920_165647_453284_frame_000242_src_001611_000053700ms_int3.jpg,k5k10f6f7f8f9f10_d455_color_20260920_165647_453284.mp4,1611,3,1867
k5k10f6f7f8f9f10_d455_color_20260920_165647_453284_frame_000243_src_001614_000053800ms_int5.jpg,k5k10f6f7f8f9f10_d455_color_20260920_165647_453284.mp4,1614,5,1867
k5k10f6f7f8f9f10_d455_color_20260920_165647_453284_frame_000244_src_001619_000053967ms_int3.jpg,k5k10f6f7f8f9f10_d455_color_20260920_165647_453284.mp4,1619,3,1867
k5k10f6f7f8f9f10_d455_color_20260920_165647_453284_frame_000245_src_001622_000054067ms_int5.jpg,k5k10f6f7f8f9f10_d455_color_20260920_165647_453284.mp4,1622,5,1867
k5k10f6f7f8f9f10_d455_color_20260920_165647_453284_frame_000246_src_001627_000054233ms_int10.jpg,k5k10f6f7f8f9f10_d455_color_20260920_165647_453284.mp4,1627,10,1867
k5k10f6f7f8f9f10_d455_color_20260920_165647_453284_frame_000247_src_001637_000054567ms_int8.jpg,k5k10f6f7f8f9f10_d455_color_20260920_165647_453284.mp4,1637,8,1867
k5k10f6f7f8f9f10_d455_color_20260920_165647_453284_frame_000248_src_001645_000054833ms_int3.jpg,k5k10f6f7f8f9f10_d455_color_20260920_165647_453284.mp4,1645,3,1867
k5k10f6f7f8f9f10_d455_color_20260920_165647_453284_frame_000249_src_001648_000054933ms_int5.jpg,k5k10f6f7f8f9f10_d455_color_20260920_165647_453284.mp4,1648,5,1867
k5k10f6f7f8f9f10_d455_color_20260920_165647_453284_frame_000250_src_001653_000055100ms_int3.jpg,k5k10f6f7f8f9f10_d455_color_20260920_165647_453284.mp4,1653,3,1867
k5k10f6f7f8f9f10_d455_color_20260920_165647_453284_frame_000251_src_001656_000055200ms_int7.jpg,k5k10f6f7f8f9f10_d455_color_20260920_165647_453284.mp4,1656,7,1867
k5k10f6f7f8f9f10_d455_color_20260920_165647_453284_frame_000252_src_001663_000055433ms_int8.jpg,k5k10f6f7f8f9f10_d455_color_20260920_165647_453284.mp4,1663,8,1867
k5k10f6f7f8f9f10_d455_color_20260920_165647_453284_frame_000253_src_001671_000055700ms_int3.jpg,k5k10f6f7f8f9f10_d455_color_20260920_165647_453284.mp4,1671,3,1867
k5k10f6f7f8f9f10_d455_color_20260920_165647_453284_frame_000254_src_001674_000055800ms_int7.jpg,k5k10f6f7f8f9f10_d455_color_20260920_165647_453284.mp4,1674,7,1867
k5k10f6f7f8f9f10_d455_color_20260920_165647_453284_frame_000255_src_001681_000056033ms_int5.jpg,k5k10f6f7f8f9f10_d455_color_20260920_165647_453284.mp4,1681,5,1867
k5k10f6f7f8f9f10_d455_color_20260920_165647_453284_frame_000256_src_001686_000056200ms_int3.jpg,k5k10f6f7f8f9f10_d455_color_20260920_165647_453284.mp4,1686,3,1867
k5k10f6f7f8f9f10_d455_color_20260920_165647_453284_frame_000257_src_001689_000056300ms_int5.jpg,k5k10f6f7f8f9f10_d455_color_20260920_165647_453284.mp4,1689,5,1867
k5k10f6f7f8f9f10_d455_color_20260920_165647_453284_frame_000258_src_001694_000056467ms_int5.jpg,k5k10f6f7f8f9f10_d455_color_20260920_165647_453284.mp4,1694,5,1867
k5k10f6f7f8f9f10_d455_color_20260920_165647_453284_frame_000259_src_001699_000056633ms_int8.jpg,k5k10f6f7f8f9f10_d455_color_20260920_165647_453284.mp4,1699,8,1867
k5k10f6f7f8f9f10_d455_color_20260920_165647_453284_frame_000260_src_001707_000056900ms_int7.jpg,k5k10f6f7f8f9f10_d455_color_20260920_165647_453284.mp4,1707,7,1867
k5k10f6f7f8f9f10_d455_color_20260920_165647_453284_frame_000261_src_001714_000057133ms_int8.jpg,k5k10f6f7f8f9f10_d455_color_20260920_165647_453284.mp4,1714,8,1867
k5k10f6f7f8f9f10_d455_color_20260920_165647_453284_frame_000262_src_001722_000057400ms_int10.jpg,k5k10f6f7f8f9f10_d455_color_20260920_165647_453284.mp4,1722,10,1867
k5k10f6f7f8f9f10_d455_color_20260920_165647_453284_frame_000263_src_001732_000057733ms_int3.jpg,k5k10f6f7f8f9f10_d455_color_20260920_165647_453284.mp4,1732,3,1867
k5k10f6f7f8f9f10_d455_color_20260920_165647_453284_frame_000264_src_001735_000057833ms_int5.jpg,k5k10f6f7f8f9f10_d455_color_20260920_165647_453284.mp4,1735,5,1867
k5k10f6f7f8f9f10_d455_color_20260920_165647_453284_frame_000265_src_001740_000058000ms_int8.jpg,k5k10f6f7f8f9f10_d455_color_20260920_165647_453284.mp4,1740,8,1867
k5k10f6f7f8f9f10_d455_color_20260920_165647_453284_frame_000266_src_001748_000058267ms_int3.jpg,k5k10f6f7f8f9f10_d455_color_20260920_165647_453284.mp4,1748,3,1867
k5k10f6f7f8f9f10_d455_color_20260920_165647_453284_frame_000267_src_001751_000058367ms_int10.jpg,k5k10f6f7f8f9f10_d455_color_20260920_165647_453284.mp4,1751,10,1867
k5k10f6f7f8f9f10_d455_color_20260920_165647_453284_frame_000268_src_001761_000058700ms_int8.jpg,k5k10f6f7f8f9f10_d455_color_20260920_165647_453284.mp4,1761,8,1867
k5k10f6f7f8f9f10_d455_color_20260920_165647_453284_frame_000269_src_001769_000058967ms_int3.jpg,k5k10f6f7f8f9f10_d455_color_20260920_165647_453284.mp4,1769,3,1867
k5k10f6f7f8f9f10_d455_color_20260920_165647_453284_frame_000270_src_001772_000059067ms_int5.jpg,k5k10f6f7f8f9f10_d455_color_20260920_165647_453284.mp4,1772,5,1867
k5k10f6f7f8f9f10_d455_color_20260920_165647_453284_frame_000271_src_001777_000059233ms_int3.jpg,k5k10f6f7f8f9f10_d455_color_20260920_165647_453284.mp4,1777,3,1867
k5k10f6f7f8f9f10_d455_color_20260920_165647_453284_frame_000272_src_001780_000059333ms_int10.jpg,k5k10f6f7f8f9f10_d455_color_20260920_165647_453284.mp4,1780,10,1867
k5k10f6f7f8f9f10_d455_color_20260920_165647_453284_frame_000273_src_001790_000059667ms_int5.jpg,k5k10f6f7f8f9f10_d455_color_20260920_165647_453284.mp4,1790,5,1867
k5k10f6f7f8f9f10_d455_color_20260920_165647_453284_frame_000274_src_001795_000059833ms_int3.jpg,k5k10f6f7f8f9f10_d455_color_20260920_165647_453284.mp4,1795,3,1867
k5k10f6f7f8f9f10_d455_color_20260920_165647_453284_frame_000275_src_001798_000059933ms_int5.jpg,k5k10f6f7f8f9f10_d455_color_20260920_165647_453284.mp4,1798,5,1867
k5k10f6f7f8f9f10_d455_color_20260920_165647_453284_frame_000276_src_001803_000060100ms_int5.jpg,k5k10f6f7f8f9f10_d455_color_20260920_165647_453284.mp4,1803,5,1867
k5k10f6f7f8f9f10_d455_color_20260920_165647_453284_frame_000277_src_001808_000060267ms_int5.jpg,k5k10f6f7f8f9f10_d455_color_20260920_165647_453284.mp4,1808,5,1867
k5k10f6f7f8f9f10_d455_color_20260920_165647_453284_frame_000278_src_001813_000060433ms_int7.jpg,k5k10f6f7f8f9f10_d455_color_20260920_165647_453284.mp4,1813,7,1867
k5k10f6f7f8f9f10_d455_color_20260920_165647_453284_frame_000279_src_001820_000060667ms_int10.jpg,k5k10f6f7f8f9f10_d455_color_20260920_165647_453284.mp4,1820,10,1867
k5k10f6f7f8f9f10_d455_color_20260920_165647_453284_frame_000280_src_001830_000061000ms_int3.jpg,k5k10f6f7f8f9f10_d455_color_20260920_165647_453284.mp4,1830,3,1867
k5k10f6f7f8f9f10_d455_color_20260920_165647_453284_frame_000281_src_001833_000061100ms_int10.jpg,k5k10f6f7f8f9f10_d455_color_20260920_165647_453284.mp4,1833,10,1867
k5k10f6f7f8f9f10_d455_color_20260920_165647_453284_frame_000282_src_001843_000061433ms_int7.jpg,k5k10f6f7f8f9f10_d455_color_20260920_165647_453284.mp4,1843,7,1867
k5k10f6f7f8f9f10_d455_color_20260920_165647_453284_frame_000283_src_001850_000061667ms_int3.jpg,k5k10f6f7f8f9f10_d455_color_20260920_165647_453284.mp4,1850,3,1867
k5k10f6f7f8f9f10_d455_color_20260920_165647_453284_frame_000284_src_001853_000061767ms_int3.jpg,k5k10f6f7f8f9f10_d455_color_20260920_165647_453284.mp4,1853,3,1867
k5k10f6f7f8f9f10_d455_color_20260920_165647_453284_frame_000285_src_001856_000061867ms_int10.jpg,k5k10f6f7f8f9f10_d455_color_20260920_165647_453284.mp4,1856,10,1867
k5k10f6f7f8f9f10_d455_color_20260920_165647_453284_frame_000286_src_001866_000062200ms_int5.jpg,k5k10f6f7f8f9f10_d455_color_20260920_165647_453284.mp4,1866,5,1867
k5k10f6f7f8f9f10_d455_color_20260920_165901_341490_frame_000000_src_000000_000000000ms_int3.jpg,k5k10f6f7f8f9f10_d455_color_20260920_165901_341490.mp4,0,3,1815
k5k10f6f7f8f9f10_d455_color_20260920_165901_341490_frame_000001_src_000003_000000100ms_int7.jpg,k5k10f6f7f8f9f10_d455_color_20260920_165901_341490.mp4,3,7,1815
k5k10f6f7f8f9f10_d455_color_20260920_165901_341490_frame_000002_src_000010_000000333ms_int3.jpg,k5k10f6f7f8f9f10_d455_color_20260920_165901_341490.mp4,10,3,1815
k5k10f6f7f8f9f10_d455_color_20260920_165901_341490_frame_000003_src_000013_000000433ms_int5.jpg,k5k10f6f7f8f9f10_d455_color_20260920_165901_341490.mp4,13,5,1815
k5k10f6f7f8f9f10_d455_color_20260920_165901_341490_frame_000004_src_000018_000000600ms_int8.jpg,k5k10f6f7f8f9f10_d455_color_20260920_165901_341490.mp4,18,8,1815
k5k10f6f7f8f9f10_d455_color_20260920_165901_341490_frame_000005_src_000026_000000867ms_int3.jpg,k5k10f6f7f8f9f10_d455_color_20260920_165901_341490.mp4,26,3,1815
k5k10f6f7f8f9f10_d455_color_20260920_165901_341490_frame_000006_src_000029_000000967ms_int7.jpg,k5k10f6f7f8f9f10_d455_color_20260920_165901_341490.mp4,29,7,1815
k5k10f6f7f8f9f10_d455_color_20260920_165901_341490_frame_000007_src_000036_000001200ms_int5.jpg,k5k10f6f7f8f9f10_d455_color_20260920_165901_341490.mp4,36,5,1815
k5k10f6f7f8f9f10_d455_color_20260920_165901_341490_frame_000008_src_000041_000001367ms_int10.jpg,k5k10f6f7f8f9f10_d455_color_20260920_165901_341490.mp4,41,10,1815
k5k10f6f7f8f9f10_d455_color_20260920_165901_341490_frame_000009_src_000051_000001700ms_int7.jpg,k5k10f6f7f8f9f10_d455_color_20260920_165901_341490.mp4,51,7,1815
k5k10f6f7f8f9f10_d455_color_20260920_165901_341490_frame_000010_src_000058_000001933ms_int3.jpg,k5k10f6f7f8f9f10_d455_color_20260920_165901_341490.mp4,58,3,1815
k5k10f6f7f8f9f10_d455_color_20260920_165901_341490_frame_000011_src_000061_000002033ms_int3.jpg,k5k10f6f7f8f9f10_d455_color_20260920_165901_341490.mp4,61,3,1815
k5k10f6f7f8f9f10_d455_color_20260920_165901_341490_frame_000012_src_000064_000002133ms_int5.jpg,k5k10f6f7f8f9f10_d455_color_20260920_165901_341490.mp4,64,5,1815
k5k10f6f7f8f9f10_d455_color_20260920_165901_341490_frame_000013_src_000069_000002300ms_int5.jpg,k5k10f6f7f8f9f10_d455_color_20260920_165901_341490.mp4,69,5,1815
k5k10f6f7f8f9f10_d455_color_20260920_165901_341490_frame_000014_src_000074_000002467ms_int7.jpg,k5k10f6f7f8f9f10_d455_color_20260920_165901_341490.mp4,74,7,1815
k5k10f6f7f8f9f10_d455_color_20260920_165901_341490_frame_000015_src_000081_000002700ms_int7.jpg,k5k10f6f7f8f9f10_d455_color_20260920_165901_341490.mp4,81,7,1815
k5k10f6f7f8f9f10_d455_color_20260920_165901_341490_frame_000016_src_000088_000002933ms_int7.jpg,k5k10f6f7f8f9f10_d455_color_20260920_165901_341490.mp4,88,7,1815
k5k10f6f7f8f9f10_d455_color_20260920_165901_341490_frame_000017_src_000095_000003167ms_int7.jpg,k5k10f6f7f8f9f10_d455_color_20260920_165901_341490.mp4,95,7,1815
k5k10f6f7f8f9f10_d455_color_20260920_165901_341490_frame_000018_src_000102_000003400ms_int10.jpg,k5k10f6f7f8f9f10_d455_color_20260920_165901_341490.mp4,102,10,1815
k5k10f6f7f8f9f10_d455_color_20260920_165901_341490_frame_000019_src_000112_000003733ms_int10.jpg,k5k10f6f7f8f9f10_d455_color_20260920_165901_341490.mp4,112,10,1815
k5k10f6f7f8f9f10_d455_color_20260920_165901_341490_frame_000020_src_000122_000004067ms_int3.jpg,k5k10f6f7f8f9f10_d455_color_20260920_165901_341490.mp4,122,3,1815
k5k10f6f7f8f9f10_d455_color_20260920_165901_341490_frame_000021_src_000125_000004167ms_int10.jpg,k5k10f6f7f8f9f10_d455_color_20260920_165901_341490.mp4,125,10,1815
k5k10f6f7f8f9f10_d455_color_20260920_165901_341490_frame_000022_src_000135_000004500ms_int10.jpg,k5k10f6f7f8f9f10_d455_color_20260920_165901_341490.mp4,135,10,1815
k5k10f6f7f8f9f10_d455_color_20260920_165901_341490_frame_000023_src_000145_000004833ms_int7.jpg,k5k10f6f7f8f9f10_d455_color_20260920_165901_341490.mp4,145,7,1815
k5k10f6f7f8f9f10_d455_color_20260920_165901_341490_frame_000024_src_000152_000005067ms_int8.jpg,k5k10f6f7f8f9f10_d455_color_20260920_165901_341490.mp4,152,8,1815
k5k10f6f7f8f9f10_d455_color_20260920_165901_341490_frame_000025_src_000160_000005333ms_int7.jpg,k5k10f6f7f8f9f10_d455_color_20260920_165901_341490.mp4,160,7,1815
k5k10f6f7f8f9f10_d455_color_20260920_165901_341490_frame_000026_src_000167_000005567ms_int5.jpg,k5k10f6f7f8f9f10_d455_color_20260920_165901_341490.mp4,167,5,1815
k5k10f6f7f8f9f10_d455_color_20260920_165901_341490_frame_000027_src_000172_000005733ms_int8.jpg,k5k10f6f7f8f9f10_d455_color_20260920_165901_341490.mp4,172,8,1815
k5k10f6f7f8f9f10_d455_color_20260920_165901_341490_frame_000028_src_000180_000006000ms_int3.jpg,k5k10f6f7f8f9f10_d455_color_20260920_165901_341490.mp4,180,3,1815
k5k10f6f7f8f9f10_d455_color_20260920_165901_341490_frame_000029_src_000183_000006100ms_int7.jpg,k5k10f6f7f8f9f10_d455_color_20260920_165901_341490.mp4,183,7,1815
k5k10f6f7f8f9f10_d455_color_20260920_165901_341490_frame_000030_src_000190_000006333ms_int8.jpg,k5k10f6f7f8f9f10_d455_color_20260920_165901_341490.mp4,190,8,1815
k5k10f6f7f8f9f10_d455_color_20260920_165901_341490_frame_000031_src_000198_000006600ms_int8.jpg,k5k10f6f7f8f9f10_d455_color_20260920_165901_341490.mp4,198,8,1815
k5k10f6f7f8f9f10_d455_color_20260920_165901_341490_frame_000032_src_000206_000006867ms_int8.jpg,k5k10f6f7f8f9f10_d455_color_20260920_165901_341490.mp4,206,8,1815
k5k10f6f7f8f9f10_d455_color_20260920_165901_341490_frame_000033_src_000214_000007133ms_int8.jpg,k5k10f6f7f8f9f10_d455_color_20260920_165901_341490.mp4,214,8,1815
k5k10f6f7f8f9f10_d455_color_20260920_165901_341490_frame_000034_src_000222_000007400ms_int10.jpg,k5k10f6f7f8f9f10_d455_color_20260920_165901_341490.mp4,222,10,1815
k5k10f6f7f8f9f10_d455_color_20260920_165901_341490_frame_000035_src_000232_000007733ms_int5.jpg,k5k10f6f7f8f9f10_d455_color_20260920_165901_341490.mp4,232,5,1815
k5k10f6f7f8f9f10_d455_color_20260920_165901_341490_frame_000036_src_000237_000007900ms_int8.jpg,k5k10f6f7f8f9f10_d455_color_20260920_165901_341490.mp4,237,8,1815
k5k10f6f7f8f9f10_d455_color_20260920_165901_341490_frame_000037_src_000245_000008167ms_int10.jpg,k5k10f6f7f8f9f10_d455_color_20260920_165901_341490.mp4,245,10,1815
k5k10f6f7f8f9f10_d455_color_20260920_165901_341490_frame_000038_src_000255_000008500ms_int10.jpg,k5k10f6f7f8f9f10_d455_color_20260920_165901_341490.mp4,255,10,1815
k5k10f6f7f8f9f10_d455_color_20260920_165901_341490_frame_000039_src_000265_000008833ms_int8.jpg,k5k10f6f7f8f9f10_d455_color_20260920_165901_341490.mp4,265,8,1815
k5k10f6f7f8f9f10_d455_color_20260920_165901_341490_frame_000040_src_000273_000009100ms_int10.jpg,k5k10f6f7f8f9f10_d455_color_20260920_165901_341490.mp4,273,10,1815
k5k10f6f7f8f9f10_d455_color_20260920_165901_341490_frame_000041_src_000283_000009433ms_int7.jpg,k5k10f6f7f8f9f10_d455_color_20260920_165901_341490.mp4,283,7,1815
k5k10f6f7f8f9f10_d455_color_20260920_165901_341490_frame_000042_src_000290_000009667ms_int5.jpg,k5k10f6f7f8f9f10_d455_color_20260920_165901_341490.mp4,290,5,1815
k5k10f6f7f8f9f10_d455_color_20260920_165901_341490_frame_000043_src_000295_000009833ms_int7.jpg,k5k10f6f7f8f9f10_d455_color_20260920_165901_341490.mp4,295,7,1815
k5k10f6f7f8f9f10_d455_color_20260920_165901_341490_frame_000044_src_000302_000010067ms_int10.jpg,k5k10f6f7f8f9f10_d455_color_20260920_165901_341490.mp4,302,10,1815
k5k10f6f7f8f9f10_d455_color_20260920_165901_341490_frame_000045_src_000312_000010400ms_int5.jpg,k5k10f6f7f8f9f10_d455_color_20260920_165901_341490.mp4,312,5,1815
k5k10f6f7f8f9f10_d455_color_20260920_165901_341490_frame_000046_src_000317_000010567ms_int10.jpg,k5k10f6f7f8f9f10_d455_color_20260920_165901_341490.mp4,317,10,1815
k5k10f6f7f8f9f10_d455_color_20260920_165901_341490_frame_000047_src_000327_000010900ms_int7.jpg,k5k10f6f7f8f9f10_d455_color_20260920_165901_341490.mp4,327,7,1815
k5k10f6f7f8f9f10_d455_color_20260920_165901_341490_frame_000048_src_000334_000011133ms_int8.jpg,k5k10f6f7f8f9f10_d455_color_20260920_165901_341490.mp4,334,8,1815
k5k10f6f7f8f9f10_d455_color_20260920_165901_341490_frame_000049_src_000342_000011400ms_int10.jpg,k5k10f6f7f8f9f10_d455_color_20260920_165901_341490.mp4,342,10,1815
k5k10f6f7f8f9f10_d455_color_20260920_165901_341490_frame_000050_src_000352_000011733ms_int10.jpg,k5k10f6f7f8f9f10_d455_color_20260920_165901_341490.mp4,352,10,1815
k5k10f6f7f8f9f10_d455_color_20260920_165901_341490_frame_000051_src_000362_000012067ms_int8.jpg,k5k10f6f7f8f9f10_d455_color_20260920_165901_341490.mp4,362,8,1815
k5k10f6f7f8f9f10_d455_color_20260920_165901_341490_frame_000052_src_000370_000012333ms_int5.jpg,k5k10f6f7f8f9f10_d455_color_20260920_165901_341490.mp4,370,5,1815
k5k10f6f7f8f9f10_d455_color_20260920_165901_341490_frame_000053_src_000375_000012500ms_int7.jpg,k5k10f6f7f8f9f10_d455_color_20260920_165901_341490.mp4,375,7,1815
k5k10f6f7f8f9f10_d455_color_20260920_165901_341490_frame_000054_src_000382_000012733ms_int3.jpg,k5k10f6f7f8f9f10_d455_color_20260920_165901_341490.mp4,382,3,1815
k5k10f6f7f8f9f10_d455_color_20260920_165901_341490_frame_000055_src_000385_000012833ms_int3.jpg,k5k10f6f7f8f9f10_d455_color_20260920_165901_341490.mp4,385,3,1815
k5k10f6f7f8f9f10_d455_color_20260920_165901_341490_frame_000056_src_000388_000012933ms_int5.jpg,k5k10f6f7f8f9f10_d455_color_20260920_165901_341490.mp4,388,5,1815
k5k10f6f7f8f9f10_d455_color_20260920_165901_341490_frame_000057_src_000393_000013100ms_int5.jpg,k5k10f6f7f8f9f10_d455_color_20260920_165901_341490.mp4,393,5,1815
k5k10f6f7f8f9f10_d455_color_20260920_165901_341490_frame_000058_src_000398_000013267ms_int7.jpg,k5k10f6f7f8f9f10_d455_color_20260920_165901_341490.mp4,398,7,1815
k5k10f6f7f8f9f10_d455_color_20260920_165901_341490_frame_000059_src_000405_000013500ms_int8.jpg,k5k10f6f7f8f9f10_d455_color_20260920_165901_341490.mp4,405,8,1815
k5k10f6f7f8f9f10_d455_color_20260920_165901_341490_frame_000060_src_000413_000013767ms_int10.jpg,k5k10f6f7f8f9f10_d455_color_20260920_165901_341490.mp4,413,10,1815
k5k10f6f7f8f9f10_d455_color_20260920_165901_341490_frame_000061_src_000423_000014100ms_int10.jpg,k5k10f6f7f8f9f10_d455_color_20260920_165901_341490.mp4,423,10,1815
k5k10f6f7f8f9f10_d455_color_20260920_165901_341490_frame_000062_src_000433_000014433ms_int8.jpg,k5k10f6f7f8f9f10_d455_color_20260920_165901_341490.mp4,433,8,1815
k5k10f6f7f8f9f10_d455_color_20260920_165901_341490_frame_000063_src_000441_000014700ms_int8.jpg,k5k10f6f7f8f9f10_d455_color_20260920_165901_341490.mp4,441,8,1815
k5k10f6f7f8f9f10_d455_color_20260920_165901_341490_frame_000064_src_000449_000014967ms_int5.jpg,k5k10f6f7f8f9f10_d455_color_20260920_165901_341490.mp4,449,5,1815
k5k10f6f7f8f9f10_d455_color_20260920_165901_341490_frame_000065_src_000454_000015133ms_int7.jpg,k5k10f6f7f8f9f10_d455_color_20260920_165901_341490.mp4,454,7,1815
k5k10f6f7f8f9f10_d455_color_20260920_165901_341490_frame_000066_src_000461_000015367ms_int7.jpg,k5k10f6f7f8f9f10_d455_color_20260920_165901_341490.mp4,461,7,1815
k5k10f6f7f8f9f10_d455_color_20260920_165901_341490_frame_000067_src_000468_000015600ms_int10.jpg,k5k10f6f7f8f9f10_d455_color_20260920_165901_341490.mp4,468,10,1815
k5k10f6f7f8f9f10_d455_color_20260920_165901_341490_frame_000068_src_000478_000015933ms_int10.jpg,k5k10f6f7f8f9f10_d455_color_20260920_165901_341490.mp4,478,10,1815
k5k10f6f7f8f9f10_d455_color_20260920_165901_341490_frame_000069_src_000488_000016267ms_int8.jpg,k5k10f6f7f8f9f10_d455_color_20260920_165901_341490.mp4,488,8,1815
k5k10f6f7f8f9f10_d455_color_20260920_165901_341490_frame_000070_src_000496_000016533ms_int5.jpg,k5k10f6f7f8f9f10_d455_color_20260920_165901_341490.mp4,496,5,1815
k5k10f6f7f8f9f10_d455_color_20260920_165901_341490_frame_000071_src_000501_000016700ms_int10.jpg,k5k10f6f7f8f9f10_d455_color_20260920_165901_341490.mp4,501,10,1815
k5k10f6f7f8f9f10_d455_color_20260920_165901_341490_frame_000072_src_000511_000017033ms_int10.jpg,k5k10f6f7f8f9f10_d455_color_20260920_165901_341490.mp4,511,10,1815
k5k10f6f7f8f9f10_d455_color_20260920_165901_341490_frame_000073_src_000521_000017367ms_int7.jpg,k5k10f6f7f8f9f10_d455_color_20260920_165901_341490.mp4,521,7,1815
k5k10f6f7f8f9f10_d455_color_20260920_165901_341490_frame_000074_src_000528_000017600ms_int10.jpg,k5k10f6f7f8f9f10_d455_color_20260920_165901_341490.mp4,528,10,1815
k5k10f6f7f8f9f10_d455_color_20260920_165901_341490_frame_000075_src_000538_000017933ms_int8.jpg,k5k10f6f7f8f9f10_d455_color_20260920_165901_341490.mp4,538,8,1815
k5k10f6f7f8f9f10_d455_color_20260920_165901_341490_frame_000076_src_000546_000018200ms_int8.jpg,k5k10f6f7f8f9f10_d455_color_20260920_165901_341490.mp4,546,8,1815
k5k10f6f7f8f9f10_d455_color_20260920_165901_341490_frame_000077_src_000554_000018467ms_int3.jpg,k5k10f6f7f8f9f10_d455_color_20260920_165901_341490.mp4,554,3,1815
k5k10f6f7f8f9f10_d455_color_20260920_165901_341490_frame_000078_src_000557_000018567ms_int7.jpg,k5k10f6f7f8f9f10_d455_color_20260920_165901_341490.mp4,557,7,1815
k5k10f6f7f8f9f10_d455_color_20260920_165901_341490_frame_000079_src_000564_000018800ms_int3.jpg,k5k10f6f7f8f9f10_d455_color_20260920_165901_341490.mp4,564,3,1815
k5k10f6f7f8f9f10_d455_color_20260920_165901_341490_frame_000080_src_000567_000018900ms_int3.jpg,k5k10f6f7f8f9f10_d455_color_20260920_165901_341490.mp4,567,3,1815
k5k10f6f7f8f9f10_d455_color_20260920_165901_341490_frame_000081_src_000570_000019000ms_int5.jpg,k5k10f6f7f8f9f10_d455_color_20260920_165901_341490.mp4,570,5,1815
k5k10f6f7f8f9f10_d455_color_20260920_165901_341490_frame_000082_src_000575_000019167ms_int3.jpg,k5k10f6f7f8f9f10_d455_color_20260920_165901_341490.mp4,575,3,1815
k5k10f6f7f8f9f10_d455_color_20260920_165901_341490_frame_000083_src_000578_000019267ms_int8.jpg,k5k10f6f7f8f9f10_d455_color_20260920_165901_341490.mp4,578,8,1815
k5k10f6f7f8f9f10_d455_color_20260920_165901_341490_frame_000084_src_000586_000019533ms_int8.jpg,k5k10f6f7f8f9f10_d455_color_20260920_165901_341490.mp4,586,8,1815
k5k10f6f7f8f9f10_d455_color_20260920_165901_341490_frame_000085_src_000594_000019800ms_int7.jpg,k5k10f6f7f8f9f10_d455_color_20260920_165901_341490.mp4,594,7,1815
k5k10f6f7f8f9f10_d455_color_20260920_165901_341490_frame_000086_src_000601_000020033ms_int10.jpg,k5k10f6f7f8f9f10_d455_color_20260920_165901_341490.mp4,601,10,1815
k5k10f6f7f8f9f10_d455_color_20260920_165901_341490_frame_000087_src_000611_000020367ms_int3.jpg,k5k10f6f7f8f9f10_d455_color_20260920_165901_341490.mp4,611,3,1815
k5k10f6f7f8f9f10_d455_color_20260920_165901_341490_frame_000088_src_000614_000020467ms_int7.jpg,k5k10f6f7f8f9f10_d455_color_20260920_165901_341490.mp4,614,7,1815
k5k10f6f7f8f9f10_d455_color_20260920_165901_341490_frame_000089_src_000621_000020700ms_int8.jpg,k5k10f6f7f8f9f10_d455_color_20260920_165901_341490.mp4,621,8,1815
k5k10f6f7f8f9f10_d455_color_20260920_165901_341490_frame_000090_src_000629_000020967ms_int5.jpg,k5k10f6f7f8f9f10_d455_color_20260920_165901_341490.mp4,629,5,1815
k5k10f6f7f8f9f10_d455_color_20260920_165901_341490_frame_000091_src_000634_000021133ms_int5.jpg,k5k10f6f7f8f9f10_d455_color_20260920_165901_341490.mp4,634,5,1815
k5k10f6f7f8f9f10_d455_color_20260920_165901_341490_frame_000092_src_000639_000021300ms_int3.jpg,k5k10f6f7f8f9f10_d455_color_20260920_165901_341490.mp4,639,3,1815
k5k10f6f7f8f9f10_d455_color_20260920_165901_341490_frame_000093_src_000642_000021400ms_int8.jpg,k5k10f6f7f8f9f10_d455_color_20260920_165901_341490.mp4,642,8,1815
k5k10f6f7f8f9f10_d455_color_20260920_165901_341490_frame_000094_src_000650_000021667ms_int3.jpg,k5k10f6f7f8f9f10_d455_color_20260920_165901_341490.mp4,650,3,1815
k5k10f6f7f8f9f10_d455_color_20260920_165901_341490_frame_000095_src_000653_000021767ms_int8.jpg,k5k10f6f7f8f9f10_d455_color_20260920_165901_341490.mp4,653,8,1815
k5k10f6f7f8f9f10_d455_color_20260920_165901_341490_frame_000096_src_000661_000022033ms_int3.jpg,k5k10f6f7f8f9f10_d455_color_20260920_165901_341490.mp4,661,3,1815
k5k10f6f7f8f9f10_d455_color_20260920_165901_341490_frame_000097_src_000664_000022133ms_int3.jpg,k5k10f6f7f8f9f10_d455_color_20260920_165901_341490.mp4,664,3,1815
k5k10f6f7f8f9f10_d455_color_20260920_165901_341490_frame_000098_src_000667_000022233ms_int7.jpg,k5k10f6f7f8f9f10_d455_color_20260920_165901_341490.mp4,667,7,1815
k5k10f6f7f8f9f10_d455_color_20260920_165901_341490_frame_000099_src_000674_000022467ms_int7.jpg,k5k10f6f7f8f9f10_d455_color_20260920_165901_341490.mp4,674,7,1815
k5k10f6f7f8f9f10_d455_color_20260920_165901_341490_frame_000100_src_000681_000022700ms_int5.jpg,k5k10f6f7f8f9f10_d455_color_20260920_165901_341490.mp4,681,5,1815
k5k10f6f7f8f9f10_d455_color_20260920_165901_341490_frame_000101_src_000686_000022867ms_int8.jpg,k5k10f6f7f8f9f10_d455_color_20260920_165901_341490.mp4,686,8,1815
k5k10f6f7f8f9f10_d455_color_20260920_165901_341490_frame_000102_src_000694_000023133ms_int5.jpg,k5k10f6f7f8f9f10_d455_color_20260920_165901_341490.mp4,694,5,1815
k5k10f6f7f8f9f10_d455_color_20260920_165901_341490_frame_000103_src_000699_000023300ms_int7.jpg,k5k10f6f7f8f9f10_d455_color_20260920_165901_341490.mp4,699,7,1815
k5k10f6f7f8f9f10_d455_color_20260920_165901_341490_frame_000104_src_000706_000023533ms_int7.jpg,k5k10f6f7f8f9f10_d455_color_20260920_165901_341490.mp4,706,7,1815
k5k10f6f7f8f9f10_d455_color_20260920_165901_341490_frame_000105_src_000713_000023767ms_int3.jpg,k5k10f6f7f8f9f10_d455_color_20260920_165901_341490.mp4,713,3,1815
k5k10f6f7f8f9f10_d455_color_20260920_165901_341490_frame_000106_src_000716_000023867ms_int8.jpg,k5k10f6f7f8f9f10_d455_color_20260920_165901_341490.mp4,716,8,1815
k5k10f6f7f8f9f10_d455_color_20260920_165901_341490_frame_000107_src_000724_000024133ms_int5.jpg,k5k10f6f7f8f9f10_d455_color_20260920_165901_341490.mp4,724,5,1815
k5k10f6f7f8f9f10_d455_color_20260920_165901_341490_frame_000108_src_000729_000024300ms_int8.jpg,k5k10f6f7f8f9f10_d455_color_20260920_165901_341490.mp4,729,8,1815
k5k10f6f7f8f9f10_d455_color_20260920_165901_341490_frame_000109_src_000737_000024567ms_int3.jpg,k5k10f6f7f8f9f10_d455_color_20260920_165901_341490.mp4,737,3,1815
k5k10f6f7f8f9f10_d455_color_20260920_165901_341490_frame_000110_src_000740_000024667ms_int3.jpg,k5k10f6f7f8f9f10_d455_color_20260920_165901_341490.mp4,740,3,1815
k5k10f6f7f8f9f10_d455_color_20260920_165901_341490_frame_000111_src_000743_000024767ms_int5.jpg,k5k10f6f7f8f9f10_d455_color_20260920_165901_341490.mp4,743,5,1815
k5k10f6f7f8f9f10_d455_color_20260920_165901_341490_frame_000112_src_000748_000024933ms_int3.jpg,k5k10f6f7f8f9f10_d455_color_20260920_165901_341490.mp4,748,3,1815
k5k10f6f7f8f9f10_d455_color_20260920_165901_341490_frame_000113_src_000751_000025033ms_int8.jpg,k5k10f6f7f8f9f10_d455_color_20260920_165901_341490.mp4,751,8,1815
k5k10f6f7f8f9f10_d455_color_20260920_165901_341490_frame_000114_src_000759_000025300ms_int3.jpg,k5k10f6f7f8f9f10_d455_color_20260920_165901_341490.mp4,759,3,1815
k5k10f6f7f8f9f10_d455_color_20260920_165901_341490_frame_000115_src_000762_000025400ms_int7.jpg,k5k10f6f7f8f9f10_d455_color_20260920_165901_341490.mp4,762,7,1815
k5k10f6f7f8f9f10_d455_color_20260920_165901_341490_frame_000116_src_000769_000025633ms_int3.jpg,k5k10f6f7f8f9f10_d455_color_20260920_165901_341490.mp4,769,3,1815
k5k10f6f7f8f9f10_d455_color_20260920_165901_341490_frame_000117_src_000772_000025733ms_int3.jpg,k5k10f6f7f8f9f10_d455_color_20260920_165901_341490.mp4,772,3,1815
k5k10f6f7f8f9f10_d455_color_20260920_165901_341490_frame_000118_src_000775_000025833ms_int10.jpg,k5k10f6f7f8f9f10_d455_color_20260920_165901_341490.mp4,775,10,1815
k5k10f6f7f8f9f10_d455_color_20260920_165901_341490_frame_000119_src_000785_000026167ms_int3.jpg,k5k10f6f7f8f9f10_d455_color_20260920_165901_341490.mp4,785,3,1815
k5k10f6f7f8f9f10_d455_color_20260920_165901_341490_frame_000120_src_000788_000026267ms_int8.jpg,k5k10f6f7f8f9f10_d455_color_20260920_165901_341490.mp4,788,8,1815
k5k10f6f7f8f9f10_d455_color_20260920_165901_341490_frame_000121_src_000796_000026533ms_int7.jpg,k5k10f6f7f8f9f10_d455_color_20260920_165901_341490.mp4,796,7,1815
k5k10f6f7f8f9f10_d455_color_20260920_165901_341490_frame_000122_src_000803_000026767ms_int10.jpg,k5k10f6f7f8f9f10_d455_color_20260920_165901_341490.mp4,803,10,1815
k5k10f6f7f8f9f10_d455_color_20260920_165901_341490_frame_000123_src_000813_000027100ms_int3.jpg,k5k10f6f7f8f9f10_d455_color_20260920_165901_341490.mp4,813,3,1815
k5k10f6f7f8f9f10_d455_color_20260920_165901_341490_frame_000124_src_000816_000027200ms_int3.jpg,k5k10f6f7f8f9f10_d455_color_20260920_165901_341490.mp4,816,3,1815
k5k10f6f7f8f9f10_d455_color_20260920_165901_341490_frame_000125_src_000819_000027300ms_int5.jpg,k5k10f6f7f8f9f10_d455_color_20260920_165901_341490.mp4,819,5,1815
k5k10f6f7f8f9f10_d455_color_20260920_165901_341490_frame_000126_src_000824_000027467ms_int7.jpg,k5k10f6f7f8f9f10_d455_color_20260920_165901_341490.mp4,824,7,1815
k5k10f6f7f8f9f10_d455_color_20260920_165901_341490_frame_000127_src_000831_000027700ms_int5.jpg,k5k10f6f7f8f9f10_d455_color_20260920_165901_341490.mp4,831,5,1815
k5k10f6f7f8f9f10_d455_color_20260920_165901_341490_frame_000128_src_000836_000027867ms_int5.jpg,k5k10f6f7f8f9f10_d455_color_20260920_165901_341490.mp4,836,5,1815
k5k10f6f7f8f9f10_d455_color_20260920_165901_341490_frame_000129_src_000841_000028033ms_int3.jpg,k5k10f6f7f8f9f10_d455_color_20260920_165901_341490.mp4,841,3,1815
k5k10f6f7f8f9f10_d455_color_20260920_165901_341490_frame_000130_src_000844_000028133ms_int8.jpg,k5k10f6f7f8f9f10_d455_color_20260920_165901_341490.mp4,844,8,1815
k5k10f6f7f8f9f10_d455_color_20260920_165901_341490_frame_000131_src_000852_000028400ms_int3.jpg,k5k10f6f7f8f9f10_d455_color_20260920_165901_341490.mp4,852,3,1815
k5k10f6f7f8f9f10_d455_color_20260920_165901_341490_frame_000132_src_000855_000028500ms_int3.jpg,k5k10f6f7f8f9f10_d455_color_20260920_165901_341490.mp4,855,3,1815
k5k10f6f7f8f9f10_d455_color_20260920_165901_341490_frame_000133_src_000858_000028600ms_int10.jpg,k5k10f6f7f8f9f10_d455_color_20260920_165901_341490.mp4,858,10,1815
k5k10f6f7f8f9f10_d455_color_20260920_165901_341490_frame_000134_src_000868_000028933ms_int5.jpg,k5k10f6f7f8f9f10_d455_color_20260920_165901_341490.mp4,868,5,1815
k5k10f6f7f8f9f10_d455_color_20260920_165901_341490_frame_000135_src_000873_000029100ms_int3.jpg,k5k10f6f7f8f9f10_d455_color_20260920_165901_341490.mp4,873,3,1815
k5k10f6f7f8f9f10_d455_color_20260920_165901_341490_frame_000136_src_000876_000029200ms_int5.jpg,k5k10f6f7f8f9f10_d455_color_20260920_165901_341490.mp4,876,5,1815
k5k10f6f7f8f9f10_d455_color_20260920_165901_341490_frame_000137_src_000881_000029367ms_int8.jpg,k5k10f6f7f8f9f10_d455_color_20260920_165901_341490.mp4,881,8,1815
k5k10f6f7f8f9f10_d455_color_20260920_165901_341490_frame_000138_src_000889_000029633ms_int8.jpg,k5k10f6f7f8f9f10_d455_color_20260920_165901_341490.mp4,889,8,1815
k5k10f6f7f8f9f10_d455_color_20260920_165901_341490_frame_000139_src_000897_000029900ms_int7.jpg,k5k10f6f7f8f9f10_d455_color_20260920_165901_341490.mp4,897,7,1815
k5k10f6f7f8f9f10_d455_color_20260920_165901_341490_frame_000140_src_000904_000030133ms_int3.jpg,k5k10f6f7f8f9f10_d455_color_20260920_165901_341490.mp4,904,3,1815
k5k10f6f7f8f9f10_d455_color_20260920_165901_341490_frame_000141_src_000907_000030233ms_int8.jpg,k5k10f6f7f8f9f10_d455_color_20260920_165901_341490.mp4,907,8,1815
k5k10f6f7f8f9f10_d455_color_20260920_165901_341490_frame_000142_src_000915_000030500ms_int8.jpg,k5k10f6f7f8f9f10_d455_color_20260920_165901_341490.mp4,915,8,1815
k5k10f6f7f8f9f10_d455_color_20260920_165901_341490_frame_000143_src_000923_000030767ms_int5.jpg,k5k10f6f7f8f9f10_d455_color_20260920_165901_341490.mp4,923,5,1815
k5k10f6f7f8f9f10_d455_color_20260920_165901_341490_frame_000144_src_000928_000030933ms_int10.jpg,k5k10f6f7f8f9f10_d455_color_20260920_165901_341490.mp4,928,10,1815
k5k10f6f7f8f9f10_d455_color_20260920_165901_341490_frame_000145_src_000938_000031267ms_int5.jpg,k5k10f6f7f8f9f10_d455_color_20260920_165901_341490.mp4,938,5,1815
k5k10f6f7f8f9f10_d455_color_20260920_165901_341490_frame_000146_src_000943_000031433ms_int8.jpg,k5k10f6f7f8f9f10_d455_color_20260920_165901_341490.mp4,943,8,1815
k5k10f6f7f8f9f10_d455_color_20260920_165901_341490_frame_000147_src_000951_000031700ms_int3.jpg,k5k10f6f7f8f9f10_d455_color_20260920_165901_341490.mp4,951,3,1815
k5k10f6f7f8f9f10_d455_color_20260920_165901_341490_frame_000148_src_000954_000031800ms_int7.jpg,k5k10f6f7f8f9f10_d455_color_20260920_165901_341490.mp4,954,7,1815
k5k10f6f7f8f9f10_d455_color_20260920_165901_341490_frame_000149_src_000961_000032033ms_int5.jpg,k5k10f6f7f8f9f10_d455_color_20260920_165901_341490.mp4,961,5,1815
k5k10f6f7f8f9f10_d455_color_20260920_165901_341490_frame_000150_src_000966_000032200ms_int5.jpg,k5k10f6f7f8f9f10_d455_color_20260920_165901_341490.mp4,966,5,1815
k5k10f6f7f8f9f10_d455_color_20260920_165901_341490_frame_000151_src_000971_000032367ms_int10.jpg,k5k10f6f7f8f9f10_d455_color_20260920_165901_341490.mp4,971,10,1815
k5k10f6f7f8f9f10_d455_color_20260920_165901_341490_frame_000152_src_000981_000032700ms_int7.jpg,k5k10f6f7f8f9f10_d455_color_20260920_165901_341490.mp4,981,7,1815
k5k10f6f7f8f9f10_d455_color_20260920_165901_341490_frame_000153_src_000988_000032933ms_int3.jpg,k5k10f6f7f8f9f10_d455_color_20260920_165901_341490.mp4,988,3,1815
k5k10f6f7f8f9f10_d455_color_20260920_165901_341490_frame_000154_src_000991_000033033ms_int3.jpg,k5k10f6f7f8f9f10_d455_color_20260920_165901_341490.mp4,991,3,1815
k5k10f6f7f8f9f10_d455_color_20260920_165901_341490_frame_000155_src_000994_000033133ms_int10.jpg,k5k10f6f7f8f9f10_d455_color_20260920_165901_341490.mp4,994,10,1815
k5k10f6f7f8f9f10_d455_color_20260920_165901_341490_frame_000156_src_001004_000033467ms_int3.jpg,k5k10f6f7f8f9f10_d455_color_20260920_165901_341490.mp4,1004,3,1815
k5k10f6f7f8f9f10_d455_color_20260920_165901_341490_frame_000157_src_001007_000033567ms_int10.jpg,k5k10f6f7f8f9f10_d455_color_20260920_165901_341490.mp4,1007,10,1815
k5k10f6f7f8f9f10_d455_color_20260920_165901_341490_frame_000158_src_001017_000033900ms_int8.jpg,k5k10f6f7f8f9f10_d455_color_20260920_165901_341490.mp4,1017,8,1815
k5k10f6f7f8f9f10_d455_color_20260920_165901_341490_frame_000159_src_001025_000034167ms_int10.jpg,k5k10f6f7f8f9f10_d455_color_20260920_165901_341490.mp4,1025,10,1815
k5k10f6f7f8f9f10_d455_color_20260920_165901_341490_frame_000160_src_001035_000034500ms_int7.jpg,k5k10f6f7f8f9f10_d455_color_20260920_165901_341490.mp4,1035,7,1815
k5k10f6f7f8f9f10_d455_color_20260920_165901_341490_frame_000161_src_001042_000034733ms_int5.jpg,k5k10f6f7f8f9f10_d455_color_20260920_165901_341490.mp4,1042,5,1815
k5k10f6f7f8f9f10_d455_color_20260920_165901_341490_frame_000162_src_001047_000034900ms_int5.jpg,k5k10f6f7f8f9f10_d455_color_20260920_165901_341490.mp4,1047,5,1815
k5k10f6f7f8f9f10_d455_color_20260920_165901_341490_frame_000163_src_001052_000035067ms_int8.jpg,k5k10f6f7f8f9f10_d455_color_20260920_165901_341490.mp4,1052,8,1815
k5k10f6f7f8f9f10_d455_color_20260920_165901_341490_frame_000164_src_001060_000035333ms_int7.jpg,k5k10f6f7f8f9f10_d455_color_20260920_165901_341490.mp4,1060,7,1815
k5k10f6f7f8f9f10_d455_color_20260920_165901_341490_frame_000165_src_001067_000035567ms_int8.jpg,k5k10f6f7f8f9f10_d455_color_20260920_165901_341490.mp4,1067,8,1815
k5k10f6f7f8f9f10_d455_color_20260920_165901_341490_frame_000166_src_001075_000035833ms_int7.jpg,k5k10f6f7f8f9f10_d455_color_20260920_165901_341490.mp4,1075,7,1815
k5k10f6f7f8f9f10_d455_color_20260920_165901_341490_frame_000167_src_001082_000036067ms_int7.jpg,k5k10f6f7f8f9f10_d455_color_20260920_165901_341490.mp4,1082,7,1815
k5k10f6f7f8f9f10_d455_color_20260920_165901_341490_frame_000168_src_001089_000036300ms_int10.jpg,k5k10f6f7f8f9f10_d455_color_20260920_165901_341490.mp4,1089,10,1815
k5k10f6f7f8f9f10_d455_color_20260920_165901_341490_frame_000169_src_001099_000036633ms_int5.jpg,k5k10f6f7f8f9f10_d455_color_20260920_165901_341490.mp4,1099,5,1815
k5k10f6f7f8f9f10_d455_color_20260920_165901_341490_frame_000170_src_001104_000036800ms_int7.jpg,k5k10f6f7f8f9f10_d455_color_20260920_165901_341490.mp4,1104,7,1815
k5k10f6f7f8f9f10_d455_color_20260920_165901_341490_frame_000171_src_001111_000037033ms_int7.jpg,k5k10f6f7f8f9f10_d455_color_20260920_165901_341490.mp4,1111,7,1815
k5k10f6f7f8f9f10_d455_color_20260920_165901_341490_frame_000172_src_001118_000037267ms_int7.jpg,k5k10f6f7f8f9f10_d455_color_20260920_165901_341490.mp4,1118,7,1815
k5k10f6f7f8f9f10_d455_color_20260920_165901_341490_frame_000173_src_001125_000037500ms_int5.jpg,k5k10f6f7f8f9f10_d455_color_20260920_165901_341490.mp4,1125,5,1815
k5k10f6f7f8f9f10_d455_color_20260920_165901_341490_frame_000174_src_001130_000037667ms_int3.jpg,k5k10f6f7f8f9f10_d455_color_20260920_165901_341490.mp4,1130,3,1815
k5k10f6f7f8f9f10_d455_color_20260920_165901_341490_frame_000175_src_001133_000037767ms_int5.jpg,k5k10f6f7f8f9f10_d455_color_20260920_165901_341490.mp4,1133,5,1815
k5k10f6f7f8f9f10_d455_color_20260920_165901_341490_frame_000176_src_001138_000037933ms_int7.jpg,k5k10f6f7f8f9f10_d455_color_20260920_165901_341490.mp4,1138,7,1815
k5k10f6f7f8f9f10_d455_color_20260920_165901_341490_frame_000177_src_001145_000038167ms_int7.jpg,k5k10f6f7f8f9f10_d455_color_20260920_165901_341490.mp4,1145,7,1815
k5k10f6f7f8f9f10_d455_color_20260920_165901_341490_frame_000178_src_001152_000038400ms_int8.jpg,k5k10f6f7f8f9f10_d455_color_20260920_165901_341490.mp4,1152,8,1815
k5k10f6f7f8f9f10_d455_color_20260920_165901_341490_frame_000179_src_001160_000038667ms_int8.jpg,k5k10f6f7f8f9f10_d455_color_20260920_165901_341490.mp4,1160,8,1815
k5k10f6f7f8f9f10_d455_color_20260920_165901_341490_frame_000180_src_001168_000038933ms_int10.jpg,k5k10f6f7f8f9f10_d455_color_20260920_165901_341490.mp4,1168,10,1815
k5k10f6f7f8f9f10_d455_color_20260920_165901_341490_frame_000181_src_001178_000039267ms_int10.jpg,k5k10f6f7f8f9f10_d455_color_20260920_165901_341490.mp4,1178,10,1815
k5k10f6f7f8f9f10_d455_color_20260920_165901_341490_frame_000182_src_001188_000039600ms_int5.jpg,k5k10f6f7f8f9f10_d455_color_20260920_165901_341490.mp4,1188,5,1815
k5k10f6f7f8f9f10_d455_color_20260920_165901_341490_frame_000183_src_001193_000039767ms_int10.jpg,k5k10f6f7f8f9f10_d455_color_20260920_165901_341490.mp4,1193,10,1815
k5k10f6f7f8f9f10_d455_color_20260920_165901_341490_frame_000184_src_001203_000040100ms_int8.jpg,k5k10f6f7f8f9f10_d455_color_20260920_165901_341490.mp4,1203,8,1815
k5k10f6f7f8f9f10_d455_color_20260920_165901_341490_frame_000185_src_001211_000040367ms_int3.jpg,k5k10f6f7f8f9f10_d455_color_20260920_165901_341490.mp4,1211,3,1815
k5k10f6f7f8f9f10_d455_color_20260920_165901_341490_frame_000186_src_001214_000040467ms_int8.jpg,k5k10f6f7f8f9f10_d455_color_20260920_165901_341490.mp4,1214,8,1815
k5k10f6f7f8f9f10_d455_color_20260920_165901_341490_frame_000187_src_001222_000040733ms_int8.jpg,k5k10f6f7f8f9f10_d455_color_20260920_165901_341490.mp4,1222,8,1815
k5k10f6f7f8f9f10_d455_color_20260920_165901_341490_frame_000188_src_001230_000041000ms_int5.jpg,k5k10f6f7f8f9f10_d455_color_20260920_165901_341490.mp4,1230,5,1815
k5k10f6f7f8f9f10_d455_color_20260920_165901_341490_frame_000189_src_001235_000041167ms_int10.jpg,k5k10f6f7f8f9f10_d455_color_20260920_165901_341490.mp4,1235,10,1815
k5k10f6f7f8f9f10_d455_color_20260920_165901_341490_frame_000190_src_001245_000041500ms_int3.jpg,k5k10f6f7f8f9f10_d455_color_20260920_165901_341490.mp4,1245,3,1815
k5k10f6f7f8f9f10_d455_color_20260920_165901_341490_frame_000191_src_001248_000041600ms_int5.jpg,k5k10f6f7f8f9f10_d455_color_20260920_165901_341490.mp4,1248,5,1815
k5k10f6f7f8f9f10_d455_color_20260920_165901_341490_frame_000192_src_001253_000041767ms_int3.jpg,k5k10f6f7f8f9f10_d455_color_20260920_165901_341490.mp4,1253,3,1815
k5k10f6f7f8f9f10_d455_color_20260920_165901_341490_frame_000193_src_001256_000041867ms_int3.jpg,k5k10f6f7f8f9f10_d455_color_20260920_165901_341490.mp4,1256,3,1815
k5k10f6f7f8f9f10_d455_color_20260920_165901_341490_frame_000194_src_001259_000041967ms_int8.jpg,k5k10f6f7f8f9f10_d455_color_20260920_165901_341490.mp4,1259,8,1815
k5k10f6f7f8f9f10_d455_color_20260920_165901_341490_frame_000195_src_001267_000042233ms_int8.jpg,k5k10f6f7f8f9f10_d455_color_20260920_165901_341490.mp4,1267,8,1815
k5k10f6f7f8f9f10_d455_color_20260920_165901_341490_frame_000196_src_001275_000042500ms_int10.jpg,k5k10f6f7f8f9f10_d455_color_20260920_165901_341490.mp4,1275,10,1815
k5k10f6f7f8f9f10_d455_color_20260920_165901_341490_frame_000197_src_001285_000042833ms_int7.jpg,k5k10f6f7f8f9f10_d455_color_20260920_165901_341490.mp4,1285,7,1815
k5k10f6f7f8f9f10_d455_color_20260920_165901_341490_frame_000198_src_001292_000043067ms_int5.jpg,k5k10f6f7f8f9f10_d455_color_20260920_165901_341490.mp4,1292,5,1815
k5k10f6f7f8f9f10_d455_color_20260920_165901_341490_frame_000199_src_001297_000043233ms_int5.jpg,k5k10f6f7f8f9f10_d455_color_20260920_165901_341490.mp4,1297,5,1815
k5k10f6f7f8f9f10_d455_color_20260920_165901_341490_frame_000200_src_001302_000043400ms_int8.jpg,k5k10f6f7f8f9f10_d455_color_20260920_165901_341490.mp4,1302,8,1815
k5k10f6f7f8f9f10_d455_color_20260920_165901_341490_frame_000201_src_001310_000043667ms_int7.jpg,k5k10f6f7f8f9f10_d455_color_20260920_165901_341490.mp4,1310,7,1815
k5k10f6f7f8f9f10_d455_color_20260920_165901_341490_frame_000202_src_001317_000043900ms_int8.jpg,k5k10f6f7f8f9f10_d455_color_20260920_165901_341490.mp4,1317,8,1815
k5k10f6f7f8f9f10_d455_color_20260920_165901_341490_frame_000203_src_001325_000044167ms_int7.jpg,k5k10f6f7f8f9f10_d455_color_20260920_165901_341490.mp4,1325,7,1815
k5k10f6f7f8f9f10_d455_color_20260920_165901_341490_frame_000204_src_001332_000044400ms_int7.jpg,k5k10f6f7f8f9f10_d455_color_20260920_165901_341490.mp4,1332,7,1815
k5k10f6f7f8f9f10_d455_color_20260920_165901_341490_frame_000205_src_001339_000044633ms_int10.jpg,k5k10f6f7f8f9f10_d455_color_20260920_165901_341490.mp4,1339,10,1815
k5k10f6f7f8f9f10_d455_color_20260920_165901_341490_frame_000206_src_001349_000044967ms_int3.jpg,k5k10f6f7f8f9f10_d455_color_20260920_165901_341490.mp4,1349,3,1815
k5k10f6f7f8f9f10_d455_color_20260920_165901_341490_frame_000207_src_001352_000045067ms_int3.jpg,k5k10f6f7f8f9f10_d455_color_20260920_165901_341490.mp4,1352,3,1815
k5k10f6f7f8f9f10_d455_color_20260920_165901_341490_frame_000208_src_001355_000045167ms_int10.jpg,k5k10f6f7f8f9f10_d455_color_20260920_165901_341490.mp4,1355,10,1815
k5k10f6f7f8f9f10_d455_color_20260920_165901_341490_frame_000209_src_001365_000045500ms_int10.jpg,k5k10f6f7f8f9f10_d455_color_20260920_165901_341490.mp4,1365,10,1815
k5k10f6f7f8f9f10_d455_color_20260920_165901_341490_frame_000210_src_001375_000045833ms_int3.jpg,k5k10f6f7f8f9f10_d455_color_20260920_165901_341490.mp4,1375,3,1815
k5k10f6f7f8f9f10_d455_color_20260920_165901_341490_frame_000211_src_001378_000045933ms_int7.jpg,k5k10f6f7f8f9f10_d455_color_20260920_165901_341490.mp4,1378,7,1815
k5k10f6f7f8f9f10_d455_color_20260920_165901_341490_frame_000212_src_001385_000046167ms_int3.jpg,k5k10f6f7f8f9f10_d455_color_20260920_165901_341490.mp4,1385,3,1815
k5k10f6f7f8f9f10_d455_color_20260920_165901_341490_frame_000213_src_001388_000046267ms_int10.jpg,k5k10f6f7f8f9f10_d455_color_20260920_165901_341490.mp4,1388,10,1815
k5k10f6f7f8f9f10_d455_color_20260920_165901_341490_frame_000214_src_001398_000046600ms_int10.jpg,k5k10f6f7f8f9f10_d455_color_20260920_165901_341490.mp4,1398,10,1815
k5k10f6f7f8f9f10_d455_color_20260920_165901_341490_frame_000215_src_001408_000046933ms_int3.jpg,k5k10f6f7f8f9f10_d455_color_20260920_165901_341490.mp4,1408,3,1815
k5k10f6f7f8f9f10_d455_color_20260920_165901_341490_frame_000216_src_001411_000047033ms_int10.jpg,k5k10f6f7f8f9f10_d455_color_20260920_165901_341490.mp4,1411,10,1815
k5k10f6f7f8f9f10_d455_color_20260920_165901_341490_frame_000217_src_001421_000047367ms_int8.jpg,k5k10f6f7f8f9f10_d455_color_20260920_165901_341490.mp4,1421,8,1815
k5k10f6f7f8f9f10_d455_color_20260920_165901_341490_frame_000218_src_001429_000047633ms_int7.jpg,k5k10f6f7f8f9f10_d455_color_20260920_165901_341490.mp4,1429,7,1815
k5k10f6f7f8f9f10_d455_color_20260920_165901_341490_frame_000219_src_001436_000047867ms_int5.jpg,k5k10f6f7f8f9f10_d455_color_20260920_165901_341490.mp4,1436,5,1815
k5k10f6f7f8f9f10_d455_color_20260920_165901_341490_frame_000220_src_001441_000048033ms_int7.jpg,k5k10f6f7f8f9f10_d455_color_20260920_165901_341490.mp4,1441,7,1815
k5k10f6f7f8f9f10_d455_color_20260920_165901_341490_frame_000221_src_001448_000048267ms_int10.jpg,k5k10f6f7f8f9f10_d455_color_20260920_165901_341490.mp4,1448,10,1815
k5k10f6f7f8f9f10_d455_color_20260920_165901_341490_frame_000222_src_001458_000048600ms_int10.jpg,k5k10f6f7f8f9f10_d455_color_20260920_165901_341490.mp4,1458,10,1815
k5k10f6f7f8f9f10_d455_color_20260920_165901_341490_frame_000223_src_001468_000048933ms_int3.jpg,k5k10f6f7f8f9f10_d455_color_20260920_165901_341490.mp4,1468,3,1815
k5k10f6f7f8f9f10_d455_color_20260920_165901_341490_frame_000224_src_001471_000049033ms_int3.jpg,k5k10f6f7f8f9f10_d455_color_20260920_165901_341490.mp4,1471,3,1815
k5k10f6f7f8f9f10_d455_color_20260920_165901_341490_frame_000225_src_001474_000049133ms_int7.jpg,k5k10f6f7f8f9f10_d455_color_20260920_165901_341490.mp4,1474,7,1815
k5k10f6f7f8f9f10_d455_color_20260920_165901_341490_frame_000226_src_001481_000049367ms_int5.jpg,k5k10f6f7f8f9f10_d455_color_20260920_165901_341490.mp4,1481,5,1815
k5k10f6f7f8f9f10_d455_color_20260920_165901_341490_frame_000227_src_001486_000049533ms_int5.jpg,k5k10f6f7f8f9f10_d455_color_20260920_165901_341490.mp4,1486,5,1815
k5k10f6f7f8f9f10_d455_color_20260920_165901_341490_frame_000228_src_001491_000049700ms_int5.jpg,k5k10f6f7f8f9f10_d455_color_20260920_165901_341490.mp4,1491,5,1815
k5k10f6f7f8f9f10_d455_color_20260920_165901_341490_frame_000229_src_001496_000049867ms_int3.jpg,k5k10f6f7f8f9f10_d455_color_20260920_165901_341490.mp4,1496,3,1815
k5k10f6f7f8f9f10_d455_color_20260920_165901_341490_frame_000230_src_001499_000049967ms_int7.jpg,k5k10f6f7f8f9f10_d455_color_20260920_165901_341490.mp4,1499,7,1815
k5k10f6f7f8f9f10_d455_color_20260920_165901_341490_frame_000231_src_001506_000050200ms_int10.jpg,k5k10f6f7f8f9f10_d455_color_20260920_165901_341490.mp4,1506,10,1815
k5k10f6f7f8f9f10_d455_color_20260920_165901_341490_frame_000232_src_001516_000050533ms_int7.jpg,k5k10f6f7f8f9f10_d455_color_20260920_165901_341490.mp4,1516,7,1815
k5k10f6f7f8f9f10_d455_color_20260920_165901_341490_frame_000233_src_001523_000050767ms_int5.jpg,k5k10f6f7f8f9f10_d455_color_20260920_165901_341490.mp4,1523,5,1815
k5k10f6f7f8f9f10_d455_color_20260920_165901_341490_frame_000234_src_001528_000050933ms_int10.jpg,k5k10f6f7f8f9f10_d455_color_20260920_165901_341490.mp4,1528,10,1815
k5k10f6f7f8f9f10_d455_color_20260920_165901_341490_frame_000235_src_001538_000051267ms_int8.jpg,k5k10f6f7f8f9f10_d455_color_20260920_165901_341490.mp4,1538,8,1815
k5k10f6f7f8f9f10_d455_color_20260920_165901_341490_frame_000236_src_001546_000051533ms_int3.jpg,k5k10f6f7f8f9f10_d455_color_20260920_165901_341490.mp4,1546,3,1815
k5k10f6f7f8f9f10_d455_color_20260920_165901_341490_frame_000237_src_001549_000051633ms_int7.jpg,k5k10f6f7f8f9f10_d455_color_20260920_165901_341490.mp4,1549,7,1815
k5k10f6f7f8f9f10_d455_color_20260920_165901_341490_frame_000238_src_001556_000051867ms_int8.jpg,k5k10f6f7f8f9f10_d455_color_20260920_165901_341490.mp4,1556,8,1815
k5k10f6f7f8f9f10_d455_color_20260920_165901_341490_frame_000239_src_001564_000052133ms_int10.jpg,k5k10f6f7f8f9f10_d455_color_20260920_165901_341490.mp4,1564,10,1815
k5k10f6f7f8f9f10_d455_color_20260920_165901_341490_frame_000240_src_001574_000052467ms_int5.jpg,k5k10f6f7f8f9f10_d455_color_20260920_165901_341490.mp4,1574,5,1815
k5k10f6f7f8f9f10_d455_color_20260920_165901_341490_frame_000241_src_001579_000052633ms_int5.jpg,k5k10f6f7f8f9f10_d455_color_20260920_165901_341490.mp4,1579,5,1815
k5k10f6f7f8f9f10_d455_color_20260920_165901_341490_frame_000242_src_001584_000052800ms_int10.jpg,k5k10f6f7f8f9f10_d455_color_20260920_165901_341490.mp4,1584,10,1815
k5k10f6f7f8f9f10_d455_color_20260920_165901_341490_frame_000243_src_001594_000053133ms_int7.jpg,k5k10f6f7f8f9f10_d455_color_20260920_165901_341490.mp4,1594,7,1815
k5k10f6f7f8f9f10_d455_color_20260920_165901_341490_frame_000244_src_001601_000053367ms_int10.jpg,k5k10f6f7f8f9f10_d455_color_20260920_165901_341490.mp4,1601,10,1815
k5k10f6f7f8f9f10_d455_color_20260920_165901_341490_frame_000245_src_001611_000053700ms_int8.jpg,k5k10f6f7f8f9f10_d455_color_20260920_165901_341490.mp4,1611,8,1815
k5k10f6f7f8f9f10_d455_color_20260920_165901_341490_frame_000246_src_001619_000053967ms_int10.jpg,k5k10f6f7f8f9f10_d455_color_20260920_165901_341490.mp4,1619,10,1815
k5k10f6f7f8f9f10_d455_color_20260920_165901_341490_frame_000247_src_001629_000054300ms_int8.jpg,k5k10f6f7f8f9f10_d455_color_20260920_165901_341490.mp4,1629,8,1815
k5k10f6f7f8f9f10_d455_color_20260920_165901_341490_frame_000248_src_001637_000054567ms_int5.jpg,k5k10f6f7f8f9f10_d455_color_20260920_165901_341490.mp4,1637,5,1815
k5k10f6f7f8f9f10_d455_color_20260920_165901_341490_frame_000249_src_001642_000054733ms_int10.jpg,k5k10f6f7f8f9f10_d455_color_20260920_165901_341490.mp4,1642,10,1815
k5k10f6f7f8f9f10_d455_color_20260920_165901_341490_frame_000250_src_001652_000055067ms_int8.jpg,k5k10f6f7f8f9f10_d455_color_20260920_165901_341490.mp4,1652,8,1815
k5k10f6f7f8f9f10_d455_color_20260920_165901_341490_frame_000251_src_001660_000055333ms_int3.jpg,k5k10f6f7f8f9f10_d455_color_20260920_165901_341490.mp4,1660,3,1815
k5k10f6f7f8f9f10_d455_color_20260920_165901_341490_frame_000252_src_001663_000055433ms_int5.jpg,k5k10f6f7f8f9f10_d455_color_20260920_165901_341490.mp4,1663,5,1815
k5k10f6f7f8f9f10_d455_color_20260920_165901_341490_frame_000253_src_001668_000055600ms_int10.jpg,k5k10f6f7f8f9f10_d455_color_20260920_165901_341490.mp4,1668,10,1815
k5k10f6f7f8f9f10_d455_color_20260920_165901_341490_frame_000254_src_001678_000055933ms_int10.jpg,k5k10f6f7f8f9f10_d455_color_20260920_165901_341490.mp4,1678,10,1815
k5k10f6f7f8f9f10_d455_color_20260920_165901_341490_frame_000255_src_001688_000056267ms_int3.jpg,k5k10f6f7f8f9f10_d455_color_20260920_165901_341490.mp4,1688,3,1815
k5k10f6f7f8f9f10_d455_color_20260920_165901_341490_frame_000256_src_001691_000056367ms_int7.jpg,k5k10f6f7f8f9f10_d455_color_20260920_165901_341490.mp4,1691,7,1815
k5k10f6f7f8f9f10_d455_color_20260920_165901_341490_frame_000257_src_001698_000056600ms_int7.jpg,k5k10f6f7f8f9f10_d455_color_20260920_165901_341490.mp4,1698,7,1815
k5k10f6f7f8f9f10_d455_color_20260920_165901_341490_frame_000258_src_001705_000056833ms_int7.jpg,k5k10f6f7f8f9f10_d455_color_20260920_165901_341490.mp4,1705,7,1815
k5k10f6f7f8f9f10_d455_color_20260920_165901_341490_frame_000259_src_001712_000057067ms_int3.jpg,k5k10f6f7f8f9f10_d455_color_20260920_165901_341490.mp4,1712,3,1815
k5k10f6f7f8f9f10_d455_color_20260920_165901_341490_frame_000260_src_001715_000057167ms_int7.jpg,k5k10f6f7f8f9f10_d455_color_20260920_165901_341490.mp4,1715,7,1815
k5k10f6f7f8f9f10_d455_color_20260920_165901_341490_frame_000261_src_001722_000057400ms_int3.jpg,k5k10f6f7f8f9f10_d455_color_20260920_165901_341490.mp4,1722,3,1815
k5k10f6f7f8f9f10_d455_color_20260920_165901_341490_frame_000262_src_001725_000057500ms_int7.jpg,k5k10f6f7f8f9f10_d455_color_20260920_165901_341490.mp4,1725,7,1815
k5k10f6f7f8f9f10_d455_color_20260920_165901_341490_frame_000263_src_001732_000057733ms_int8.jpg,k5k10f6f7f8f9f10_d455_color_20260920_165901_341490.mp4,1732,8,1815
k5k10f6f7f8f9f10_d455_color_20260920_165901_341490_frame_000264_src_001740_000058000ms_int7.jpg,k5k10f6f7f8f9f10_d455_color_20260920_165901_341490.mp4,1740,7,1815
k5k10f6f7f8f9f10_d455_color_20260920_165901_341490_frame_000265_src_001747_000058233ms_int5.jpg,k5k10f6f7f8f9f10_d455_color_20260920_165901_341490.mp4,1747,5,1815
k5k10f6f7f8f9f10_d455_color_20260920_165901_341490_frame_000266_src_001752_000058400ms_int7.jpg,k5k10f6f7f8f9f10_d455_color_20260920_165901_341490.mp4,1752,7,1815
k5k10f6f7f8f9f10_d455_color_20260920_165901_341490_frame_000267_src_001759_000058633ms_int5.jpg,k5k10f6f7f8f9f10_d455_color_20260920_165901_341490.mp4,1759,5,1815
k5k10f6f7f8f9f10_d455_color_20260920_165901_341490_frame_000268_src_001764_000058800ms_int7.jpg,k5k10f6f7f8f9f10_d455_color_20260920_165901_341490.mp4,1764,7,1815
k5k10f6f7f8f9f10_d455_color_20260920_165901_341490_frame_000269_src_001771_000059033ms_int3.jpg,k5k10f6f7f8f9f10_d455_color_20260920_165901_341490.mp4,1771,3,1815
k5k10f6f7f8f9f10_d455_color_20260920_165901_341490_frame_000270_src_001774_000059133ms_int5.jpg,k5k10f6f7f8f9f10_d455_color_20260920_165901_341490.mp4,1774,5,1815
k5k10f6f7f8f9f10_d455_color_20260920_165901_341490_frame_000271_src_001779_000059300ms_int8.jpg,k5k10f6f7f8f9f10_d455_color_20260920_165901_341490.mp4,1779,8,1815
k5k10f6f7f8f9f10_d455_color_20260920_165901_341490_frame_000272_src_001787_000059567ms_int5.jpg,k5k10f6f7f8f9f10_d455_color_20260920_165901_341490.mp4,1787,5,1815
k5k10f6f7f8f9f10_d455_color_20260920_165901_341490_frame_000273_src_001792_000059733ms_int8.jpg,k5k10f6f7f8f9f10_d455_color_20260920_165901_341490.mp4,1792,8,1815
k5k10f6f7f8f9f10_d455_color_20260920_165901_341490_frame_000274_src_001800_000060000ms_int7.jpg,k5k10f6f7f8f9f10_d455_color_20260920_165901_341490.mp4,1800,7,1815
k5k10f6f7f8f9f10_d455_color_20260920_165901_341490_frame_000275_src_001807_000060233ms_int8.jpg,k5k10f6f7f8f9f10_d455_color_20260920_165901_341490.mp4,1807,8,1815
k7k9k1_d455_color_20260920_162614_314707_frame_000000_src_000000_000000000ms_int5.jpg,k7k9k1_d455_color_20260920_162614_314707.mp4,0,5,651
k7k9k1_d455_color_20260920_162614_314707_frame_000001_src_000005_000000167ms_int5.jpg,k7k9k1_d455_color_20260920_162614_314707.mp4,5,5,651
k7k9k1_d455_color_20260920_162614_314707_frame_000002_src_000010_000000333ms_int10.jpg,k7k9k1_d455_color_20260920_162614_314707.mp4,10,10,651
k7k9k1_d455_color_20260920_162614_314707_frame_000003_src_000020_000000667ms_int8.jpg,k7k9k1_d455_color_20260920_162614_314707.mp4,20,8,651
k7k9k1_d455_color_20260920_162614_314707_frame_000004_src_000028_000000933ms_int3.jpg,k7k9k1_d455_color_20260920_162614_314707.mp4,28,3,651
k7k9k1_d455_color_20260920_162614_314707_frame_000005_src_000031_000001033ms_int7.jpg,k7k9k1_d455_color_20260920_162614_314707.mp4,31,7,651
k7k9k1_d455_color_20260920_162614_314707_frame_000006_src_000038_000001267ms_int8.jpg,k7k9k1_d455_color_20260920_162614_314707.mp4,38,8,651
k7k9k1_d455_color_20260920_162614_314707_frame_000007_src_000046_000001533ms_int5.jpg,k7k9k1_d455_color_20260920_162614_314707.mp4,46,5,651
k7k9k1_d455_color_20260920_162614_314707_frame_000008_src_000051_000001700ms_int8.jpg,k7k9k1_d455_color_20260920_162614_314707.mp4,51,8,651
k7k9k1_d455_color_20260920_162614_314707_frame_000009_src_000059_000001967ms_int3.jpg,k7k9k1_d455_color_20260920_162614_314707.mp4,59,3,651
k7k9k1_d455_color_20260920_162614_314707_frame_000010_src_000062_000002067ms_int3.jpg,k7k9k1_d455_color_20260920_162614_314707.mp4,62,3,651
k7k9k1_d455_color_20260920_162614_314707_frame_000011_src_000065_000002167ms_int7.jpg,k7k9k1_d455_color_20260920_162614_314707.mp4,65,7,651
k7k9k1_d455_color_20260920_162614_314707_frame_000012_src_000072_000002400ms_int5.jpg,k7k9k1_d455_color_20260920_162614_314707.mp4,72,5,651
k7k9k1_d455_color_20260920_162614_314707_frame_000013_src_000077_000002567ms_int7.jpg,k7k9k1_d455_color_20260920_162614_314707.mp4,77,7,651
k7k9k1_d455_color_20260920_162614_314707_frame_000014_src_000084_000002800ms_int5.jpg,k7k9k1_d455_color_20260920_162614_314707.mp4,84,5,651
k7k9k1_d455_color_20260920_162614_314707_frame_000015_src_000089_000002967ms_int10.jpg,k7k9k1_d455_color_20260920_162614_314707.mp4,89,10,651
k7k9k1_d455_color_20260920_162614_314707_frame_000016_src_000099_000003300ms_int7.jpg,k7k9k1_d455_color_20260920_162614_314707.mp4,99,7,651
k7k9k1_d455_color_20260920_162614_314707_frame_000017_src_000106_000003533ms_int10.jpg,k7k9k1_d455_color_20260920_162614_314707.mp4,106,10,651
k7k9k1_d455_color_20260920_162614_314707_frame_000018_src_000116_000003867ms_int10.jpg,k7k9k1_d455_color_20260920_162614_314707.mp4,116,10,651
k7k9k1_d455_color_20260920_162614_314707_frame_000019_src_000126_000004200ms_int5.jpg,k7k9k1_d455_color_20260920_162614_314707.mp4,126,5,651
k7k9k1_d455_color_20260920_162614_314707_frame_000020_src_000131_000004367ms_int3.jpg,k7k9k1_d455_color_20260920_162614_314707.mp4,131,3,651
k7k9k1_d455_color_20260920_162614_314707_frame_000021_src_000134_000004467ms_int8.jpg,k7k9k1_d455_color_20260920_162614_314707.mp4,134,8,651
k7k9k1_d455_color_20260920_162614_314707_frame_000022_src_000142_000004733ms_int8.jpg,k7k9k1_d455_color_20260920_162614_314707.mp4,142,8,651
k7k9k1_d455_color_20260920_162614_314707_frame_000023_src_000150_000005000ms_int10.jpg,k7k9k1_d455_color_20260920_162614_314707.mp4,150,10,651
k7k9k1_d455_color_20260920_162614_314707_frame_000024_src_000160_000005333ms_int7.jpg,k7k9k1_d455_color_20260920_162614_314707.mp4,160,7,651
k7k9k1_d455_color_20260920_162614_314707_frame_000025_src_000167_000005567ms_int7.jpg,k7k9k1_d455_color_20260920_162614_314707.mp4,167,7,651
k7k9k1_d455_color_20260920_162614_314707_frame_000026_src_000174_000005800ms_int7.jpg,k7k9k1_d455_color_20260920_162614_314707.mp4,174,7,651
k7k9k1_d455_color_20260920_162614_314707_frame_000027_src_000181_000006033ms_int7.jpg,k7k9k1_d455_color_20260920_162614_314707.mp4,181,7,651
k7k9k1_d455_color_20260920_162614_314707_frame_000028_src_000188_000006267ms_int3.jpg,k7k9k1_d455_color_20260920_162614_314707.mp4,188,3,651
k7k9k1_d455_color_20260920_162614_314707_frame_000029_src_000191_000006367ms_int8.jpg,k7k9k1_d455_color_20260920_162614_314707.mp4,191,8,651
k7k9k1_d455_color_20260920_162614_314707_frame_000030_src_000199_000006633ms_int5.jpg,k7k9k1_d455_color_20260920_162614_314707.mp4,199,5,651
k7k9k1_d455_color_20260920_162614_314707_frame_000031_src_000204_000006800ms_int5.jpg,k7k9k1_d455_color_20260920_162614_314707.mp4,204,5,651
k7k9k1_d455_color_20260920_162614_314707_frame_000032_src_000209_000006967ms_int5.jpg,k7k9k1_d455_color_20260920_162614_314707.mp4,209,5,651
k7k9k1_d455_color_20260920_162614_314707_frame_000033_src_000214_000007133ms_int8.jpg,k7k9k1_d455_color_20260920_162614_314707.mp4,214,8,651
k7k9k1_d455_color_20260920_162614_314707_frame_000034_src_000222_000007400ms_int5.jpg,k7k9k1_d455_color_20260920_162614_314707.mp4,222,5,651
k7k9k1_d455_color_20260920_162614_314707_frame_000035_src_000227_000007567ms_int5.jpg,k7k9k1_d455_color_20260920_162614_314707.mp4,227,5,651
k7k9k1_d455_color_20260920_162614_314707_frame_000036_src_000232_000007733ms_int5.jpg,k7k9k1_d455_color_20260920_162614_314707.mp4,232,5,651
k7k9k1_d455_color_20260920_162614_314707_frame_000037_src_000237_000007900ms_int7.jpg,k7k9k1_d455_color_20260920_162614_314707.mp4,237,7,651
k7k9k1_d455_color_20260920_162614_314707_frame_000038_src_000244_000008133ms_int10.jpg,k7k9k1_d455_color_20260920_162614_314707.mp4,244,10,651
k7k9k1_d455_color_20260920_162614_314707_frame_000039_src_000254_000008467ms_int5.jpg,k7k9k1_d455_color_20260920_162614_314707.mp4,254,5,651
k7k9k1_d455_color_20260920_162614_314707_frame_000040_src_000259_000008633ms_int10.jpg,k7k9k1_d455_color_20260920_162614_314707.mp4,259,10,651
k7k9k1_d455_color_20260920_162614_314707_frame_000041_src_000269_000008967ms_int10.jpg,k7k9k1_d455_color_20260920_162614_314707.mp4,269,10,651
k7k9k1_d455_color_20260920_162614_314707_frame_000042_src_000279_000009300ms_int8.jpg,k7k9k1_d455_color_20260920_162614_314707.mp4,279,8,651
k7k9k1_d455_color_20260920_162614_314707_frame_000043_src_000287_000009567ms_int10.jpg,k7k9k1_d455_color_20260920_162614_314707.mp4,287,10,651
k7k9k1_d455_color_20260920_162614_314707_frame_000044_src_000297_000009900ms_int10.jpg,k7k9k1_d455_color_20260920_162614_314707.mp4,297,10,651
k7k9k1_d455_color_20260920_162614_314707_frame_000045_src_000307_000010233ms_int5.jpg,k7k9k1_d455_color_20260920_162614_314707.mp4,307,5,651
k7k9k1_d455_color_20260920_162614_314707_frame_000046_src_000312_000010400ms_int7.jpg,k7k9k1_d455_color_20260920_162614_314707.mp4,312,7,651
k7k9k1_d455_color_20260920_162614_314707_frame_000047_src_000319_000010633ms_int7.jpg,k7k9k1_d455_color_20260920_162614_314707.mp4,319,7,651
k7k9k1_d455_color_20260920_162614_314707_frame_000048_src_000326_000010867ms_int8.jpg,k7k9k1_d455_color_20260920_162614_314707.mp4,326,8,651
k7k9k1_d455_color_20260920_162614_314707_frame_000049_src_000334_000011133ms_int10.jpg,k7k9k1_d455_color_20260920_162614_314707.mp4,334,10,651
k7k9k1_d455_color_20260920_162614_314707_frame_000050_src_000344_000011467ms_int10.jpg,k7k9k1_d455_color_20260920_162614_314707.mp4,344,10,651
k7k9k1_d455_color_20260920_162614_314707_frame_000051_src_000354_000011800ms_int8.jpg,k7k9k1_d455_color_20260920_162614_314707.mp4,354,8,651
k7k9k1_d455_color_20260920_162614_314707_frame_000052_src_000362_000012067ms_int3.jpg,k7k9k1_d455_color_20260920_162614_314707.mp4,362,3,651
k7k9k1_d455_color_20260920_162614_314707_frame_000053_src_000365_000012167ms_int3.jpg,k7k9k1_d455_color_20260920_162614_314707.mp4,365,3,651
k7k9k1_d455_color_20260920_162614_314707_frame_000054_src_000368_000012267ms_int3.jpg,k7k9k1_d455_color_20260920_162614_314707.mp4,368,3,651
k7k9k1_d455_color_20260920_162614_314707_frame_000055_src_000371_000012367ms_int3.jpg,k7k9k1_d455_color_20260920_162614_314707.mp4,371,3,651
k7k9k1_d455_color_20260920_162614_314707_frame_000056_src_000374_000012467ms_int7.jpg,k7k9k1_d455_color_20260920_162614_314707.mp4,374,7,651
k7k9k1_d455_color_20260920_162614_314707_frame_000057_src_000381_000012700ms_int5.jpg,k7k9k1_d455_color_20260920_162614_314707.mp4,381,5,651
k7k9k1_d455_color_20260920_162614_314707_frame_000058_src_000386_000012867ms_int5.jpg,k7k9k1_d455_color_20260920_162614_314707.mp4,386,5,651
k7k9k1_d455_color_20260920_162614_314707_frame_000059_src_000391_000013033ms_int10.jpg,k7k9k1_d455_color_20260920_162614_314707.mp4,391,10,651
k7k9k1_d455_color_20260920_162614_314707_frame_000060_src_000401_000013367ms_int10.jpg,k7k9k1_d455_color_20260920_162614_314707.mp4,401,10,651
k7k9k1_d455_color_20260920_162614_314707_frame_000061_src_000411_000013700ms_int10.jpg,k7k9k1_d455_color_20260920_162614_314707.mp4,411,10,651
k7k9k1_d455_color_20260920_162614_314707_frame_000062_src_000421_000014033ms_int8.jpg,k7k9k1_d455_color_20260920_162614_314707.mp4,421,8,651
k7k9k1_d455_color_20260920_162614_314707_frame_000063_src_000429_000014300ms_int10.jpg,k7k9k1_d455_color_20260920_162614_314707.mp4,429,10,651
k7k9k1_d455_color_20260920_162614_314707_frame_000064_src_000439_000014633ms_int10.jpg,k7k9k1_d455_color_20260920_162614_314707.mp4,439,10,651
k7k9k1_d455_color_20260920_162614_314707_frame_000065_src_000449_000014967ms_int3.jpg,k7k9k1_d455_color_20260920_162614_314707.mp4,449,3,651
k7k9k1_d455_color_20260920_162614_314707_frame_000066_src_000452_000015067ms_int10.jpg,k7k9k1_d455_color_20260920_162614_314707.mp4,452,10,651
k7k9k1_d455_color_20260920_162614_314707_frame_000067_src_000462_000015400ms_int5.jpg,k7k9k1_d455_color_20260920_162614_314707.mp4,462,5,651
k7k9k1_d455_color_20260920_162614_314707_frame_000068_src_000467_000015567ms_int10.jpg,k7k9k1_d455_color_20260920_162614_314707.mp4,467,10,651
k7k9k1_d455_color_20260920_162614_314707_frame_000069_src_000477_000015900ms_int8.jpg,k7k9k1_d455_color_20260920_162614_314707.mp4,477,8,651
k7k9k1_d455_color_20260920_162614_314707_frame_000070_src_000485_000016167ms_int10.jpg,k7k9k1_d455_color_20260920_162614_314707.mp4,485,10,651
k7k9k1_d455_color_20260920_162614_314707_frame_000071_src_000495_000016500ms_int3.jpg,k7k9k1_d455_color_20260920_162614_314707.mp4,495,3,651
k7k9k1_d455_color_20260920_162614_314707_frame_000072_src_000498_000016600ms_int8.jpg,k7k9k1_d455_color_20260920_162614_314707.mp4,498,8,651
k7k9k1_d455_color_20260920_162614_314707_frame_000073_src_000506_000016867ms_int10.jpg,k7k9k1_d455_color_20260920_162614_314707.mp4,506,10,651
k7k9k1_d455_color_20260920_162614_314707_frame_000074_src_000516_000017200ms_int3.jpg,k7k9k1_d455_color_20260920_162614_314707.mp4,516,3,651
k7k9k1_d455_color_20260920_162614_314707_frame_000075_src_000519_000017300ms_int5.jpg,k7k9k1_d455_color_20260920_162614_314707.mp4,519,5,651
k7k9k1_d455_color_20260920_162614_314707_frame_000076_src_000524_000017467ms_int10.jpg,k7k9k1_d455_color_20260920_162614_314707.mp4,524,10,651
k7k9k1_d455_color_20260920_162614_314707_frame_000077_src_000534_000017800ms_int5.jpg,k7k9k1_d455_color_20260920_162614_314707.mp4,534,5,651
k7k9k1_d455_color_20260920_162614_314707_frame_000078_src_000539_000017967ms_int8.jpg,k7k9k1_d455_color_20260920_162614_314707.mp4,539,8,651
k7k9k1_d455_color_20260920_162614_314707_frame_000079_src_000547_000018233ms_int10.jpg,k7k9k1_d455_color_20260920_162614_314707.mp4,547,10,651
k7k9k1_d455_color_20260920_162614_314707_frame_000080_src_000557_000018567ms_int7.jpg,k7k9k1_d455_color_20260920_162614_314707.mp4,557,7,651
k7k9k1_d455_color_20260920_162614_314707_frame_000081_src_000564_000018800ms_int10.jpg,k7k9k1_d455_color_20260920_162614_314707.mp4,564,10,651
k7k9k1_d455_color_20260920_162614_314707_frame_000082_src_000574_000019133ms_int8.jpg,k7k9k1_d455_color_20260920_162614_314707.mp4,574,8,651
k7k9k1_d455_color_20260920_162614_314707_frame_000083_src_000582_000019400ms_int5.jpg,k7k9k1_d455_color_20260920_162614_314707.mp4,582,5,651
k7k9k1_d455_color_20260920_162614_314707_frame_000084_src_000587_000019567ms_int5.jpg,k7k9k1_d455_color_20260920_162614_314707.mp4,587,5,651
k7k9k1_d455_color_20260920_162614_314707_frame_000085_src_000592_000019733ms_int5.jpg,k7k9k1_d455_color_20260920_162614_314707.mp4,592,5,651
k7k9k1_d455_color_20260920_162614_314707_frame_000086_src_000597_000019900ms_int3.jpg,k7k9k1_d455_color_20260920_162614_314707.mp4,597,3,651
k7k9k1_d455_color_20260920_162614_314707_frame_000087_src_000600_000020000ms_int5.jpg,k7k9k1_d455_color_20260920_162614_314707.mp4,600,5,651
k7k9k1_d455_color_20260920_162614_314707_frame_000088_src_000605_000020167ms_int8.jpg,k7k9k1_d455_color_20260920_162614_314707.mp4,605,8,651
k7k9k1_d455_color_20260920_162614_314707_frame_000089_src_000613_000020433ms_int7.jpg,k7k9k1_d455_color_20260920_162614_314707.mp4,613,7,651
k7k9k1_d455_color_20260920_162614_314707_frame_000090_src_000620_000020667ms_int8.jpg,k7k9k1_d455_color_20260920_162614_314707.mp4,620,8,651
k7k9k1_d455_color_20260920_162614_314707_frame_000091_src_000628_000020933ms_int10.jpg,k7k9k1_d455_color_20260920_162614_314707.mp4,628,10,651
k7k9k1_d455_color_20260920_162614_314707_frame_000092_src_000638_000021267ms_int8.jpg,k7k9k1_d455_color_20260920_162614_314707.mp4,638,8,651
k7k9k1_d455_color_20260920_162614_314707_frame_000093_src_000646_000021533ms_int3.jpg,k7k9k1_d455_color_20260920_162614_314707.mp4,646,3,651
k7k9k1_d455_color_20260920_162614_314707_frame_000094_src_000649_000021633ms_int8.jpg,k7k9k1_d455_color_20260920_162614_314707.mp4,649,8,651
k7k9k1_d455_color_20260920_162649_181946_frame_000000_src_000001_000000033ms_int10.jpg,k7k9k1_d455_color_20260920_162649_181946.mp4,1,10,361
k7k9k1_d455_color_20260920_162649_181946_frame_000001_src_000011_000000367ms_int3.jpg,k7k9k1_d455_color_20260920_162649_181946.mp4,11,3,361
k7k9k1_d455_color_20260920_162649_181946_frame_000002_src_000014_000000467ms_int7.jpg,k7k9k1_d455_color_20260920_162649_181946.mp4,14,7,361
k7k9k1_d455_color_20260920_162649_181946_frame_000003_src_000021_000000700ms_int3.jpg,k7k9k1_d455_color_20260920_162649_181946.mp4,21,3,361
k7k9k1_d455_color_20260920_162649_181946_frame_000004_src_000024_000000800ms_int3.jpg,k7k9k1_d455_color_20260920_162649_181946.mp4,24,3,361
k7k9k1_d455_color_20260920_162649_181946_frame_000005_src_000027_000000900ms_int10.jpg,k7k9k1_d455_color_20260920_162649_181946.mp4,27,10,361
k7k9k1_d455_color_20260920_162649_181946_frame_000006_src_000037_000001233ms_int5.jpg,k7k9k1_d455_color_20260920_162649_181946.mp4,37,5,361
k7k9k1_d455_color_20260920_162649_181946_frame_000007_src_000042_000001400ms_int8.jpg,k7k9k1_d455_color_20260920_162649_181946.mp4,42,8,361
k7k9k1_d455_color_20260920_162649_181946_frame_000008_src_000050_000001667ms_int5.jpg,k7k9k1_d455_color_20260920_162649_181946.mp4,50,5,361
k7k9k1_d455_color_20260920_162649_181946_frame_000009_src_000055_000001833ms_int8.jpg,k7k9k1_d455_color_20260920_162649_181946.mp4,55,8,361
k7k9k1_d455_color_20260920_162649_181946_frame_000010_src_000063_000002100ms_int3.jpg,k7k9k1_d455_color_20260920_162649_181946.mp4,63,3,361
k7k9k1_d455_color_20260920_162649_181946_frame_000011_src_000066_000002200ms_int3.jpg,k7k9k1_d455_color_20260920_162649_181946.mp4,66,3,361
k7k9k1_d455_color_20260920_162649_181946_frame_000012_src_000069_000002300ms_int8.jpg,k7k9k1_d455_color_20260920_162649_181946.mp4,69,8,361
k7k9k1_d455_color_20260920_162649_181946_frame_000013_src_000077_000002567ms_int3.jpg,k7k9k1_d455_color_20260920_162649_181946.mp4,77,3,361
k7k9k1_d455_color_20260920_162649_181946_frame_000014_src_000080_000002667ms_int5.jpg,k7k9k1_d455_color_20260920_162649_181946.mp4,80,5,361
k7k9k1_d455_color_20260920_162649_181946_frame_000015_src_000085_000002833ms_int3.jpg,k7k9k1_d455_color_20260920_162649_181946.mp4,85,3,361
k7k9k1_d455_color_20260920_162649_181946_frame_000016_src_000088_000002933ms_int5.jpg,k7k9k1_d455_color_20260920_162649_181946.mp4,88,5,361
k7k9k1_d455_color_20260920_162649_181946_frame_000017_src_000093_000003100ms_int10.jpg,k7k9k1_d455_color_20260920_162649_181946.mp4,93,10,361
k7k9k1_d455_color_20260920_162649_181946_frame_000018_src_000103_000003433ms_int10.jpg,k7k9k1_d455_color_20260920_162649_181946.mp4,103,10,361
k7k9k1_d455_color_20260920_162649_181946_frame_000019_src_000113_000003767ms_int7.jpg,k7k9k1_d455_color_20260920_162649_181946.mp4,113,7,361
k7k9k1_d455_color_20260920_162649_181946_frame_000020_src_000120_000004000ms_int8.jpg,k7k9k1_d455_color_20260920_162649_181946.mp4,120,8,361
k7k9k1_d455_color_20260920_162649_181946_frame_000021_src_000128_000004267ms_int10.jpg,k7k9k1_d455_color_20260920_162649_181946.mp4,128,10,361
k7k9k1_d455_color_20260920_162649_181946_frame_000022_src_000138_000004600ms_int5.jpg,k7k9k1_d455_color_20260920_162649_181946.mp4,138,5,361
k7k9k1_d455_color_20260920_162649_181946_frame_000023_src_000143_000004767ms_int8.jpg,k7k9k1_d455_color_20260920_162649_181946.mp4,143,8,361
k7k9k1_d455_color_20260920_162649_181946_frame_000024_src_000151_000005033ms_int5.jpg,k7k9k1_d455_color_20260920_162649_181946.mp4,151,5,361
k7k9k1_d455_color_20260920_162649_181946_frame_000025_src_000156_000005200ms_int5.jpg,k7k9k1_d455_color_20260920_162649_181946.mp4,156,5,361
k7k9k1_d455_color_20260920_162649_181946_frame_000026_src_000161_000005367ms_int10.jpg,k7k9k1_d455_color_20260920_162649_181946.mp4,161,10,361
k7k9k1_d455_color_20260920_162649_181946_frame_000027_src_000171_000005700ms_int7.jpg,k7k9k1_d455_color_20260920_162649_181946.mp4,171,7,361
k7k9k1_d455_color_20260920_162649_181946_frame_000028_src_000178_000005933ms_int10.jpg,k7k9k1_d455_color_20260920_162649_181946.mp4,178,10,361
k7k9k1_d455_color_20260920_162649_181946_frame_000029_src_000188_000006267ms_int8.jpg,k7k9k1_d455_color_20260920_162649_181946.mp4,188,8,361
k7k9k1_d455_color_20260920_162649_181946_frame_000030_src_000196_000006533ms_int8.jpg,k7k9k1_d455_color_20260920_162649_181946.mp4,196,8,361
k7k9k1_d455_color_20260920_162649_181946_frame_000031_src_000204_000006800ms_int7.jpg,k7k9k1_d455_color_20260920_162649_181946.mp4,204,7,361
k7k9k1_d455_color_20260920_162649_181946_frame_000032_src_000211_000007033ms_int3.jpg,k7k9k1_d455_color_20260920_162649_181946.mp4,211,3,361
k7k9k1_d455_color_20260920_162649_181946_frame_000033_src_000214_000007133ms_int10.jpg,k7k9k1_d455_color_20260920_162649_181946.mp4,214,10,361
k7k9k1_d455_color_20260920_162649_181946_frame_000034_src_000224_000007467ms_int8.jpg,k7k9k1_d455_color_20260920_162649_181946.mp4,224,8,361
k7k9k1_d455_color_20260920_162649_181946_frame_000035_src_000232_000007733ms_int10.jpg,k7k9k1_d455_color_20260920_162649_181946.mp4,232,10,361
k7k9k1_d455_color_20260920_162649_181946_frame_000036_src_000242_000008067ms_int7.jpg,k7k9k1_d455_color_20260920_162649_181946.mp4,242,7,361
k7k9k1_d455_color_20260920_162649_181946_frame_000037_src_000249_000008300ms_int8.jpg,k7k9k1_d455_color_20260920_162649_181946.mp4,249,8,361
k7k9k1_d455_color_20260920_162649_181946_frame_000038_src_000257_000008567ms_int5.jpg,k7k9k1_d455_color_20260920_162649_181946.mp4,257,5,361
k7k9k1_d455_color_20260920_162649_181946_frame_000039_src_000262_000008733ms_int8.jpg,k7k9k1_d455_color_20260920_162649_181946.mp4,262,8,361
k7k9k1_d455_color_20260920_162649_181946_frame_000040_src_000270_000009000ms_int5.jpg,k7k9k1_d455_color_20260920_162649_181946.mp4,270,5,361
k7k9k1_d455_color_20260920_162649_181946_frame_000041_src_000275_000009167ms_int3.jpg,k7k9k1_d455_color_20260920_162649_181946.mp4,275,3,361
k7k9k1_d455_color_20260920_162649_181946_frame_000042_src_000278_000009267ms_int3.jpg,k7k9k1_d455_color_20260920_162649_181946.mp4,278,3,361
k7k9k1_d455_color_20260920_162649_181946_frame_000043_src_000281_000009367ms_int10.jpg,k7k9k1_d455_color_20260920_162649_181946.mp4,281,10,361
k7k9k1_d455_color_20260920_162649_181946_frame_000044_src_000291_000009700ms_int5.jpg,k7k9k1_d455_color_20260920_162649_181946.mp4,291,5,361
k7k9k1_d455_color_20260920_162649_181946_frame_000045_src_000296_000009867ms_int10.jpg,k7k9k1_d455_color_20260920_162649_181946.mp4,296,10,361
k7k9k1_d455_color_20260920_162649_181946_frame_000046_src_000306_000010200ms_int8.jpg,k7k9k1_d455_color_20260920_162649_181946.mp4,306,8,361
k7k9k1_d455_color_20260920_162649_181946_frame_000047_src_000314_000010467ms_int3.jpg,k7k9k1_d455_color_20260920_162649_181946.mp4,314,3,361
k7k9k1_d455_color_20260920_162649_181946_frame_000048_src_000317_000010567ms_int8.jpg,k7k9k1_d455_color_20260920_162649_181946.mp4,317,8,361
k7k9k1_d455_color_20260920_162649_181946_frame_000049_src_000325_000010833ms_int7.jpg,k7k9k1_d455_color_20260920_162649_181946.mp4,325,7,361
k7k9k1_d455_color_20260920_162649_181946_frame_000050_src_000332_000011067ms_int10.jpg,k7k9k1_d455_color_20260920_162649_181946.mp4,332,10,361
k7k9k1_d455_color_20260920_162649_181946_frame_000051_src_000342_000011400ms_int10.jpg,k7k9k1_d455_color_20260920_162649_181946.mp4,342,10,361
k7k9k1_d455_color_20260920_162649_181946_frame_000052_src_000352_000011733ms_int7.jpg,k7k9k1_d455_color_20260920_162649_181946.mp4,352,7,361
k7k9k1_d455_color_20260920_162649_181946_frame_000053_src_000359_000011967ms_int8.jpg,k7k9k1_d455_color_20260920_162649_181946.mp4,359,8,361
k7k9k1_d455_color_20260920_162732_770087_frame_000000_src_000002_000000067ms_int3.jpg,k7k9k1_d455_color_20260920_162732_770087.mp4,2,3,556
k7k9k1_d455_color_20260920_162732_770087_frame_000001_src_000005_000000167ms_int7.jpg,k7k9k1_d455_color_20260920_162732_770087.mp4,5,7,556
k7k9k1_d455_color_20260920_162732_770087_frame_000002_src_000012_000000400ms_int7.jpg,k7k9k1_d455_color_20260920_162732_770087.mp4,12,7,556
k7k9k1_d455_color_20260920_162732_770087_frame_000003_src_000019_000000633ms_int3.jpg,k7k9k1_d455_color_20260920_162732_770087.mp4,19,3,556
k7k9k1_d455_color_20260920_162732_770087_frame_000004_src_000022_000000733ms_int8.jpg,k7k9k1_d455_color_20260920_162732_770087.mp4,22,8,556
k7k9k1_d455_color_20260920_162732_770087_frame_000005_src_000030_000001000ms_int5.jpg,k7k9k1_d455_color_20260920_162732_770087.mp4,30,5,556
k7k9k1_d455_color_20260920_162732_770087_frame_000006_src_000035_000001167ms_int7.jpg,k7k9k1_d455_color_20260920_162732_770087.mp4,35,7,556
k7k9k1_d455_color_20260920_162732_770087_frame_000007_src_000042_000001400ms_int8.jpg,k7k9k1_d455_color_20260920_162732_770087.mp4,42,8,556
k7k9k1_d455_color_20260920_162732_770087_frame_000008_src_000050_000001667ms_int10.jpg,k7k9k1_d455_color_20260920_162732_770087.mp4,50,10,556
k7k9k1_d455_color_20260920_162732_770087_frame_000009_src_000060_000002000ms_int10.jpg,k7k9k1_d455_color_20260920_162732_770087.mp4,60,10,556
k7k9k1_d455_color_20260920_162732_770087_frame_000010_src_000070_000002333ms_int3.jpg,k7k9k1_d455_color_20260920_162732_770087.mp4,70,3,556
k7k9k1_d455_color_20260920_162732_770087_frame_000011_src_000073_000002433ms_int3.jpg,k7k9k1_d455_color_20260920_162732_770087.mp4,73,3,556
k7k9k1_d455_color_20260920_162732_770087_frame_000012_src_000076_000002533ms_int10.jpg,k7k9k1_d455_color_20260920_162732_770087.mp4,76,10,556
k7k9k1_d455_color_20260920_162732_770087_frame_000013_src_000086_000002867ms_int10.jpg,k7k9k1_d455_color_20260920_162732_770087.mp4,86,10,556
k7k9k1_d455_color_20260920_162732_770087_frame_000014_src_000096_000003200ms_int3.jpg,k7k9k1_d455_color_20260920_162732_770087.mp4,96,3,556
k7k9k1_d455_color_20260920_162732_770087_frame_000015_src_000099_000003300ms_int3.jpg,k7k9k1_d455_color_20260920_162732_770087.mp4,99,3,556
k7k9k1_d455_color_20260920_162732_770087_frame_000016_src_000102_000003400ms_int5.jpg,k7k9k1_d455_color_20260920_162732_770087.mp4,102,5,556
k7k9k1_d455_color_20260920_162732_770087_frame_000017_src_000107_000003567ms_int5.jpg,k7k9k1_d455_color_20260920_162732_770087.mp4,107,5,556
k7k9k1_d455_color_20260920_162732_770087_frame_000018_src_000112_000003733ms_int10.jpg,k7k9k1_d455_color_20260920_162732_770087.mp4,112,10,556
k7k9k1_d455_color_20260920_162732_770087_frame_000019_src_000122_000004067ms_int3.jpg,k7k9k1_d455_color_20260920_162732_770087.mp4,122,3,556
k7k9k1_d455_color_20260920_162732_770087_frame_000020_src_000125_000004167ms_int10.jpg,k7k9k1_d455_color_20260920_162732_770087.mp4,125,10,556
k7k9k1_d455_color_20260920_162732_770087_frame_000021_src_000135_000004500ms_int3.jpg,k7k9k1_d455_color_20260920_162732_770087.mp4,135,3,556
k7k9k1_d455_color_20260920_162732_770087_frame_000022_src_000138_000004600ms_int3.jpg,k7k9k1_d455_color_20260920_162732_770087.mp4,138,3,556
k7k9k1_d455_color_20260920_162732_770087_frame_000023_src_000141_000004700ms_int5.jpg,k7k9k1_d455_color_20260920_162732_770087.mp4,141,5,556
k7k9k1_d455_color_20260920_162732_770087_frame_000024_src_000146_000004867ms_int7.jpg,k7k9k1_d455_color_20260920_162732_770087.mp4,146,7,556
k7k9k1_d455_color_20260920_162732_770087_frame_000025_src_000153_000005100ms_int5.jpg,k7k9k1_d455_color_20260920_162732_770087.mp4,153,5,556
k7k9k1_d455_color_20260920_162732_770087_frame_000026_src_000158_000005267ms_int5.jpg,k7k9k1_d455_color_20260920_162732_770087.mp4,158,5,556
k7k9k1_d455_color_20260920_162732_770087_frame_000027_src_000163_000005433ms_int10.jpg,k7k9k1_d455_color_20260920_162732_770087.mp4,163,10,556
k7k9k1_d455_color_20260920_162732_770087_frame_000028_src_000173_000005767ms_int3.jpg,k7k9k1_d455_color_20260920_162732_770087.mp4,173,3,556
k7k9k1_d455_color_20260920_162732_770087_frame_000029_src_000176_000005867ms_int5.jpg,k7k9k1_d455_color_20260920_162732_770087.mp4,176,5,556
k7k9k1_d455_color_20260920_162732_770087_frame_000030_src_000181_000006033ms_int7.jpg,k7k9k1_d455_color_20260920_162732_770087.mp4,181,7,556
k7k9k1_d455_color_20260920_162732_770087_frame_000031_src_000188_000006267ms_int10.jpg,k7k9k1_d455_color_20260920_162732_770087.mp4,188,10,556
k7k9k1_d455_color_20260920_162732_770087_frame_000032_src_000198_000006600ms_int3.jpg,k7k9k1_d455_color_20260920_162732_770087.mp4,198,3,556
k7k9k1_d455_color_20260920_162732_770087_frame_000033_src_000201_000006700ms_int7.jpg,k7k9k1_d455_color_20260920_162732_770087.mp4,201,7,556
k7k9k1_d455_color_20260920_162732_770087_frame_000034_src_000208_000006933ms_int10.jpg,k7k9k1_d455_color_20260920_162732_770087.mp4,208,10,556
k7k9k1_d455_color_20260920_162732_770087_frame_000035_src_000218_000007267ms_int7.jpg,k7k9k1_d455_color_20260920_162732_770087.mp4,218,7,556
k7k9k1_d455_color_20260920_162732_770087_frame_000036_src_000225_000007500ms_int7.jpg,k7k9k1_d455_color_20260920_162732_770087.mp4,225,7,556
k7k9k1_d455_color_20260920_162732_770087_frame_000037_src_000232_000007733ms_int7.jpg,k7k9k1_d455_color_20260920_162732_770087.mp4,232,7,556
k7k9k1_d455_color_20260920_162732_770087_frame_000038_src_000239_000007967ms_int8.jpg,k7k9k1_d455_color_20260920_162732_770087.mp4,239,8,556
k7k9k1_d455_color_20260920_162732_770087_frame_000039_src_000247_000008233ms_int8.jpg,k7k9k1_d455_color_20260920_162732_770087.mp4,247,8,556
k7k9k1_d455_color_20260920_162732_770087_frame_000040_src_000255_000008500ms_int7.jpg,k7k9k1_d455_color_20260920_162732_770087.mp4,255,7,556
k7k9k1_d455_color_20260920_162732_770087_frame_000041_src_000262_000008733ms_int3.jpg,k7k9k1_d455_color_20260920_162732_770087.mp4,262,3,556
k7k9k1_d455_color_20260920_162732_770087_frame_000042_src_000265_000008833ms_int10.jpg,k7k9k1_d455_color_20260920_162732_770087.mp4,265,10,556
k7k9k1_d455_color_20260920_162732_770087_frame_000043_src_000275_000009167ms_int7.jpg,k7k9k1_d455_color_20260920_162732_770087.mp4,275,7,556
k7k9k1_d455_color_20260920_162732_770087_frame_000044_src_000282_000009400ms_int7.jpg,k7k9k1_d455_color_20260920_162732_770087.mp4,282,7,556
k7k9k1_d455_color_20260920_162732_770087_frame_000045_src_000289_000009633ms_int5.jpg,k7k9k1_d455_color_20260920_162732_770087.mp4,289,5,556
k7k9k1_d455_color_20260920_162732_770087_frame_000046_src_000294_000009800ms_int10.jpg,k7k9k1_d455_color_20260920_162732_770087.mp4,294,10,556
k7k9k1_d455_color_20260920_162732_770087_frame_000047_src_000304_000010133ms_int3.jpg,k7k9k1_d455_color_20260920_162732_770087.mp4,304,3,556
k7k9k1_d455_color_20260920_162732_770087_frame_000048_src_000307_000010233ms_int10.jpg,k7k9k1_d455_color_20260920_162732_770087.mp4,307,10,556
k7k9k1_d455_color_20260920_162732_770087_frame_000049_src_000317_000010567ms_int7.jpg,k7k9k1_d455_color_20260920_162732_770087.mp4,317,7,556
k7k9k1_d455_color_20260920_162732_770087_frame_000050_src_000324_000010800ms_int8.jpg,k7k9k1_d455_color_20260920_162732_770087.mp4,324,8,556
k7k9k1_d455_color_20260920_162732_770087_frame_000051_src_000332_000011067ms_int8.jpg,k7k9k1_d455_color_20260920_162732_770087.mp4,332,8,556
k7k9k1_d455_color_20260920_162732_770087_frame_000052_src_000340_000011333ms_int3.jpg,k7k9k1_d455_color_20260920_162732_770087.mp4,340,3,556
k7k9k1_d455_color_20260920_162732_770087_frame_000053_src_000343_000011433ms_int3.jpg,k7k9k1_d455_color_20260920_162732_770087.mp4,343,3,556
k7k9k1_d455_color_20260920_162732_770087_frame_000054_src_000346_000011533ms_int8.jpg,k7k9k1_d455_color_20260920_162732_770087.mp4,346,8,556
k7k9k1_d455_color_20260920_162732_770087_frame_000055_src_000354_000011800ms_int7.jpg,k7k9k1_d455_color_20260920_162732_770087.mp4,354,7,556
k7k9k1_d455_color_20260920_162732_770087_frame_000056_src_000361_000012033ms_int10.jpg,k7k9k1_d455_color_20260920_162732_770087.mp4,361,10,556
k7k9k1_d455_color_20260920_162732_770087_frame_000057_src_000371_000012367ms_int3.jpg,k7k9k1_d455_color_20260920_162732_770087.mp4,371,3,556
k7k9k1_d455_color_20260920_162732_770087_frame_000058_src_000374_000012467ms_int8.jpg,k7k9k1_d455_color_20260920_162732_770087.mp4,374,8,556
k7k9k1_d455_color_20260920_162732_770087_frame_000059_src_000382_000012733ms_int8.jpg,k7k9k1_d455_color_20260920_162732_770087.mp4,382,8,556
k7k9k1_d455_color_20260920_162732_770087_frame_000060_src_000390_000013000ms_int8.jpg,k7k9k1_d455_color_20260920_162732_770087.mp4,390,8,556
k7k9k1_d455_color_20260920_162732_770087_frame_000061_src_000398_000013267ms_int8.jpg,k7k9k1_d455_color_20260920_162732_770087.mp4,398,8,556
k7k9k1_d455_color_20260920_162732_770087_frame_000062_src_000406_000013533ms_int5.jpg,k7k9k1_d455_color_20260920_162732_770087.mp4,406,5,556
k7k9k1_d455_color_20260920_162732_770087_frame_000063_src_000411_000013700ms_int7.jpg,k7k9k1_d455_color_20260920_162732_770087.mp4,411,7,556
k7k9k1_d455_color_20260920_162732_770087_frame_000064_src_000418_000013933ms_int5.jpg,k7k9k1_d455_color_20260920_162732_770087.mp4,418,5,556
k7k9k1_d455_color_20260920_162732_770087_frame_000065_src_000423_000014100ms_int3.jpg,k7k9k1_d455_color_20260920_162732_770087.mp4,423,3,556
k7k9k1_d455_color_20260920_162732_770087_frame_000066_src_000426_000014200ms_int8.jpg,k7k9k1_d455_color_20260920_162732_770087.mp4,426,8,556
k7k9k1_d455_color_20260920_162732_770087_frame_000067_src_000434_000014467ms_int8.jpg,k7k9k1_d455_color_20260920_162732_770087.mp4,434,8,556
k7k9k1_d455_color_20260920_162732_770087_frame_000068_src_000442_000014733ms_int7.jpg,k7k9k1_d455_color_20260920_162732_770087.mp4,442,7,556
k7k9k1_d455_color_20260920_162732_770087_frame_000069_src_000449_000014967ms_int5.jpg,k7k9k1_d455_color_20260920_162732_770087.mp4,449,5,556
k7k9k1_d455_color_20260920_162732_770087_frame_000070_src_000454_000015133ms_int8.jpg,k7k9k1_d455_color_20260920_162732_770087.mp4,454,8,556
k7k9k1_d455_color_20260920_162732_770087_frame_000071_src_000462_000015400ms_int8.jpg,k7k9k1_d455_color_20260920_162732_770087.mp4,462,8,556
k7k9k1_d455_color_20260920_162732_770087_frame_000072_src_000470_000015667ms_int8.jpg,k7k9k1_d455_color_20260920_162732_770087.mp4,470,8,556
k7k9k1_d455_color_20260920_162732_770087_frame_000073_src_000478_000015933ms_int3.jpg,k7k9k1_d455_color_20260920_162732_770087.mp4,478,3,556
k7k9k1_d455_color_20260920_162732_770087_frame_000074_src_000481_000016033ms_int3.jpg,k7k9k1_d455_color_20260920_162732_770087.mp4,481,3,556
k7k9k1_d455_color_20260920_162732_770087_frame_000075_src_000484_000016133ms_int8.jpg,k7k9k1_d455_color_20260920_162732_770087.mp4,484,8,556
k7k9k1_d455_color_20260920_162732_770087_frame_000076_src_000492_000016400ms_int10.jpg,k7k9k1_d455_color_20260920_162732_770087.mp4,492,10,556
k7k9k1_d455_color_20260920_162732_770087_frame_000077_src_000502_000016733ms_int8.jpg,k7k9k1_d455_color_20260920_162732_770087.mp4,502,8,556
k7k9k1_d455_color_20260920_162732_770087_frame_000078_src_000510_000017000ms_int7.jpg,k7k9k1_d455_color_20260920_162732_770087.mp4,510,7,556
k7k9k1_d455_color_20260920_162732_770087_frame_000079_src_000517_000017233ms_int8.jpg,k7k9k1_d455_color_20260920_162732_770087.mp4,517,8,556
k7k9k1_d455_color_20260920_162732_770087_frame_000080_src_000525_000017500ms_int10.jpg,k7k9k1_d455_color_20260920_162732_770087.mp4,525,10,556
k7k9k1_d455_color_20260920_162732_770087_frame_000081_src_000535_000017833ms_int7.jpg,k7k9k1_d455_color_20260920_162732_770087.mp4,535,7,556
k7k9k1_d455_color_20260920_162732_770087_frame_000082_src_000542_000018067ms_int5.jpg,k7k9k1_d455_color_20260920_162732_770087.mp4,542,5,556
k7k9k1_d455_color_20260920_162732_770087_frame_000083_src_000547_000018233ms_int5.jpg,k7k9k1_d455_color_20260920_162732_770087.mp4,547,5,556
k7k9k1_d455_color_20260920_162732_770087_frame_000084_src_000552_000018400ms_int8.jpg,k7k9k1_d455_color_20260920_162732_770087.mp4,552,8,556
k7k9k1_d455_color_20260920_162821_495345_frame_000000_src_000000_000000000ms_int8.jpg,k7k9k1_d455_color_20260920_162821_495345.mp4,0,8,310
k7k9k1_d455_color_20260920_162821_495345_frame_000001_src_000008_000000267ms_int5.jpg,k7k9k1_d455_color_20260920_162821_495345.mp4,8,5,310
k7k9k1_d455_color_20260920_162821_495345_frame_000002_src_000013_000000433ms_int10.jpg,k7k9k1_d455_color_20260920_162821_495345.mp4,13,10,310
k7k9k1_d455_color_20260920_162821_495345_frame_000003_src_000023_000000767ms_int8.jpg,k7k9k1_d455_color_20260920_162821_495345.mp4,23,8,310
k7k9k1_d455_color_20260920_162821_495345_frame_000004_src_000031_000001033ms_int10.jpg,k7k9k1_d455_color_20260920_162821_495345.mp4,31,10,310
k7k9k1_d455_color_20260920_162821_495345_frame_000005_src_000041_000001367ms_int10.jpg,k7k9k1_d455_color_20260920_162821_495345.mp4,41,10,310
k7k9k1_d455_color_20260920_162821_495345_frame_000006_src_000051_000001700ms_int10.jpg,k7k9k1_d455_color_20260920_162821_495345.mp4,51,10,310
k7k9k1_d455_color_20260920_162821_495345_frame_000007_src_000061_000002033ms_int7.jpg,k7k9k1_d455_color_20260920_162821_495345.mp4,61,7,310
k7k9k1_d455_color_20260920_162821_495345_frame_000008_src_000068_000002267ms_int3.jpg,k7k9k1_d455_color_20260920_162821_495345.mp4,68,3,310
k7k9k1_d455_color_20260920_162821_495345_frame_000009_src_000071_000002367ms_int8.jpg,k7k9k1_d455_color_20260920_162821_495345.mp4,71,8,310
k7k9k1_d455_color_20260920_162821_495345_frame_000010_src_000079_000002633ms_int10.jpg,k7k9k1_d455_color_20260920_162821_495345.mp4,79,10,310
k7k9k1_d455_color_20260920_162821_495345_frame_000011_src_000089_000002967ms_int10.jpg,k7k9k1_d455_color_20260920_162821_495345.mp4,89,10,310
k7k9k1_d455_color_20260920_162821_495345_frame_000012_src_000099_000003300ms_int3.jpg,k7k9k1_d455_color_20260920_162821_495345.mp4,99,3,310
k7k9k1_d455_color_20260920_162821_495345_frame_000013_src_000102_000003400ms_int8.jpg,k7k9k1_d455_color_20260920_162821_495345.mp4,102,8,310
k7k9k1_d455_color_20260920_162821_495345_frame_000014_src_000110_000003667ms_int8.jpg,k7k9k1_d455_color_20260920_162821_495345.mp4,110,8,310
k7k9k1_d455_color_20260920_162821_495345_frame_000015_src_000118_000003933ms_int10.jpg,k7k9k1_d455_color_20260920_162821_495345.mp4,118,10,310
k7k9k1_d455_color_20260920_162821_495345_frame_000016_src_000128_000004267ms_int3.jpg,k7k9k1_d455_color_20260920_162821_495345.mp4,128,3,310
k7k9k1_d455_color_20260920_162821_495345_frame_000017_src_000131_000004367ms_int7.jpg,k7k9k1_d455_color_20260920_162821_495345.mp4,131,7,310
k7k9k1_d455_color_20260920_162821_495345_frame_000018_src_000138_000004600ms_int3.jpg,k7k9k1_d455_color_20260920_162821_495345.mp4,138,3,310
k7k9k1_d455_color_20260920_162821_495345_frame_000019_src_000141_000004700ms_int8.jpg,k7k9k1_d455_color_20260920_162821_495345.mp4,141,8,310
k7k9k1_d455_color_20260920_162821_495345_frame_000020_src_000149_000004967ms_int8.jpg,k7k9k1_d455_color_20260920_162821_495345.mp4,149,8,310
k7k9k1_d455_color_20260920_162821_495345_frame_000021_src_000157_000005233ms_int7.jpg,k7k9k1_d455_color_20260920_162821_495345.mp4,157,7,310
k7k9k1_d455_color_20260920_162821_495345_frame_000022_src_000164_000005467ms_int3.jpg,k7k9k1_d455_color_20260920_162821_495345.mp4,164,3,310
k7k9k1_d455_color_20260920_162821_495345_frame_000023_src_000167_000005567ms_int3.jpg,k7k9k1_d455_color_20260920_162821_495345.mp4,167,3,310
k7k9k1_d455_color_20260920_162821_495345_frame_000024_src_000170_000005667ms_int10.jpg,k7k9k1_d455_color_20260920_162821_495345.mp4,170,10,310
k7k9k1_d455_color_20260920_162821_495345_frame_000025_src_000180_000006000ms_int8.jpg,k7k9k1_d455_color_20260920_162821_495345.mp4,180,8,310
k7k9k1_d455_color_20260920_162821_495345_frame_000026_src_000188_000006267ms_int7.jpg,k7k9k1_d455_color_20260920_162821_495345.mp4,188,7,310
k7k9k1_d455_color_20260920_162821_495345_frame_000027_src_000195_000006500ms_int10.jpg,k7k9k1_d455_color_20260920_162821_495345.mp4,195,10,310
k7k9k1_d455_color_20260920_162821_495345_frame_000028_src_000205_000006833ms_int7.jpg,k7k9k1_d455_color_20260920_162821_495345.mp4,205,7,310
k7k9k1_d455_color_20260920_162821_495345_frame_000029_src_000212_000007067ms_int3.jpg,k7k9k1_d455_color_20260920_162821_495345.mp4,212,3,310
k7k9k1_d455_color_20260920_162821_495345_frame_000030_src_000215_000007167ms_int3.jpg,k7k9k1_d455_color_20260920_162821_495345.mp4,215,3,310
k7k9k1_d455_color_20260920_162821_495345_frame_000031_src_000218_000007267ms_int3.jpg,k7k9k1_d455_color_20260920_162821_495345.mp4,218,3,310
k7k9k1_d455_color_20260920_162821_495345_frame_000032_src_000221_000007367ms_int10.jpg,k7k9k1_d455_color_20260920_162821_495345.mp4,221,10,310
k7k9k1_d455_color_20260920_162821_495345_frame_000033_src_000231_000007700ms_int10.jpg,k7k9k1_d455_color_20260920_162821_495345.mp4,231,10,310
k7k9k1_d455_color_20260920_162821_495345_frame_000034_src_000241_000008033ms_int7.jpg,k7k9k1_d455_color_20260920_162821_495345.mp4,241,7,310
k7k9k1_d455_color_20260920_162821_495345_frame_000035_src_000248_000008267ms_int7.jpg,k7k9k1_d455_color_20260920_162821_495345.mp4,248,7,310
k7k9k1_d455_color_20260920_162821_495345_frame_000036_src_000255_000008500ms_int10.jpg,k7k9k1_d455_color_20260920_162821_495345.mp4,255,10,310
k7k9k1_d455_color_20260920_162821_495345_frame_000037_src_000265_000008833ms_int5.jpg,k7k9k1_d455_color_20260920_162821_495345.mp4,265,5,310
k7k9k1_d455_color_20260920_162821_495345_frame_000038_src_000270_000009000ms_int3.jpg,k7k9k1_d455_color_20260920_162821_495345.mp4,270,3,310
k7k9k1_d455_color_20260920_162821_495345_frame_000039_src_000273_000009100ms_int3.jpg,k7k9k1_d455_color_20260920_162821_495345.mp4,273,3,310
k7k9k1_d455_color_20260920_162821_495345_frame_000040_src_000276_000009200ms_int8.jpg,k7k9k1_d455_color_20260920_162821_495345.mp4,276,8,310
k7k9k1_d455_color_20260920_162821_495345_frame_000041_src_000284_000009467ms_int10.jpg,k7k9k1_d455_color_20260920_162821_495345.mp4,284,10,310
k7k9k1_d455_color_20260920_162821_495345_frame_000042_src_000294_000009800ms_int5.jpg,k7k9k1_d455_color_20260920_162821_495345.mp4,294,5,310
k7k9k1_d455_color_20260920_162821_495345_frame_000043_src_000299_000009967ms_int7.jpg,k7k9k1_d455_color_20260920_162821_495345.mp4,299,7,310
k7k9k1_d455_color_20260920_162821_495345_frame_000044_src_000306_000010200ms_int7.jpg,k7k9k1_d455_color_20260920_162821_495345.mp4,306,7,310
k7k9k1_d455_color_20260920_162844_086222_frame_000000_src_000000_000000000ms_int7.jpg,k7k9k1_d455_color_20260920_162844_086222.mp4,0,7,267
k7k9k1_d455_color_20260920_162844_086222_frame_000001_src_000007_000000233ms_int5.jpg,k7k9k1_d455_color_20260920_162844_086222.mp4,7,5,267
k7k9k1_d455_color_20260920_162844_086222_frame_000002_src_000012_000000400ms_int5.jpg,k7k9k1_d455_color_20260920_162844_086222.mp4,12,5,267
k7k9k1_d455_color_20260920_162844_086222_frame_000003_src_000017_000000567ms_int3.jpg,k7k9k1_d455_color_20260920_162844_086222.mp4,17,3,267
k7k9k1_d455_color_20260920_162844_086222_frame_000004_src_000020_000000667ms_int10.jpg,k7k9k1_d455_color_20260920_162844_086222.mp4,20,10,267
k7k9k1_d455_color_20260920_162844_086222_frame_000005_src_000030_000001000ms_int7.jpg,k7k9k1_d455_color_20260920_162844_086222.mp4,30,7,267
k7k9k1_d455_color_20260920_162844_086222_frame_000006_src_000037_000001233ms_int10.jpg,k7k9k1_d455_color_20260920_162844_086222.mp4,37,10,267
k7k9k1_d455_color_20260920_162844_086222_frame_000007_src_000047_000001567ms_int3.jpg,k7k9k1_d455_color_20260920_162844_086222.mp4,47,3,267
k7k9k1_d455_color_20260920_162844_086222_frame_000008_src_000050_000001667ms_int10.jpg,k7k9k1_d455_color_20260920_162844_086222.mp4,50,10,267
k7k9k1_d455_color_20260920_162844_086222_frame_000009_src_000060_000002000ms_int10.jpg,k7k9k1_d455_color_20260920_162844_086222.mp4,60,10,267
k7k9k1_d455_color_20260920_162844_086222_frame_000010_src_000070_000002333ms_int3.jpg,k7k9k1_d455_color_20260920_162844_086222.mp4,70,3,267
k7k9k1_d455_color_20260920_162844_086222_frame_000011_src_000073_000002433ms_int5.jpg,k7k9k1_d455_color_20260920_162844_086222.mp4,73,5,267
k7k9k1_d455_color_20260920_162844_086222_frame_000012_src_000078_000002600ms_int7.jpg,k7k9k1_d455_color_20260920_162844_086222.mp4,78,7,267
k7k9k1_d455_color_20260920_162844_086222_frame_000013_src_000085_000002833ms_int8.jpg,k7k9k1_d455_color_20260920_162844_086222.mp4,85,8,267
k7k9k1_d455_color_20260920_162844_086222_frame_000014_src_000093_000003100ms_int7.jpg,k7k9k1_d455_color_20260920_162844_086222.mp4,93,7,267
k7k9k1_d455_color_20260920_162844_086222_frame_000015_src_000100_000003333ms_int7.jpg,k7k9k1_d455_color_20260920_162844_086222.mp4,100,7,267
k7k9k1_d455_color_20260920_162844_086222_frame_000016_src_000107_000003567ms_int7.jpg,k7k9k1_d455_color_20260920_162844_086222.mp4,107,7,267
k7k9k1_d455_color_20260920_162844_086222_frame_000017_src_000114_000003800ms_int8.jpg,k7k9k1_d455_color_20260920_162844_086222.mp4,114,8,267
k7k9k1_d455_color_20260920_162844_086222_frame_000018_src_000122_000004067ms_int7.jpg,k7k9k1_d455_color_20260920_162844_086222.mp4,122,7,267
k7k9k1_d455_color_20260920_162844_086222_frame_000019_src_000129_000004300ms_int3.jpg,k7k9k1_d455_color_20260920_162844_086222.mp4,129,3,267
k7k9k1_d455_color_20260920_162844_086222_frame_000020_src_000132_000004400ms_int7.jpg,k7k9k1_d455_color_20260920_162844_086222.mp4,132,7,267
k7k9k1_d455_color_20260920_162844_086222_frame_000021_src_000139_000004633ms_int8.jpg,k7k9k1_d455_color_20260920_162844_086222.mp4,139,8,267
k7k9k1_d455_color_20260920_162844_086222_frame_000022_src_000147_000004900ms_int5.jpg,k7k9k1_d455_color_20260920_162844_086222.mp4,147,5,267
k7k9k1_d455_color_20260920_162844_086222_frame_000023_src_000152_000005067ms_int3.jpg,k7k9k1_d455_color_20260920_162844_086222.mp4,152,3,267
k7k9k1_d455_color_20260920_162844_086222_frame_000024_src_000155_000005167ms_int8.jpg,k7k9k1_d455_color_20260920_162844_086222.mp4,155,8,267
k7k9k1_d455_color_20260920_162844_086222_frame_000025_src_000163_000005433ms_int8.jpg,k7k9k1_d455_color_20260920_162844_086222.mp4,163,8,267
k7k9k1_d455_color_20260920_162844_086222_frame_000026_src_000171_000005700ms_int3.jpg,k7k9k1_d455_color_20260920_162844_086222.mp4,171,3,267
k7k9k1_d455_color_20260920_162844_086222_frame_000027_src_000174_000005800ms_int7.jpg,k7k9k1_d455_color_20260920_162844_086222.mp4,174,7,267
k7k9k1_d455_color_20260920_162844_086222_frame_000028_src_000181_000006033ms_int10.jpg,k7k9k1_d455_color_20260920_162844_086222.mp4,181,10,267
k7k9k1_d455_color_20260920_162844_086222_frame_000029_src_000191_000006367ms_int5.jpg,k7k9k1_d455_color_20260920_162844_086222.mp4,191,5,267
k7k9k1_d455_color_20260920_162844_086222_frame_000030_src_000196_000006533ms_int8.jpg,k7k9k1_d455_color_20260920_162844_086222.mp4,196,8,267
k7k9k1_d455_color_20260920_162844_086222_frame_000031_src_000204_000006800ms_int10.jpg,k7k9k1_d455_color_20260920_162844_086222.mp4,204,10,267
k7k9k1_d455_color_20260920_162844_086222_frame_000032_src_000214_000007133ms_int5.jpg,k7k9k1_d455_color_20260920_162844_086222.mp4,214,5,267
k7k9k1_d455_color_20260920_162844_086222_frame_000033_src_000219_000007300ms_int8.jpg,k7k9k1_d455_color_20260920_162844_086222.mp4,219,8,267
k7k9k1_d455_color_20260920_162844_086222_frame_000034_src_000227_000007567ms_int10.jpg,k7k9k1_d455_color_20260920_162844_086222.mp4,227,10,267
k7k9k1_d455_color_20260920_162844_086222_frame_000035_src_000237_000007900ms_int3.jpg,k7k9k1_d455_color_20260920_162844_086222.mp4,237,3,267
k7k9k1_d455_color_20260920_162844_086222_frame_000036_src_000240_000008000ms_int8.jpg,k7k9k1_d455_color_20260920_162844_086222.mp4,240,8,267
k7k9k1_d455_color_20260920_162844_086222_frame_000037_src_000248_000008267ms_int8.jpg,k7k9k1_d455_color_20260920_162844_086222.mp4,248,8,267
k7k9k1_d455_color_20260920_162844_086222_frame_000038_src_000256_000008533ms_int3.jpg,k7k9k1_d455_color_20260920_162844_086222.mp4,256,3,267
k7k9k1_d455_color_20260920_162844_086222_frame_000039_src_000259_000008633ms_int5.jpg,k7k9k1_d455_color_20260920_162844_086222.mp4,259,5,267
k7k9k1_d455_color_20260920_162844_086222_frame_000040_src_000264_000008800ms_int7.jpg,k7k9k1_d455_color_20260920_162844_086222.mp4,264,7,267
k7k9k1_d455_color_20260920_163223_648303_frame_000000_src_000000_000000000ms_int7.jpg,k7k9k1_d455_color_20260920_163223_648303.mp4,0,7,616
k7k9k1_d455_color_20260920_163223_648303_frame_000001_src_000007_000000233ms_int10.jpg,k7k9k1_d455_color_20260920_163223_648303.mp4,7,10,616
k7k9k1_d455_color_20260920_163223_648303_frame_000002_src_000017_000000567ms_int3.jpg,k7k9k1_d455_color_20260920_163223_648303.mp4,17,3,616
k7k9k1_d455_color_20260920_163223_648303_frame_000003_src_000020_000000667ms_int8.jpg,k7k9k1_d455_color_20260920_163223_648303.mp4,20,8,616
k7k9k1_d455_color_20260920_163223_648303_frame_000004_src_000028_000000933ms_int3.jpg,k7k9k1_d455_color_20260920_163223_648303.mp4,28,3,616
k7k9k1_d455_color_20260920_163223_648303_frame_000005_src_000031_000001033ms_int10.jpg,k7k9k1_d455_color_20260920_163223_648303.mp4,31,10,616
k7k9k1_d455_color_20260920_163223_648303_frame_000006_src_000041_000001367ms_int5.jpg,k7k9k1_d455_color_20260920_163223_648303.mp4,41,5,616
k7k9k1_d455_color_20260920_163223_648303_frame_000007_src_000046_000001533ms_int8.jpg,k7k9k1_d455_color_20260920_163223_648303.mp4,46,8,616
k7k9k1_d455_color_20260920_163223_648303_frame_000008_src_000054_000001800ms_int3.jpg,k7k9k1_d455_color_20260920_163223_648303.mp4,54,3,616
k7k9k1_d455_color_20260920_163223_648303_frame_000009_src_000057_000001900ms_int8.jpg,k7k9k1_d455_color_20260920_163223_648303.mp4,57,8,616
k7k9k1_d455_color_20260920_163223_648303_frame_000010_src_000065_000002167ms_int3.jpg,k7k9k1_d455_color_20260920_163223_648303.mp4,65,3,616
k7k9k1_d455_color_20260920_163223_648303_frame_000011_src_000068_000002267ms_int7.jpg,k7k9k1_d455_color_20260920_163223_648303.mp4,68,7,616
k7k9k1_d455_color_20260920_163223_648303_frame_000012_src_000075_000002500ms_int8.jpg,k7k9k1_d455_color_20260920_163223_648303.mp4,75,8,616
k7k9k1_d455_color_20260920_163223_648303_frame_000013_src_000083_000002767ms_int3.jpg,k7k9k1_d455_color_20260920_163223_648303.mp4,83,3,616
k7k9k1_d455_color_20260920_163223_648303_frame_000014_src_000086_000002867ms_int10.jpg,k7k9k1_d455_color_20260920_163223_648303.mp4,86,10,616
k7k9k1_d455_color_20260920_163223_648303_frame_000015_src_000096_000003200ms_int7.jpg,k7k9k1_d455_color_20260920_163223_648303.mp4,96,7,616
k7k9k1_d455_color_20260920_163223_648303_frame_000016_src_000103_000003433ms_int10.jpg,k7k9k1_d455_color_20260920_163223_648303.mp4,103,10,616
k7k9k1_d455_color_20260920_163223_648303_frame_000017_src_000113_000003767ms_int5.jpg,k7k9k1_d455_color_20260920_163223_648303.mp4,113,5,616
k7k9k1_d455_color_20260920_163223_648303_frame_000018_src_000118_000003933ms_int10.jpg,k7k9k1_d455_color_20260920_163223_648303.mp4,118,10,616
k7k9k1_d455_color_20260920_163223_648303_frame_000019_src_000128_000004267ms_int3.jpg,k7k9k1_d455_color_20260920_163223_648303.mp4,128,3,616
k7k9k1_d455_color_20260920_163223_648303_frame_000020_src_000131_000004367ms_int7.jpg,k7k9k1_d455_color_20260920_163223_648303.mp4,131,7,616
k7k9k1_d455_color_20260920_163223_648303_frame_000021_src_000138_000004600ms_int8.jpg,k7k9k1_d455_color_20260920_163223_648303.mp4,138,8,616
k7k9k1_d455_color_20260920_163223_648303_frame_000022_src_000146_000004867ms_int7.jpg,k7k9k1_d455_color_20260920_163223_648303.mp4,146,7,616
k7k9k1_d455_color_20260920_163223_648303_frame_000023_src_000153_000005100ms_int7.jpg,k7k9k1_d455_color_20260920_163223_648303.mp4,153,7,616
k7k9k1_d455_color_20260920_163223_648303_frame_000024_src_000160_000005333ms_int3.jpg,k7k9k1_d455_color_20260920_163223_648303.mp4,160,3,616
k7k9k1_d455_color_20260920_163223_648303_frame_000025_src_000163_000005433ms_int3.jpg,k7k9k1_d455_color_20260920_163223_648303.mp4,163,3,616
k7k9k1_d455_color_20260920_163223_648303_frame_000026_src_000166_000005533ms_int8.jpg,k7k9k1_d455_color_20260920_163223_648303.mp4,166,8,616
k7k9k1_d455_color_20260920_163223_648303_frame_000027_src_000174_000005800ms_int5.jpg,k7k9k1_d455_color_20260920_163223_648303.mp4,174,5,616
k7k9k1_d455_color_20260920_163223_648303_frame_000028_src_000179_000005967ms_int8.jpg,k7k9k1_d455_color_20260920_163223_648303.mp4,179,8,616
k7k9k1_d455_color_20260920_163223_648303_frame_000029_src_000187_000006233ms_int5.jpg,k7k9k1_d455_color_20260920_163223_648303.mp4,187,5,616
k7k9k1_d455_color_20260920_163223_648303_frame_000030_src_000192_000006400ms_int5.jpg,k7k9k1_d455_color_20260920_163223_648303.mp4,192,5,616
k7k9k1_d455_color_20260920_163223_648303_frame_000031_src_000197_000006567ms_int10.jpg,k7k9k1_d455_color_20260920_163223_648303.mp4,197,10,616
k7k9k1_d455_color_20260920_163223_648303_frame_000032_src_000207_000006900ms_int3.jpg,k7k9k1_d455_color_20260920_163223_648303.mp4,207,3,616
k7k9k1_d455_color_20260920_163223_648303_frame_000033_src_000210_000007000ms_int5.jpg,k7k9k1_d455_color_20260920_163223_648303.mp4,210,5,616
k7k9k1_d455_color_20260920_163223_648303_frame_000034_src_000215_000007167ms_int5.jpg,k7k9k1_d455_color_20260920_163223_648303.mp4,215,5,616
k7k9k1_d455_color_20260920_163223_648303_frame_000035_src_000220_000007333ms_int10.jpg,k7k9k1_d455_color_20260920_163223_648303.mp4,220,10,616
k7k9k1_d455_color_20260920_163223_648303_frame_000036_src_000230_000007667ms_int8.jpg,k7k9k1_d455_color_20260920_163223_648303.mp4,230,8,616
k7k9k1_d455_color_20260920_163223_648303_frame_000037_src_000238_000007933ms_int7.jpg,k7k9k1_d455_color_20260920_163223_648303.mp4,238,7,616
k7k9k1_d455_color_20260920_163223_648303_frame_000038_src_000245_000008167ms_int10.jpg,k7k9k1_d455_color_20260920_163223_648303.mp4,245,10,616
k7k9k1_d455_color_20260920_163223_648303_frame_000039_src_000255_000008500ms_int5.jpg,k7k9k1_d455_color_20260920_163223_648303.mp4,255,5,616
k7k9k1_d455_color_20260920_163223_648303_frame_000040_src_000260_000008667ms_int7.jpg,k7k9k1_d455_color_20260920_163223_648303.mp4,260,7,616
k7k9k1_d455_color_20260920_163223_648303_frame_000041_src_000267_000008900ms_int3.jpg,k7k9k1_d455_color_20260920_163223_648303.mp4,267,3,616
k7k9k1_d455_color_20260920_163223_648303_frame_000042_src_000270_000009000ms_int8.jpg,k7k9k1_d455_color_20260920_163223_648303.mp4,270,8,616
k7k9k1_d455_color_20260920_163223_648303_frame_000043_src_000278_000009267ms_int3.jpg,k7k9k1_d455_color_20260920_163223_648303.mp4,278,3,616
k7k9k1_d455_color_20260920_163223_648303_frame_000044_src_000281_000009367ms_int10.jpg,k7k9k1_d455_color_20260920_163223_648303.mp4,281,10,616
k7k9k1_d455_color_20260920_163223_648303_frame_000045_src_000291_000009700ms_int3.jpg,k7k9k1_d455_color_20260920_163223_648303.mp4,291,3,616
k7k9k1_d455_color_20260920_163223_648303_frame_000046_src_000294_000009800ms_int3.jpg,k7k9k1_d455_color_20260920_163223_648303.mp4,294,3,616
k7k9k1_d455_color_20260920_163223_648303_frame_000047_src_000297_000009900ms_int10.jpg,k7k9k1_d455_color_20260920_163223_648303.mp4,297,10,616
k7k9k1_d455_color_20260920_163223_648303_frame_000048_src_000307_000010233ms_int7.jpg,k7k9k1_d455_color_20260920_163223_648303.mp4,307,7,616
k7k9k1_d455_color_20260920_163223_648303_frame_000049_src_000314_000010467ms_int5.jpg,k7k9k1_d455_color_20260920_163223_648303.mp4,314,5,616
k7k9k1_d455_color_20260920_163223_648303_frame_000050_src_000319_000010633ms_int7.jpg,k7k9k1_d455_color_20260920_163223_648303.mp4,319,7,616
k7k9k1_d455_color_20260920_163223_648303_frame_000051_src_000326_000010867ms_int7.jpg,k7k9k1_d455_color_20260920_163223_648303.mp4,326,7,616
k7k9k1_d455_color_20260920_163223_648303_frame_000052_src_000333_000011100ms_int3.jpg,k7k9k1_d455_color_20260920_163223_648303.mp4,333,3,616
k7k9k1_d455_color_20260920_163223_648303_frame_000053_src_000336_000011200ms_int10.jpg,k7k9k1_d455_color_20260920_163223_648303.mp4,336,10,616
k7k9k1_d455_color_20260920_163223_648303_frame_000054_src_000346_000011533ms_int10.jpg,k7k9k1_d455_color_20260920_163223_648303.mp4,346,10,616
k7k9k1_d455_color_20260920_163223_648303_frame_000055_src_000356_000011867ms_int10.jpg,k7k9k1_d455_color_20260920_163223_648303.mp4,356,10,616
k7k9k1_d455_color_20260920_163223_648303_frame_000056_src_000366_000012200ms_int8.jpg,k7k9k1_d455_color_20260920_163223_648303.mp4,366,8,616
k7k9k1_d455_color_20260920_163223_648303_frame_000057_src_000374_000012467ms_int3.jpg,k7k9k1_d455_color_20260920_163223_648303.mp4,374,3,616
k7k9k1_d455_color_20260920_163223_648303_frame_000058_src_000377_000012567ms_int7.jpg,k7k9k1_d455_color_20260920_163223_648303.mp4,377,7,616
k7k9k1_d455_color_20260920_163223_648303_frame_000059_src_000384_000012800ms_int3.jpg,k7k9k1_d455_color_20260920_163223_648303.mp4,384,3,616
k7k9k1_d455_color_20260920_163223_648303_frame_000060_src_000387_000012900ms_int10.jpg,k7k9k1_d455_color_20260920_163223_648303.mp4,387,10,616
k7k9k1_d455_color_20260920_163223_648303_frame_000061_src_000397_000013233ms_int8.jpg,k7k9k1_d455_color_20260920_163223_648303.mp4,397,8,616
k7k9k1_d455_color_20260920_163223_648303_frame_000062_src_000405_000013500ms_int5.jpg,k7k9k1_d455_color_20260920_163223_648303.mp4,405,5,616
k7k9k1_d455_color_20260920_163223_648303_frame_000063_src_000410_000013667ms_int3.jpg,k7k9k1_d455_color_20260920_163223_648303.mp4,410,3,616
k7k9k1_d455_color_20260920_163223_648303_frame_000064_src_000413_000013767ms_int3.jpg,k7k9k1_d455_color_20260920_163223_648303.mp4,413,3,616
k7k9k1_d455_color_20260920_163223_648303_frame_000065_src_000416_000013867ms_int7.jpg,k7k9k1_d455_color_20260920_163223_648303.mp4,416,7,616
k7k9k1_d455_color_20260920_163223_648303_frame_000066_src_000423_000014100ms_int3.jpg,k7k9k1_d455_color_20260920_163223_648303.mp4,423,3,616
k7k9k1_d455_color_20260920_163223_648303_frame_000067_src_000426_000014200ms_int10.jpg,k7k9k1_d455_color_20260920_163223_648303.mp4,426,10,616
k7k9k1_d455_color_20260920_163223_648303_frame_000068_src_000436_000014533ms_int3.jpg,k7k9k1_d455_color_20260920_163223_648303.mp4,436,3,616
k7k9k1_d455_color_20260920_163223_648303_frame_000069_src_000439_000014633ms_int8.jpg,k7k9k1_d455_color_20260920_163223_648303.mp4,439,8,616
k7k9k1_d455_color_20260920_163223_648303_frame_000070_src_000447_000014900ms_int7.jpg,k7k9k1_d455_color_20260920_163223_648303.mp4,447,7,616
k7k9k1_d455_color_20260920_163223_648303_frame_000071_src_000454_000015133ms_int5.jpg,k7k9k1_d455_color_20260920_163223_648303.mp4,454,5,616
k7k9k1_d455_color_20260920_163223_648303_frame_000072_src_000459_000015300ms_int7.jpg,k7k9k1_d455_color_20260920_163223_648303.mp4,459,7,616
k7k9k1_d455_color_20260920_163223_648303_frame_000073_src_000466_000015533ms_int7.jpg,k7k9k1_d455_color_20260920_163223_648303.mp4,466,7,616
k7k9k1_d455_color_20260920_163223_648303_frame_000074_src_000473_000015767ms_int10.jpg,k7k9k1_d455_color_20260920_163223_648303.mp4,473,10,616
k7k9k1_d455_color_20260920_163223_648303_frame_000075_src_000483_000016100ms_int3.jpg,k7k9k1_d455_color_20260920_163223_648303.mp4,483,3,616
k7k9k1_d455_color_20260920_163223_648303_frame_000076_src_000486_000016200ms_int3.jpg,k7k9k1_d455_color_20260920_163223_648303.mp4,486,3,616
k7k9k1_d455_color_20260920_163223_648303_frame_000077_src_000489_000016300ms_int8.jpg,k7k9k1_d455_color_20260920_163223_648303.mp4,489,8,616
k7k9k1_d455_color_20260920_163223_648303_frame_000078_src_000497_000016567ms_int10.jpg,k7k9k1_d455_color_20260920_163223_648303.mp4,497,10,616
k7k9k1_d455_color_20260920_163223_648303_frame_000079_src_000507_000016900ms_int5.jpg,k7k9k1_d455_color_20260920_163223_648303.mp4,507,5,616
k7k9k1_d455_color_20260920_163223_648303_frame_000080_src_000512_000017067ms_int8.jpg,k7k9k1_d455_color_20260920_163223_648303.mp4,512,8,616
k7k9k1_d455_color_20260920_163223_648303_frame_000081_src_000520_000017333ms_int5.jpg,k7k9k1_d455_color_20260920_163223_648303.mp4,520,5,616
k7k9k1_d455_color_20260920_163223_648303_frame_000082_src_000525_000017500ms_int8.jpg,k7k9k1_d455_color_20260920_163223_648303.mp4,525,8,616
k7k9k1_d455_color_20260920_163223_648303_frame_000083_src_000533_000017767ms_int8.jpg,k7k9k1_d455_color_20260920_163223_648303.mp4,533,8,616
k7k9k1_d455_color_20260920_163223_648303_frame_000084_src_000541_000018033ms_int7.jpg,k7k9k1_d455_color_20260920_163223_648303.mp4,541,7,616
k7k9k1_d455_color_20260920_163223_648303_frame_000085_src_000548_000018267ms_int8.jpg,k7k9k1_d455_color_20260920_163223_648303.mp4,548,8,616
k7k9k1_d455_color_20260920_163223_648303_frame_000086_src_000556_000018533ms_int3.jpg,k7k9k1_d455_color_20260920_163223_648303.mp4,556,3,616
k7k9k1_d455_color_20260920_163223_648303_frame_000087_src_000559_000018633ms_int3.jpg,k7k9k1_d455_color_20260920_163223_648303.mp4,559,3,616
k7k9k1_d455_color_20260920_163223_648303_frame_000088_src_000562_000018733ms_int10.jpg,k7k9k1_d455_color_20260920_163223_648303.mp4,562,10,616
k7k9k1_d455_color_20260920_163223_648303_frame_000089_src_000572_000019067ms_int5.jpg,k7k9k1_d455_color_20260920_163223_648303.mp4,572,5,616
k7k9k1_d455_color_20260920_163223_648303_frame_000090_src_000577_000019233ms_int10.jpg,k7k9k1_d455_color_20260920_163223_648303.mp4,577,10,616
k7k9k1_d455_color_20260920_163223_648303_frame_000091_src_000587_000019567ms_int8.jpg,k7k9k1_d455_color_20260920_163223_648303.mp4,587,8,616
k7k9k1_d455_color_20260920_163223_648303_frame_000092_src_000595_000019833ms_int5.jpg,k7k9k1_d455_color_20260920_163223_648303.mp4,595,5,616
k7k9k1_d455_color_20260920_163223_648303_frame_000093_src_000600_000020000ms_int5.jpg,k7k9k1_d455_color_20260920_163223_648303.mp4,600,5,616
k7k9k1_d455_color_20260920_163223_648303_frame_000094_src_000605_000020167ms_int8.jpg,k7k9k1_d455_color_20260920_163223_648303.mp4,605,8,616
k7k9k1_d455_color_20260920_163223_648303_frame_000095_src_000613_000020433ms_int10.jpg,k7k9k1_d455_color_20260920_163223_648303.mp4,613,10,616
k7k9k1_d455_color_20260920_163251_447411_frame_000000_src_000000_000000000ms_int3.jpg,k7k9k1_d455_color_20260920_163251_447411.mp4,0,3,309
k7k9k1_d455_color_20260920_163251_447411_frame_000001_src_000003_000000100ms_int8.jpg,k7k9k1_d455_color_20260920_163251_447411.mp4,3,8,309
k7k9k1_d455_color_20260920_163251_447411_frame_000002_src_000011_000000367ms_int8.jpg,k7k9k1_d455_color_20260920_163251_447411.mp4,11,8,309
k7k9k1_d455_color_20260920_163251_447411_frame_000003_src_000019_000000633ms_int7.jpg,k7k9k1_d455_color_20260920_163251_447411.mp4,19,7,309
k7k9k1_d455_color_20260920_163251_447411_frame_000004_src_000026_000000867ms_int10.jpg,k7k9k1_d455_color_20260920_163251_447411.mp4,26,10,309
k7k9k1_d455_color_20260920_163251_447411_frame_000005_src_000036_000001200ms_int7.jpg,k7k9k1_d455_color_20260920_163251_447411.mp4,36,7,309
k7k9k1_d455_color_20260920_163251_447411_frame_000006_src_000043_000001433ms_int3.jpg,k7k9k1_d455_color_20260920_163251_447411.mp4,43,3,309
k7k9k1_d455_color_20260920_163251_447411_frame_000007_src_000046_000001533ms_int7.jpg,k7k9k1_d455_color_20260920_163251_447411.mp4,46,7,309
k7k9k1_d455_color_20260920_163251_447411_frame_000008_src_000053_000001767ms_int8.jpg,k7k9k1_d455_color_20260920_163251_447411.mp4,53,8,309
k7k9k1_d455_color_20260920_163251_447411_frame_000009_src_000061_000002033ms_int5.jpg,k7k9k1_d455_color_20260920_163251_447411.mp4,61,5,309
k7k9k1_d455_color_20260920_163251_447411_frame_000010_src_000066_000002200ms_int10.jpg,k7k9k1_d455_color_20260920_163251_447411.mp4,66,10,309
k7k9k1_d455_color_20260920_163251_447411_frame_000011_src_000076_000002533ms_int5.jpg,k7k9k1_d455_color_20260920_163251_447411.mp4,76,5,309
k7k9k1_d455_color_20260920_163251_447411_frame_000012_src_000081_000002700ms_int10.jpg,k7k9k1_d455_color_20260920_163251_447411.mp4,81,10,309
k7k9k1_d455_color_20260920_163251_447411_frame_000013_src_000091_000003033ms_int10.jpg,k7k9k1_d455_color_20260920_163251_447411.mp4,91,10,309
k7k9k1_d455_color_20260920_163251_447411_frame_000014_src_000101_000003367ms_int8.jpg,k7k9k1_d455_color_20260920_163251_447411.mp4,101,8,309
k7k9k1_d455_color_20260920_163251_447411_frame_000015_src_000109_000003633ms_int5.jpg,k7k9k1_d455_color_20260920_163251_447411.mp4,109,5,309
k7k9k1_d455_color_20260920_163251_447411_frame_000016_src_000114_000003800ms_int5.jpg,k7k9k1_d455_color_20260920_163251_447411.mp4,114,5,309
k7k9k1_d455_color_20260920_163251_447411_frame_000017_src_000119_000003967ms_int5.jpg,k7k9k1_d455_color_20260920_163251_447411.mp4,119,5,309
k7k9k1_d455_color_20260920_163251_447411_frame_000018_src_000124_000004133ms_int7.jpg,k7k9k1_d455_color_20260920_163251_447411.mp4,124,7,309
k7k9k1_d455_color_20260920_163251_447411_frame_000019_src_000131_000004367ms_int10.jpg,k7k9k1_d455_color_20260920_163251_447411.mp4,131,10,309
k7k9k1_d455_color_20260920_163251_447411_frame_000020_src_000141_000004700ms_int7.jpg,k7k9k1_d455_color_20260920_163251_447411.mp4,141,7,309
k7k9k1_d455_color_20260920_163251_447411_frame_000021_src_000148_000004933ms_int7.jpg,k7k9k1_d455_color_20260920_163251_447411.mp4,148,7,309
k7k9k1_d455_color_20260920_163251_447411_frame_000022_src_000155_000005167ms_int5.jpg,k7k9k1_d455_color_20260920_163251_447411.mp4,155,5,309
k7k9k1_d455_color_20260920_163251_447411_frame_000023_src_000160_000005333ms_int7.jpg,k7k9k1_d455_color_20260920_163251_447411.mp4,160,7,309
k7k9k1_d455_color_20260920_163251_447411_frame_000024_src_000167_000005567ms_int7.jpg,k7k9k1_d455_color_20260920_163251_447411.mp4,167,7,309
k7k9k1_d455_color_20260920_163251_447411_frame_000025_src_000174_000005800ms_int8.jpg,k7k9k1_d455_color_20260920_163251_447411.mp4,174,8,309
k7k9k1_d455_color_20260920_163251_447411_frame_000026_src_000182_000006067ms_int10.jpg,k7k9k1_d455_color_20260920_163251_447411.mp4,182,10,309
k7k9k1_d455_color_20260920_163251_447411_frame_000027_src_000192_000006400ms_int8.jpg,k7k9k1_d455_color_20260920_163251_447411.mp4,192,8,309
k7k9k1_d455_color_20260920_163251_447411_frame_000028_src_000200_000006667ms_int8.jpg,k7k9k1_d455_color_20260920_163251_447411.mp4,200,8,309
k7k9k1_d455_color_20260920_163251_447411_frame_000029_src_000208_000006933ms_int5.jpg,k7k9k1_d455_color_20260920_163251_447411.mp4,208,5,309
k7k9k1_d455_color_20260920_163251_447411_frame_000030_src_000213_000007100ms_int8.jpg,k7k9k1_d455_color_20260920_163251_447411.mp4,213,8,309
k7k9k1_d455_color_20260920_163251_447411_frame_000031_src_000221_000007367ms_int7.jpg,k7k9k1_d455_color_20260920_163251_447411.mp4,221,7,309
k7k9k1_d455_color_20260920_163251_447411_frame_000032_src_000228_000007600ms_int5.jpg,k7k9k1_d455_color_20260920_163251_447411.mp4,228,5,309
k7k9k1_d455_color_20260920_163251_447411_frame_000033_src_000233_000007767ms_int3.jpg,k7k9k1_d455_color_20260920_163251_447411.mp4,233,3,309
k7k9k1_d455_color_20260920_163251_447411_frame_000034_src_000236_000007867ms_int10.jpg,k7k9k1_d455_color_20260920_163251_447411.mp4,236,10,309
k7k9k1_d455_color_20260920_163251_447411_frame_000035_src_000246_000008200ms_int7.jpg,k7k9k1_d455_color_20260920_163251_447411.mp4,246,7,309
k7k9k1_d455_color_20260920_163251_447411_frame_000036_src_000253_000008433ms_int7.jpg,k7k9k1_d455_color_20260920_163251_447411.mp4,253,7,309
k7k9k1_d455_color_20260920_163251_447411_frame_000037_src_000260_000008667ms_int5.jpg,k7k9k1_d455_color_20260920_163251_447411.mp4,260,5,309
k7k9k1_d455_color_20260920_163251_447411_frame_000038_src_000265_000008833ms_int8.jpg,k7k9k1_d455_color_20260920_163251_447411.mp4,265,8,309
k7k9k1_d455_color_20260920_163251_447411_frame_000039_src_000273_000009100ms_int7.jpg,k7k9k1_d455_color_20260920_163251_447411.mp4,273,7,309
k7k9k1_d455_color_20260920_163251_447411_frame_000040_src_000280_000009333ms_int8.jpg,k7k9k1_d455_color_20260920_163251_447411.mp4,280,8,309
k7k9k1_d455_color_20260920_163251_447411_frame_000041_src_000288_000009600ms_int7.jpg,k7k9k1_d455_color_20260920_163251_447411.mp4,288,7,309
k7k9k1_d455_color_20260920_163251_447411_frame_000042_src_000295_000009833ms_int3.jpg,k7k9k1_d455_color_20260920_163251_447411.mp4,295,3,309
k7k9k1_d455_color_20260920_163251_447411_frame_000043_src_000298_000009933ms_int7.jpg,k7k9k1_d455_color_20260920_163251_447411.mp4,298,7,309
k7k9k1_d455_color_20260920_163251_447411_frame_000044_src_000305_000010167ms_int7.jpg,k7k9k1_d455_color_20260920_163251_447411.mp4,305,7,309
k7k9k1_d455_color_20260920_163308_737161_frame_000000_src_000002_000000067ms_int8.jpg,k7k9k1_d455_color_20260920_163308_737161.mp4,2,8,356
k7k9k1_d455_color_20260920_163308_737161_frame_000001_src_000010_000000333ms_int7.jpg,k7k9k1_d455_color_20260920_163308_737161.mp4,10,7,356
k7k9k1_d455_color_20260920_163308_737161_frame_000002_src_000017_000000567ms_int7.jpg,k7k9k1_d455_color_20260920_163308_737161.mp4,17,7,356
k7k9k1_d455_color_20260920_163308_737161_frame_000003_src_000024_000000800ms_int10.jpg,k7k9k1_d455_color_20260920_163308_737161.mp4,24,10,356
k7k9k1_d455_color_20260920_163308_737161_frame_000004_src_000034_000001133ms_int5.jpg,k7k9k1_d455_color_20260920_163308_737161.mp4,34,5,356
k7k9k1_d455_color_20260920_163308_737161_frame_000005_src_000039_000001300ms_int7.jpg,k7k9k1_d455_color_20260920_163308_737161.mp4,39,7,356
k7k9k1_d455_color_20260920_163308_737161_frame_000006_src_000046_000001533ms_int10.jpg,k7k9k1_d455_color_20260920_163308_737161.mp4,46,10,356
k7k9k1_d455_color_20260920_163308_737161_frame_000007_src_000056_000001867ms_int8.jpg,k7k9k1_d455_color_20260920_163308_737161.mp4,56,8,356
k7k9k1_d455_color_20260920_163308_737161_frame_000008_src_000064_000002133ms_int10.jpg,k7k9k1_d455_color_20260920_163308_737161.mp4,64,10,356
k7k9k1_d455_color_20260920_163308_737161_frame_000009_src_000074_000002467ms_int5.jpg,k7k9k1_d455_color_20260920_163308_737161.mp4,74,5,356
k7k9k1_d455_color_20260920_163308_737161_frame_000010_src_000079_000002633ms_int5.jpg,k7k9k1_d455_color_20260920_163308_737161.mp4,79,5,356
k7k9k1_d455_color_20260920_163308_737161_frame_000011_src_000084_000002800ms_int10.jpg,k7k9k1_d455_color_20260920_163308_737161.mp4,84,10,356
k7k9k1_d455_color_20260920_163308_737161_frame_000012_src_000094_000003133ms_int7.jpg,k7k9k1_d455_color_20260920_163308_737161.mp4,94,7,356
k7k9k1_d455_color_20260920_163308_737161_frame_000013_src_000101_000003367ms_int10.jpg,k7k9k1_d455_color_20260920_163308_737161.mp4,101,10,356
k7k9k1_d455_color_20260920_163308_737161_frame_000014_src_000111_000003700ms_int3.jpg,k7k9k1_d455_color_20260920_163308_737161.mp4,111,3,356
k7k9k1_d455_color_20260920_163308_737161_frame_000015_src_000114_000003800ms_int7.jpg,k7k9k1_d455_color_20260920_163308_737161.mp4,114,7,356
k7k9k1_d455_color_20260920_163308_737161_frame_000016_src_000121_000004033ms_int3.jpg,k7k9k1_d455_color_20260920_163308_737161.mp4,121,3,356
k7k9k1_d455_color_20260920_163308_737161_frame_000017_src_000124_000004133ms_int3.jpg,k7k9k1_d455_color_20260920_163308_737161.mp4,124,3,356
k7k9k1_d455_color_20260920_163308_737161_frame_000018_src_000127_000004233ms_int3.jpg,k7k9k1_d455_color_20260920_163308_737161.mp4,127,3,356
k7k9k1_d455_color_20260920_163308_737161_frame_000019_src_000130_000004333ms_int5.jpg,k7k9k1_d455_color_20260920_163308_737161.mp4,130,5,356
k7k9k1_d455_color_20260920_163308_737161_frame_000020_src_000135_000004500ms_int7.jpg,k7k9k1_d455_color_20260920_163308_737161.mp4,135,7,356
k7k9k1_d455_color_20260920_163308_737161_frame_000021_src_000142_000004733ms_int3.jpg,k7k9k1_d455_color_20260920_163308_737161.mp4,142,3,356
k7k9k1_d455_color_20260920_163308_737161_frame_000022_src_000145_000004833ms_int3.jpg,k7k9k1_d455_color_20260920_163308_737161.mp4,145,3,356
k7k9k1_d455_color_20260920_163308_737161_frame_000023_src_000148_000004933ms_int5.jpg,k7k9k1_d455_color_20260920_163308_737161.mp4,148,5,356
k7k9k1_d455_color_20260920_163308_737161_frame_000024_src_000153_000005100ms_int7.jpg,k7k9k1_d455_color_20260920_163308_737161.mp4,153,7,356
k7k9k1_d455_color_20260920_163308_737161_frame_000025_src_000160_000005333ms_int8.jpg,k7k9k1_d455_color_20260920_163308_737161.mp4,160,8,356
k7k9k1_d455_color_20260920_163308_737161_frame_000026_src_000168_000005600ms_int5.jpg,k7k9k1_d455_color_20260920_163308_737161.mp4,168,5,356
k7k9k1_d455_color_20260920_163308_737161_frame_000027_src_000173_000005767ms_int5.jpg,k7k9k1_d455_color_20260920_163308_737161.mp4,173,5,356
k7k9k1_d455_color_20260920_163308_737161_frame_000028_src_000178_000005933ms_int3.jpg,k7k9k1_d455_color_20260920_163308_737161.mp4,178,3,356
k7k9k1_d455_color_20260920_163308_737161_frame_000029_src_000181_000006033ms_int10.jpg,k7k9k1_d455_color_20260920_163308_737161.mp4,181,10,356
k7k9k1_d455_color_20260920_163308_737161_frame_000030_src_000191_000006367ms_int5.jpg,k7k9k1_d455_color_20260920_163308_737161.mp4,191,5,356
k7k9k1_d455_color_20260920_163308_737161_frame_000031_src_000196_000006533ms_int8.jpg,k7k9k1_d455_color_20260920_163308_737161.mp4,196,8,356
k7k9k1_d455_color_20260920_163308_737161_frame_000032_src_000204_000006800ms_int8.jpg,k7k9k1_d455_color_20260920_163308_737161.mp4,204,8,356
k7k9k1_d455_color_20260920_163308_737161_frame_000033_src_000212_000007067ms_int8.jpg,k7k9k1_d455_color_20260920_163308_737161.mp4,212,8,356
k7k9k1_d455_color_20260920_163308_737161_frame_000034_src_000220_000007333ms_int5.jpg,k7k9k1_d455_color_20260920_163308_737161.mp4,220,5,356
k7k9k1_d455_color_20260920_163308_737161_frame_000035_src_000225_000007500ms_int3.jpg,k7k9k1_d455_color_20260920_163308_737161.mp4,225,3,356
k7k9k1_d455_color_20260920_163308_737161_frame_000036_src_000228_000007600ms_int8.jpg,k7k9k1_d455_color_20260920_163308_737161.mp4,228,8,356
k7k9k1_d455_color_20260920_163308_737161_frame_000037_src_000236_000007867ms_int5.jpg,k7k9k1_d455_color_20260920_163308_737161.mp4,236,5,356
k7k9k1_d455_color_20260920_163308_737161_frame_000038_src_000241_000008033ms_int10.jpg,k7k9k1_d455_color_20260920_163308_737161.mp4,241,10,356
k7k9k1_d455_color_20260920_163308_737161_frame_000039_src_000251_000008367ms_int7.jpg,k7k9k1_d455_color_20260920_163308_737161.mp4,251,7,356
k7k9k1_d455_color_20260920_163308_737161_frame_000040_src_000258_000008600ms_int7.jpg,k7k9k1_d455_color_20260920_163308_737161.mp4,258,7,356
k7k9k1_d455_color_20260920_163308_737161_frame_000041_src_000265_000008833ms_int8.jpg,k7k9k1_d455_color_20260920_163308_737161.mp4,265,8,356
k7k9k1_d455_color_20260920_163308_737161_frame_000042_src_000273_000009100ms_int3.jpg,k7k9k1_d455_color_20260920_163308_737161.mp4,273,3,356
k7k9k1_d455_color_20260920_163308_737161_frame_000043_src_000276_000009200ms_int5.jpg,k7k9k1_d455_color_20260920_163308_737161.mp4,276,5,356
k7k9k1_d455_color_20260920_163308_737161_frame_000044_src_000281_000009367ms_int7.jpg,k7k9k1_d455_color_20260920_163308_737161.mp4,281,7,356
k7k9k1_d455_color_20260920_163308_737161_frame_000045_src_000288_000009600ms_int7.jpg,k7k9k1_d455_color_20260920_163308_737161.mp4,288,7,356
k7k9k1_d455_color_20260920_163308_737161_frame_000046_src_000295_000009833ms_int10.jpg,k7k9k1_d455_color_20260920_163308_737161.mp4,295,10,356
k7k9k1_d455_color_20260920_163308_737161_frame_000047_src_000305_000010167ms_int7.jpg,k7k9k1_d455_color_20260920_163308_737161.mp4,305,7,356
k7k9k1_d455_color_20260920_163308_737161_frame_000048_src_000312_000010400ms_int10.jpg,k7k9k1_d455_color_20260920_163308_737161.mp4,312,10,356
k7k9k1_d455_color_20260920_163308_737161_frame_000049_src_000322_000010733ms_int5.jpg,k7k9k1_d455_color_20260920_163308_737161.mp4,322,5,356
k7k9k1_d455_color_20260920_163308_737161_frame_000050_src_000327_000010900ms_int7.jpg,k7k9k1_d455_color_20260920_163308_737161.mp4,327,7,356
k7k9k1_d455_color_20260920_163308_737161_frame_000051_src_000334_000011133ms_int8.jpg,k7k9k1_d455_color_20260920_163308_737161.mp4,334,8,356
k7k9k1_d455_color_20260920_163308_737161_frame_000052_src_000342_000011400ms_int8.jpg,k7k9k1_d455_color_20260920_163308_737161.mp4,342,8,356
k7k9k1_d455_color_20260920_163308_737161_frame_000053_src_000350_000011667ms_int8.jpg,k7k9k1_d455_color_20260920_163308_737161.mp4,350,8,356
